!@#$%^&*()
!qaz1qaz
!qaz2wsx
!qazxsw2
!turbine1
$hex[636f6e7472617365c3b161]
(password)
********
*********
**********
*6cacbc497780934a0ae84ab363426
*nosave*
*password*
-deleted-
........
..........
.adgjmpt
.adgjmptw
0.123456
0.123456789
0000-00-00
00000000
000000000
0000000000
00000000000
000000000000
000000000000000
0000000000000000
00000000001
0000000000a
0000000000o
0000000001
000000001
000000009
00000000a
00000001
00000007
00000008
0000000a
000000aa
0000011111
00001111
00001234
00007777
00009999
0000aaaa
0000oooo
0001-01-01
00010001
000111222
00070007
000999888
000webhost
000webhost.com
001001001
001002003
00110011
00112233
0011223344
00114477
00120012
00123456
00123456789
002001ab
00220022
00225588
00245111
007007007
007008009
00770077
007james
007jamesbond
008hotboy
00990099
00998877
009d9cc2
01010101
0101010101
01010202
01011960
01011965
01011966
01011967
01011968
01011969
01011970
01011971
01011972
01011973
01011974
01011975
01011976
01011977
01011978
01011979
01011980
01011981
01011982
01011983
01011984
01011985
01011986
01011987
01011988
01011989
01011990
01011991
01011992
01011993
01011994
01011995
01011996
01011997
01011998
01011999
01012000
01012001
01012002
01012003
01012004
01012005
01012006
01012007
01012008
01012009
01012010
01012011
01020102
01020300
010203010203
01020304
0102030405
010203040506
010203040506070809
010203123
010203aa
01021973
01021976
01021977
01021978
01021979
01021980
01021981
01021982
01021983
01021984
01021985
01021986
01021987
01021988
01021989
01021990
01021991
01021992
01021993
01021994
01021995
01021996
01021997
01021998
01030103
01031973
01031975
01031976
01031977
01031978
01031980
01031981
01031982
01031983
01031984
01031985
01031986
01031987
01031988
01031989
01031990
01031991
01031992
01031993
01031994
01031995
01031996
01031997
01040104
01041977
01041978
01041979
01041980
01041981
01041982
01041983
01041984
01041985
01041986
01041987
01041988
01041989
01041990
01041991
01041992
01041993
01041994
01041995
01041996
01041997
01041998
01042000
01050105
01051976
01051978
01051979
01051980
01051981
01051982
01051983
01051984
01051985
01051986
01051987
01051988
01051989
01051990
01051991
01051992
01051993
01051994
01051995
01051996
01061978
01061979
01061980
01061981
01061982
01061983
01061984
01061985
01061986
01061987
01061988
01061989
01061990
01061991
01061992
01061993
01061994
01061995
01061996
01070107
01071977
01071979
01071980
01071981
01071982
01071983
01071984
01071985
01071986
01071987
01071988
01071989
01071990
01071991
01071992
01071993
01071994
01071995
01071996
01071997
01080108
01081977
01081978
01081979
01081980
01081981
01081982
01081983
01081984
01081985
01081986
01081987
01081988
01081988m
01081989
01081990
01081991
01081992
01081993
01081994
01081995
01081996
01081997
01091977
01091978
01091979
01091980
01091981
01091982
01091983
01091984
01091985
01091986
01091987
01091988
01091989
01091990
01091991
01091992
01091993
01091994
01091995
01091996
01091997
01092000
01092006
01092007
01100110
01101978
01101979
01101980
01101981
01101982
01101983
01101984
01101985
01101986
01101987
01101988
01101989
01101990
01101991
01101992
01101993
01101994
01101995
01101996
01101997
01111982
01111983
01111984
01111985
01111986
01111987
01111988
01111989
01111990
01111991
01111992
01120112
01121978
01121979
01121980
01121981
01121982
01121983
01121984
01121985
01121986
01121987
01121988
01121989
01121990
01121991
01121992
01121993
01121994
01121995
011235813
01123581321
01200120
012012012
01210121
01230123
012301230123
0123123123
01233210
01234560
01234561
01234567
012345678
0123456789
01234567890
01234567891
012345678910
0123456789a
0123456789q
0123456789vuonggialong
0123456987
0123456a
0123654789
0123698745
01240124
01250125
01310131
01470147
01470258
014702580369
0147258369
01477410
01478520
0147852369
01478963
0147896325
0192837465
02010201
02011980
02011981
02011982
02011983
02011984
02011985
02011986
02011987
02011988
02011989
02011990
02011991
02011992
02011993
02011994
02011995
02011996
02011997
02020202
02021973
02021974
02021976
02021977
02021978
02021979
02021980
02021981
02021982
02021983
02021984
02021985
02021986
02021987
02021988
02021989
02021990
02021991
02021992
02021993
02021994
02021995
02021996
02021997
02021998
02022000
02022002
02030203
02031977
02031978
02031979
02031980
02031981
02031982
02031983
02031984
02031985
02031986
02031987
02031988
02031989
02031990
02031991
02031992
02031993
02031994
02031995
02031996
02031997
020332007051
02040204
02040608
02041979
02041980
02041981
02041982
02041983
02041984
02041985
02041986
02041987
02041988
02041989
02041990
02041991
02041992
02041993
02041994
02041995
02041996
02041997
02041998
02050205
02051978
02051979
02051980
02051981
02051982
02051983
02051984
02051985
02051986
02051987
02051988
02051989
02051990
02051991
02051992
02051993
02051994
02051995
02051996
02060206
02061973
02061979
02061980
02061981
02061982
02061983
02061984
02061985
02061986
02061987
02061988
02061989
02061990
02061991
02061992
02061993
02061994
02061995
02061996
02071977
02071978
02071979
02071980
02071981
02071982
02071983
02071984
02071985
02071986
02071987
02071988
02071989
02071990
02071991
02071992
02071993
02071994
02071995
02071996
02071997
02080208
02081974
02081977
02081979
02081980
02081981
02081982
02081983
02081984
02081985
02081986
02081987
02081988
02081989
02081990
02081991
02081992
02081993
02081994
02081995
02081996
02081997
02081998
02091978
02091980
02091981
02091982
02091983
02091984
02091985
02091986
02091987
02091988
02091989
02091990
02091991
02091992
02091993
02091994
02091995
02091996
02091997
02100210
02101977
02101978
02101979
02101980
02101981
02101982
02101983
02101984
02101985
02101986
02101987
02101988
02101989
02101990
02101991
02101992
02101993
02101994
02101995
02101996
02101997
02101998
02110211
02111980
02111981
02111982
02111983
02111984
02111985
02111986
02111987
02111988
02111989
02111990
02111991
02111992
02111993
02111994
02120212
02121978
02121979
02121980
02121981
02121982
02121983
02121984
02121985
02121986
02121987
02121988
02121989
02121990
02121991
02121992
02121993
02121994
02121995
02121996
02121997
02130213
02140214
02150215
02200220
02410241
0246813579
02580258
02587410
02588520
03.06.2014
03010301
03011980
03011982
03011983
03011984
03011985
03011986
03011987
03011988
03011989
03011990
03011991
03011992
03011993
03011994
03011995
03011996
03011997
03020302
03021977
03021980
03021981
03021982
03021983
03021984
03021985
03021986
03021987
03021988
03021989
03021990
03021991
03021992
03021993
03021994
03021995
03021998
03030303
03031976
03031977
03031978
03031979
03031980
03031981
03031982
03031983
03031984
03031985
03031986
03031987
03031988
03031989
03031990
03031991
03031992
03031993
03031994
03031995
03031996
03031997
03031998
03032003
03040304
03041976
03041978
03041980
03041981
03041982
03041983
03041984
03041985
03041986
03041987
03041988
03041989
03041990
03041991
03041992
03041993
03041994
03041995
03041996
03041997
0305003x
03050305
03051978
03051980
03051981
03051982
03051983
03051984
03051985
03051986
03051987
03051988
03051989
03051990
03051991
03051992
03051993
03051994
03051995
03051996
03060306
03061979
03061980
03061981
03061982
03061983
03061984
03061985
03061986
03061987
03061988
03061989
03061990
03061991
03061992
03061993
03061994
03061995
03061996
03071978
03071979
03071980
03071981
03071982
03071983
03071984
03071985
03071986
03071987
03071988
03071989
03071990
03071991
03071992
03071993
03071994
03071995
03071996
03081980
03081981
03081982
03081983
03081984
03081985
03081986
03081987
03081988
03081989
03081990
03081991
03081992
03081993
03081994
03081995
03081996
03082006
03091981
03091982
03091983
03091984
03091985
03091986
03091987
03091988
03091989
03091990
03091991
03091992
03091993
03091994
03091995
03091996
03100310
03101974
03101978
03101979
03101980
03101981
03101983
03101984
03101985
03101986
03101987
03101988
03101989
03101990
03101991
03101992
03101993
03101994
03101995
03101996
03101997
03110311
03111980
03111981
03111982
03111983
03111984
03111985
03111986
03111987
03111988
03111989
03111990
03111991
03111992
03111993
03111994
03111995
03120312
03121980
03121981
03121982
03121983
03121984
03121985
03121986
03121987
03121988
03121989
03121990
03121991
03121992
03121993
03121994
03121995
03121996
03121997
031292var
03130313
03140314
03150315
03160316
03210321
0321654987
03220322
03230323
03260326
033028pw
03310331
03690369
039k16ki
04010401
04011981
04011982
04011983
04011984
04011985
04011986
04011987
04011988
04011989
04011990
04011991
04011992
04011993
04011994
04011995
04021980
04021981
04021982
04021983
04021984
04021985
04021986
04021987
04021988
04021989
04021990
04021991
04021992
04021993
04021994
04021995
04026828
04031965
04031980
04031982
04031983
04031984
04031985
04031986
04031987
04031988
04031989
04031990
04031991
04031992
04031993
04031994
04040404
04041978
04041979
04041980
04041981
04041982
04041983
04041984
04041985
04041986
04041987
04041988
04041989
04041990
04041991
04041992
04041993
04041994
04041995
04041996
04041997
04050405
04051977
04051978
04051980
04051981
04051982
04051983
04051984
04051985
04051986
04051987
04051988
04051989
04051990
04051991
04051992
04051993
04051994
04051995
04051996
04061977
04061980
04061981
04061982
04061983
04061984
04061985
04061986
04061987
04061988
04061989
04061990
04061991
04061992
04061993
04061994
04061995
04061996
04071980
04071981
04071982
04071983
04071984
04071985
04071986
04071987
04071988
04071989
04071990
04071991
04071992
04071993
04071994
04071995
04071996
04081978
04081979
04081981
04081982
04081983
04081984
04081985
04081986
04081987
04081988
04081989
04081990
04081991
04081992
04081993
04081994
04081995
04081997
04081998
04091980
04091981
04091982
04091983
04091984
04091985
04091986
04091987
04091988
04091989
04091990
04091991
04091992
04091993
04091994
04101982
04101983
04101984
04101985
04101986
04101987
04101988
04101989
04101990
04101991
04101992
04101993
04101994
04101995
04101996
04110411
04111980
04111983
04111984
04111985
04111986
04111987
04111988
04111989
04111990
04111991
04111992
04111993
04120412
04121979
04121981
04121982
04121983
04121984
04121985
04121986
04121987
04121988
04121989
04121990
04121991
04121992
04121993
04121994
04121995
04121996
04121997
04200420
04210421
05011980
05011981
05011982
05011983
05011984
05011985
05011986
05011987
05011988
05011989
05011990
05011991
05011992
05011993
05011994
05011995
05011996
05011998
05021980
05021981
05021982
05021983
05021984
05021985
05021986
05021987
05021988
05021989
05021990
05021991
05021992
05021993
05021994
05021995
05021996
05021998
05031981
05031982
05031983
05031984
05031985
05031986
05031987
05031988
05031989
05031990
05031991
05031992
05031993
05031994
05031995
05031996
05031997
05041977
05041980
05041981
05041982
05041983
05041984
05041985
05041986
05041987
05041988
05041989
05041990
05041991
05041992
05041993
05041994
05041995
05041997
05050505
05051975
05051977
05051978
05051979
05051980
05051981
05051982
05051983
05051984
05051985
05051986
05051987
05051988
05051989
05051990
05051991
05051992
05051993
05051994
05051995
05051996
05051997
05052000
05052005
05060506
05061979
05061980
05061981
05061982
05061983
05061984
05061985
05061986
05061987
05061988
05061989
05061990
05061991
05061992
05061993
05061994
05061995
05061996
05061998
050710bn
05071980
05071981
05071982
05071983
05071984
05071985
05071986
05071987
05071988
05071989
05071990
05071991
05071992
05071993
05071994
05071995
05071996
05071997
05080508
05081980
05081981
05081982
05081983
05081984
05081985
05081986
05081987
05081988
05081989
05081990
05081991
05081992
05081993
05081994
05081995
05081996
05081998
05091978
05091979
05091980
05091981
05091982
05091983
05091984
05091985
05091986
05091987
05091988
05091989
05091990
05091991
05091992
05091993
05091994
05091995
05091996
05100510
05101981
05101982
05101983
05101984
05101985
05101986
05101987
05101988
05101989
05101990
05101991
05101992
05101993
05101994
05101995
05110511
05111980
05111981
05111982
05111983
05111984
05111985
05111986
05111987
05111988
05111989
05111990
05111991
05111992
05111993
05111994
05120512
05121979
05121980
05121981
05121982
05121983
05121984
05121985
05121986
05121987
05121988
05121989
05121990
05121991
05121992
05121993
05121994
05121995
05121996
05121997
05130513
05230523
0523213511
05250525
0544503040
06011981
06011982
06011983
06011984
06011985
06011986
06011987
06011988
06011989
06011990
06011991
06011992
06011993
06011994
06011995
060198liza
06021979
06021980
06021981
06021982
06021983
06021984
06021985
06021986
06021987
06021988
06021989
06021990
06021991
06021992
06021993
06021994
06021995
06021996
06031978
06031981
06031982
06031983
06031984
06031985
06031986
06031987
06031988
06031989
06031990
06031991
06031992
06031993
06031994
06031995
06031996
06041982
06041983
06041984
06041985
06041986
06041987
06041988
06041989
06041990
06041991
06041992
06041993
06041994
06041995
06051980
06051982
06051983
06051984
06051985
06051986
06051987
06051988
06051989
06051990
06051991
06051992
06051993
06051994
06051995
06051996
06060606
06061975
06061976
06061978
06061979
06061980
06061981
06061982
06061983
06061984
06061985
06061986
06061987
06061988
06061989
06061990
06061991
06061992
06061993
06061994
06061995
06061996
06061997
06061998
06062006
06069392
06071980
06071981
06071982
06071983
06071984
06071985
06071986
06071987
06071988
06071989
06071990
06071991
06071992
06071993
06071994
06071995
06071996
06081979
06081980
06081981
06081982
06081983
06081984
06081985
06081986
06081987
06081988
06081989
06081990
06081991
06081992
06081993
06081994
06081995
06081996
06081998
06091980
06091981
06091982
06091983
06091984
06091985
06091986
06091987
06091988
06091989
06091990
06091991
06091992
06091993
06091994
06091995
06091996
06101980
06101982
06101983
06101984
06101985
06101986
06101987
06101988
06101989
06101990
06101991
06101992
06101993
06101994
06101997
06111980
06111982
06111983
06111984
06111985
06111986
06111987
06111988
06111989
06111990
06111991
06111992
06111993
06120612
06121980
06121981
06121982
06121983
06121984
06121985
06121986
06121987
06121988
06121989
06121990
06121991
06121992
06121993
06121994
06121995
07011981
07011984
07011985
07011986
07011987
07011988
07011989
07011990
07011991
07011992
07011993
07011994
07011995
07021980
07021981
07021982
07021983
07021984
07021985
07021986
07021987
07021988
07021989
07021990
07021991
07021992
07021993
07021994
07021995
07021996
07031980
07031982
07031983
07031984
07031985
07031986
07031987
07031988
07031989
07031990
07031991
07031992
07031993
07031994
07031995
07040704
07041980
07041981
07041982
07041983
07041984
07041985
07041986
07041987
07041988
07041989
07041990
07041991
07041992
07041993
07041994
07041995
07051980
07051981
07051982
07051983
07051984
07051985
07051986
07051987
07051988
07051989
07051990
07051991
07051992
07051993
07051994
07051995
07051996
07061981
07061983
07061984
07061985
07061985nina
07061986
07061987
07061988
07061989
07061990
07061991
07061992
07061993
07061994
07061995
07061996
07070707
07071977
07071978
07071979
07071980
07071981
07071982
07071983
07071984
07071985
07071986
07071987
07071988
07071989
07071990
07071991
07071992
07071993
07071994
07071995
07071996
07071997
07071998
07072000
07072007
07080708
07081978
07081980
07081981
07081982
07081983
07081984
07081985
07081986
07081987
07081988
07081989
07081990
07081991
07081992
07081993
07081994
07081995
07090709
07091981
07091982
07091983
07091984
07091985
07091986
07091987
07091988
07091989
07091990
07091991
07091992
07091993
07091994
07091995
07101981
07101982
07101983
07101984
07101985
07101986
07101987
07101988
07101989
07101990
07101991
07101992
07101993
07101994
07101995
07101996
07110711
07111981
07111982
07111983
07111984
07111985
07111986
07111987
07111988
07111989
07111990
07111991
07111992
07111994
07120712
07121976
07121980
07121981
07121982
07121983
07121984
07121985
07121986
07121987
07121988
07121989
07121990
07121991
07121992
07121993
07121994
07121996
07210721
07211919
07214545
07770777
07775000
07831505
07860786
079055725
07931505
08011981
08011983
08011984
08011985
08011986
08011987
08011988
08011989
08011990
08011991
08011992
08011993
08011994
08011995
08021980
08021982
08021983
08021984
08021985
08021986
08021987
08021988
08021989
08021990
08021991
08021992
08021993
08021994
08021995
08021996
08031979
08031980
08031981
08031982
08031983
08031984
08031985
08031986
08031987
08031988
08031989
08031990
08031991
08031992
08031993
08031994
08031995
08031996
08041980
08041982
08041983
08041984
08041985
08041986
08041987
08041988
08041989
08041990
08041991
08041992
08041993
08041994
08041995
08051982
08051983
08051984
08051985
08051986
08051987
08051988
08051989
08051990
08051991
08051992
08051993
08051994
08051995
08061981
08061982
08061983
08061984
08061985
08061986
08061987
08061988
08061989
08061990
08061991
08061992
08061993
08061994
08061995
08071977
08071980
08071981
08071982
08071983
08071984
08071985
08071986
08071987
08071988
08071989
08071990
08071991
08071992
08071993
08071994
08071997
08080808
08081973
08081976
08081977
08081978
08081979
08081980
08081981
08081982
08081983
08081984
08081985
08081986
08081987
08081988
08081989
08081990
08081991
08081992
08081993
08081994
08081995
08081996
08081997
08081998
08082008
08090809
08091979
08091981
08091982
08091983
08091984
08091985
08091986
08091987
08091988
08091989
08091990
08091991
08091992
08091993
08091994
08091995
08091996
08101980
08101982
08101983
08101984
08101985
08101986
08101987
08101988
08101989
08101990
08101991
08101992
08101993
08101994
08101995
08101996
08110811
08111983
08111984
08111985
08111986
08111987
08111988
08111989
08111990
08111991
08111992
08111993
08111994
08120812
08121980
08121981
08121982
08121983
08121984
08121985
08121986
08121987
08121988
08121989
08121990
08121991
08121992
08121993
08121994
08121995
08150815
08154711
08250825
08520852
08522580
08d140104
090078601
09011981
09011982
09011983
09011984
09011985
09011986
09011987
09011988
09011989
09011990
09011991
09011992
09011993
09011994
09011995
09011996
09011997
09021978
09021981
09021982
09021983
09021984
09021985
09021986
09021987
09021988
09021989
09021990
09021991
09021992
09021993
09021994
09021995
09021996
09031981
09031982
09031983
09031984
09031985
09031986
09031987
09031988
09031989
09031990
09031991
09031992
09031993
09031994
09031995
09041980
09041981
09041982
09041983
09041984
09041985
09041986
09041987
09041988
09041989
09041990
09041991
09041992
09041993
09041994
09051945
09051978
09051979
09051980
09051982
09051983
09051984
09051985
09051986
09051987
09051988
09051989
09051990
09051991
09051992
09051993
09051994
09051995
09061976
09061980
09061981
09061982
09061983
09061984
09061985
09061986
09061987
09061988
09061989
09061990
09061991
09061992
09061993
09061994
09061995
09061996
09071980
09071981
09071983
09071984
09071985
09071986
09071987
09071988
09071989
09071990
09071991
09071992
09071993
09071994
09071996
09080706
0908070605
09080908
09081981
09081982
09081983
09081984
09081985
09081986
09081987
09081988
09081989
09081990
09081991
09081992
09081993
09081994
09081995
09081996
09090909
0909090909
09091978
09091979
09091980
09091981
09091982
09091983
09091984
09091985
09091986
09091987
09091988
09091989
09091990
09091991
09091992
09091993
09091994
09091995
09091996
09091997
09091998
09091999
09092000
09092009
09100910
09101980
09101982
09101983
09101984
09101985
09101986
09101987
09101988
09101989
09101990
09101991
09101992
09101993
09101995
09110911
09111982
09111983
09111984
09111985
09111986
09111987
09111988
09111989
09111990
09111991
09111992
09111993
09111994
09120912
09121980
09121981
09121982
09121983
09121984
09121985
09121986
09121987
09121988
09121989
09121990
09121991
09121992
09121993
09121994
09121995
09121997
09123456
0912345678
09123456789
0918273645
09210921
09230923
09250925
09280928
098098098
09870987
09871234
0987612345
09876543
098765432
0987654321
09876543210
09876543211
0987654321a
0987654321q
09877890
0987poiu
098poilkj
0blivi0n
0blivion
0bqepl8339
0c95234760ae5a28
0cdh0v99ue
0icotpd785
0jflwm9479
0o0o0o0o
0o9i8u7y
0o9i8u7y6t
0okm9ijn
0okmnji9
0p9o8i7u
0p9o8i7u6y
0rb8mn0467
0u89z05578
0vffaid576
0w33520iu
0xfhs03269
1.11111e
1.12233e
1.23321e
1.23456e
1.23457e
10000000
1000000000
10000001
10001000
10002000
100100100
10011001
10011977
10011978
10011979
10011980
10011981
10011982
10011983
10011984
10011985
10011986
10011987
10011988
10011989
10011990
10011991
10011992
10011993
10011994
10011995
10011996
10011997
10012000
10012002
1001wdst
100200300
10021002
10021976
10021977
10021978
10021979
10021980
10021981
10021982
10021983
10021984
10021985
10021986
10021987
10021988
10021989
10021990
10021991
10021992
10021993
10021994
10021995
10021996
10021997
10021998
10022001
10031003
10031974
10031977
10031978
10031979
10031980
10031981
10031982
10031983
10031984
10031985
10031986
10031987
10031988
10031989
10031990
10031991
10031992
10031993
10031994
10031995
10031996
10031997
10031998
10041004
10041977
10041978
10041979
10041980
10041981
10041982
10041983
10041984
10041985
10041986
10041987
10041988
10041989
10041990
10041991
10041992
10041993
10041994
10041995
10041996
10041997
10041998
10051005
10051977
10051978
10051979
10051980
10051981
10051982
10051983
10051984
10051985
10051986
10051987
10051988
10051989
10051990
10051991
10051992
10051993
10051994
10051995
10051996
10061006
10061977
10061978
10061979
10061980
10061981
10061982
10061983
10061984
10061985
10061986
10061987
10061988
10061989
10061990
10061991
10061992
10061993
10061994
10061995
10061996
10061997
10061998
10061999
10071007
10071977
10071978
10071979
10071980
10071981
10071982
10071983
10071984
10071985
10071986
10071987
10071988
10071989
10071990
10071991
10071992
10071993
10071994
10071995
10071996
10071997
10071998
10081008
10081974
10081976
10081978
10081980
10081981
10081982
10081983
10081984
10081985
10081986
10081987
10081988
10081989
10081990
10081991
10081992
10081993
10081994
10081995
10081996
100888ktyf
10091009
10091977
10091978
10091979
10091980
10091981
10091982
10091983
10091984
10091985
10091986
10091987
10091988
10091989
10091990
10091991
10091992
10091993
10091994
10091995
10091996
100grand
100krotka
100million
100percent
100senha
100years
10101010
1010101010
10101970
10101972
10101973
10101974
10101975
10101976
10101977
10101978
10101979
10101980
10101981
10101982
10101983
10101984
10101985
10101986
10101987
10101988
10101989
10101990
10101991
10101992
10101993
10101994
10101995
10101996
10101997
10101998
10102000
10102001
10102002
10102003
10102008
10102010
10102020
10111011
10111213
10111975
10111977
10111978
10111979
10111980
10111981
10111982
10111983
10111984
10111985
10111986
10111987
10111988
10111989
10111990
10111991
10111992
10111993
10111994
10111995
10111996
10111997
10112000
10121012
10121970
10121971
10121975
10121976
10121977
10121978
10121979
10121980
10121981
10121982
10121983
10121984
10121985
10121986
10121987
10121988
10121989
10121990
10121991
10121992
10121993
10121994
10121995
10121996
10121997
10121998
10121999
10131013
10141014
10151015
10161016
10171017
10181018
10191019
10191984a
10201020
10203010
102030102030
102030123
10203040
102030405
1020304050
102030405060
102030405060708090
10203040a
10203040q
102030aa
102102102
10211021
10221022
10231023
10241024
10251025
10261026
10271027
10281028
10291029
10293847
1029384756
1029384756a
1029384756q
10301030
10311031
10321032
10351035
10401040
10481048
10501050
10661066
10711071
10801080
1098765432
10987654321
10fingers
10inches
10million
10qpalzm
11001001
11001100
11002299
110110110
110110jp
110110jpjp
11011101
110119120
11011978
11011979
11011980
11011981
11011982
11011983
11011984
11011985
11011986
11011987
11011988
11011989
11011990
11011991
11011992
11011993
11011994
11011995
11011996
11011997
11012001
110120119
110120130
11021102
11021978
11021980
11021981
11021982
11021983
11021984
11021985
11021986
11021987
11021988
11021989
11021990
11021991
11021992
11021993
11021994
11021995
11021996
11021997
11021998
11022000
11031103
11031975
11031976
11031977
11031978
11031979
11031980
11031981
11031982
11031983
11031984
11031985
11031986
11031987
11031988
11031989
11031990
11031991
11031992
11031993
11031994
11031995
11031996
11031997
11031998
110331rahili
11041104
11041976
11041978
11041979
11041980
11041981
11041982
11041983
11041984
11041985
11041986
11041987
11041988
11041989
11041990
11041991
11041992
11041993
11041994
11041995
11041996
11041997
11051105
11051977
11051978
11051979
11051980
11051981
11051982
11051983
11051984
11051985
11051986
11051987
11051988
11051989
11051990
11051991
11051992
11051993
11051994
11051995
11051996
11051998
11061106
11061976
11061980
11061981
11061982
11061983
11061984
11061985
11061986
11061987
11061988
11061989
11061990
11061991
11061992
11061993
11061994
11061995
11061996
11061997
11071107
11071977
11071979
11071980
11071981
11071982
11071983
11071984
11071985
11071986
11071987
11071988
11071989
11071990
11071991
11071992
11071993
11071994
11071995
11071996
11071997
11081108
11081976
11081978
11081979
11081980
11081981
11081982
11081983
11081984
11081985
11081986
11081987
11081988
11081989
11081990
11081991
11081992
11081993
11081994
11081995
11081996
11081997
11081998
11082003
11082007
11091109
11091979
11091980
11091981
11091982
11091983
11091984
11091985
11091986
11091987
11091988
11091989
11091990
11091991
11091992
11091993
11091994
11091995
11091996
11091997
11092000
11092001
11101110
11101978
11101980
11101981
11101982
11101983
11101984
11101985
11101986
11101987
11101988
11101989
11101990
11101991
11101992
11101993
11101994
11101995
11101996
11101997
11110000
1111100000
11111111
111111111
1111111111
11111111111
111111111111
1111111111111
11111111111111
111111111111111
1111111111111111
11111111111111111111
1111111111a
1111111111q
111111111a
111111111q
11111111a
11111111d
11111111q
11111112
11111118
1111111a
1111111q
1111111z
11111122
111111222222
111111aa
111111aaa
111111abc
111111asd
111111qq
111111qw
1111122222
11111978
11111979
11111980
11111981
11111982
11111983
11111984
11111985
11111986
11111987
11111988
11111989
11111990
11111991
11111992
11111993
11111994
11111995
11111997
11111aaaaa
11111qqqqq
11112000
11112222
111122223333
11113333
11114444
11119999
1111aaaa
1111qqqq
1111zzzxxx
11121112
11121314
1112131415
11121975
11121977
11121978
11121979
11121980
11121981
11121982
11121983
11121984
11121985
11121986
11121987
11121988
11121989
11121990
11121991
11121992
11121993
11121994
11121995
11121996
11121997
11122000
111222111
11122233
111222333
111222333000
111222333444
111222333a
111222333q
111222tianya
11131113
11141114
11151115
111555999
11161116
11171117
11181118
11191119
111aaa111
111angel777
111qqq111
111qqqaaa
11201120
11211121
112112112
11221122
11223300
11223311
112233112233
112233123
1122332211
112233332211
1122333qq
11223344
112233441
112233445
1122334455
11223344551
112233445566
11223344556677
1122334455667788
112233445566778899
1122334455a
11223344a
11223344aa
11223344q
11223345
112233456
11223355
11223366
112233aa
112233abc
112233as
112233asd
112233qq
112233qqwwee
112233qw
112233qwe
112233ss
112233zz
11224455
1122aabb
1122qqww
11231123
1123456789
11235813
1123581321
112358132134
11235813213455
11241124
11251125
11261126
11271127
11281128
11291129
11301130
11311131
11321132
11331133
11332244
11335577
1133557799
11335577mm
11337799
11341134
113774lk
11381138
11421142
11431143
11441144
11451145
11471147
11501150
11551155
11771177
11794591
11881188
1190711907
11921192
11922960
11991199
11999911
11aa22bb
11eleven
11november
11q22q33q
11q22w33e
11qq11qq
11qq22ww
11qq22ww33ee
11qqaazz
11qwerty
11september
12001200
120110ab
12011201
12011978
12011980
12011981
12011982
12011983
12011984
12011985
12011986
12011987
12011988
12011989
12011990
12011991
12011992
12011993
12011994
12011995
12011996
12012000
12012001
120120120
12021202
12021974
12021975
12021976
12021977
12021978
12021979
12021980
12021981
12021982
12021983
12021984
12021985
12021986
12021987
12021988
12021989
12021990
12021991
12021992
12021993
12021994
12021995
12021996
12021997
12021998
12031203
12031978
12031979
12031980
12031981
12031982
12031983
12031984
12031985
12031986
12031987
12031988
12031989
12031990
12031991
12031992
12031993
12031994
12031995
12031996
12031997
12031999
12041204
12041961
12041977
12041978
12041979
12041980
12041981
12041982
12041983
12041984
12041985
12041986
12041987
12041988
12041989
12041990
12041991
12041992
12041993
12041994
12041995
12041996
12041997
12051205
12051974
12051977
12051978
12051979
12051980
12051981
12051982
12051983
12051984
12051985
12051986
12051987
12051988
12051989
12051990
12051991
12051992
12051993
12051994
12051995
12051996
12051997
12061206
12061977
12061978
12061979
12061980
12061981
12061982
12061983
12061984
12061985
12061986
12061987
12061988
12061989
12061990
12061991
12061992
12061993
12061994
12061995
12061996
12061997
12061998
12071207
12071976
12071977
12071978
12071979
12071980
12071981
12071982
12071983
12071984
12071985
12071986
12071987
12071988
12071989
12071990
12071991
12071992
12071993
12071994
12071995
12071996
12071997
12071998
12081208
12081976
12081977
12081978
12081979
12081980
12081981
12081982
12081983
12081984
12081985
12081986
12081987
12081988
12081989
12081990
12081991
12081992
12081993
12081994
12081995
12081996
12081997
12081998
12082000
12091209
12091976
12091978
12091979
12091980
12091981
12091982
12091983
12091984
12091985
12091986
12091987
12091988
12091989
12091990
12091991
12091992
12091993
12091994
12091995
12091996
12091997
12092000
12101210
12101974
12101976
12101977
12101978
12101979
12101980
12101981
12101982
12101983
12101984
12101985
12101986
12101987
12101988
12101989
12101990
12101991
12101992
12101993
12101994
12101995
12101996
12101997
12101998
12102000
12111211
12111976
12111977
12111978
12111979
12111980
12111981
12111982
12111983
12111984
12111985
12111986
12111987
12111988
12111989
12111990
12111991
12111992
12111993
12111994
12111995
12111996
12111997
12121212
121212121
1212121212
121212121212
12121212a
12121234
121212aa
121212ab
121212abc
121212as
121212ced
121212qq
121212qw
12121313
12121970
12121972
12121974
12121975
12121976
12121977
12121978
12121979
12121980
12121981
12121982
12121983
12121984
12121985
12121986
12121987
12121988
12121989
12121990
12121991
12121992
12121993
12121994
12121995
12121996
12121997
12121998
12121999
12122000
12122002
12122012
12122121
1212312121
121231234
12123434
12123456
1212qwqw
12131213
12131415
1213141516
121314aa
12141214
121415aaa
12141618
12151215
12161216
12171217
12181218
12191219
12201220
12211221
12213443
12221222
12231223
1223334444
122333444455555
12233445
12241224
12243648
12251225
12261226
12271227
12281228
12291229
12300000
12300123
12300321
12301230
123012301230
12301230a
12304560
123045607890
1230456789
12305678
12311231
123123..
12312300
123123000
12312311
12312312
123123123
1231231230
1231231231
123123123123
123123123123123
1231231234
123123123a
123123123aa
123123123b
123123123d
123123123e
123123123g
123123123m
123123123q
123123123qwe
123123123s
123123123w
123123123z
123123321
123123321321
12312344
12312345
123123456
123123456456
123123aa
123123aaa
123123ab
123123abc
123123as
123123asd
123123asdasd
123123az
123123gg
123123lol
123123mm
123123qaz
123123qq
123123qqq
123123qw
123123qwe
123123qweqwe
123123qwer
123123ss
123123vuonggialong
123123ww
123123zx
123123zxc
123123zz
1231512315
123159147
12321232
123212321
1232323q
123234345
123234423
123258789
12331233
12332100
123321000
12332111
12332112
123321123
123321123321
1233211234567
123321123a
123321123q
12332145
123321456
123321456654
123321aa
123321aaa
123321abc
123321as
123321asd
123321qaz
123321qq
123321qqq
123321qw
123321qwe
123321qweewq
123321qwer
123321ss
123321www
123321zx
123321zxc
123321zz
123321zzz
12340000
12340987
12341234
123412341
123412341234
123412345
12341234a
12341234q
12341qaz
12342234
12343212
1234321a
1234321q
12343412
12344321
123443211
12344321a
12344321aa
12344321q
12344321qwe
1234509876
12345123
123451234
1234512345
123451234512345
1234512345a
12345432
123454321
123454321a
123454321q
1234554321
1234554321a
1234554321q
123456..
123456...
123456.a
1234560.
12345600
123456000
12345601
1234560987
1234560a
1234560v
12345610
12345611
12345612
123456123
1234561234
12345612345
123456123456
123456123a
123456151
1234561731
123456321
123456456
12345652
12345654
1234565432
12345654321
12345656
12345665
123456654
123456654321
12345666
12345667
1234567!
12345670
12345671
1234567123
12345671234567
12345676
1234567654321
123456767
12345677
12345677654321
123456777
12345678
123456780
1234567809
123456781
123456781122
12345678123
1234567812345678
123456787
123456788
1234567887654321
1234567889
123456789
123456789!
123456789*
123456789+
123456789-
123456789.
123456789..
1234567890
1234567890-
1234567890-=
1234567890.
12345678900
123456789000
1234567890098765
12345678900987654321
12345678901
123456789010
123456789012
1234567890123
123456789012345
1234567890123456
12345678901234567890
12345678909
1234567890987654321
1234567890@yahoo.com
1234567890a
1234567890aa
1234567890abc
1234567890as
1234567890asd
1234567890b
1234567890c
1234567890d
1234567890e
1234567890f
1234567890g
1234567890i
1234567890k
1234567890l
1234567890m
1234567890n
1234567890o
1234567890p
1234567890q
1234567890qaz
1234567890qq
1234567890qw
1234567890qwe
1234567890qwer
1234567890qwert
1234567890qwerty
1234567890qwertyuiop
1234567890r
1234567890s
1234567890t
1234567890v
1234567890vuonggialong
1234567890w
1234567890x
1234567890z
1234567890zxc
1234567891
12345678910
123456789101
1234567891011
123456789101112
1234567891011121
12345678910a
12345678910q
12345678911
12345678912
123456789123
1234567891234
12345678912345
123456789123456
1234567891234567
123456789123456789
123456789159
1234567892
1234567893
123456789456
1234567895
1234567896
12345678963
1234567897
123456789789
1234567898
123456789852
12345678987654321
1234567899
12345678991
123456789963
123456789987
1234567899876543
123456789987654321
12345678999
123456789@
123456789_
123456789a
123456789aa
123456789aaa
123456789ab
123456789abc
123456789abcd
123456789alex
123456789ali
123456789as
123456789asd
123456789asdf
123456789az
123456789b
123456789bb
123456789c
123456789d
123456789dd
123456789dima
123456789e
123456789f
123456789fb
123456789g
123456789gs
123456789h
123456789i
123456789j
123456789k
123456789kk
123456789l
123456789leo
123456789ll
123456789lol
123456789love
123456789m
123456789mm
123456789n
123456789o
123456789ok
123456789op
123456789p
123456789pp
123456789q
123456789qaz
123456789qq
123456789qqq
123456789qw
123456789qwe
123456789qwer
123456789qwert
123456789qwerty
123456789qwertyu
123456789qwertyuio
123456789qwertyuiop
123456789r
123456789s
123456789sa
123456789ss
123456789t
123456789ten
123456789u
123456789v
123456789vuonggialong
123456789w
123456789ww
123456789www
123456789x
123456789xx
123456789y
123456789ya
123456789z
123456789za
123456789zx
123456789zxc
123456789zxcvbnm
123456789zz
123456789zzz
12345678a
12345678aa
12345678aaa
12345678ab
12345678abc
12345678as
12345678asd
12345678b
12345678c
12345678d
12345678e
12345678f
12345678g
12345678h
12345678i
12345678j
12345678k
12345678l
12345678m
12345678n
12345678o
12345678p
12345678q
12345678qq
12345678qw
12345678qwe
12345678qwer
12345678qwertyu
12345678qwertyui
12345678r
12345678s
12345678t
12345678u
12345678v
12345678vuonggialong
12345678w
12345678x
12345678y
12345678z
12345679
123456798
1234567a
1234567aa
1234567ab
1234567abc
1234567as
1234567asd
1234567b
1234567c
1234567d
1234567e
1234567f
1234567g
1234567h
1234567i
1234567j
1234567k
1234567l
1234567lyz
1234567m
1234567n
1234567o
1234567p
1234567q
1234567qq
1234567qw
1234567qwe
1234567qwerty
1234567qwertyu
1234567r
1234567s
1234567t
1234567u
1234567v
1234567vuonggialong
1234567w
1234567x
1234567y
1234567z
123456852
12345687
123456879
12345688
12345689
12345690
123456963
12345698
123456987
12345699
123456a.
123456a1
123456aa
123456aaa
123456ab
123456abc
123456abcd
123456abcde
123456abcdef
123456ac
123456ad
123456ak
123456al
123456alex
123456ali
123456am
123456an
123456aq
123456as
123456asd
123456asdf
123456asdfgh
123456az
123456aze
123456azerty
123456bb
123456bn
123456cc
123456chi
123456da
123456dd
123456ee
123456er
123456fb
123456ff
123456fr
123456gg
123456gh
123456go
123456gs
123456hh
123456hi
123456jj
123456jk
123456kk
123456kl
123456li
123456ll
123456lol
123456love
123456ma
123456mama
123456max
123456me
123456mk
123456mm
123456mmm
123456mn
123456nn
123456ok
123456oo
123456pa
123456po
123456pp
123456ppp
123456pro
123456qa
123456qaz
123456qazwsx
123456qq
123456qqq
123456qw
123456qwe
123456qweasd
123456qwer
123456qwert
123456qwerty
123456qwertz
123456rm
123456rr
123456rt
123456ru
123456sa
123456sd
123456ss
123456sss
123456tr
123456tt
123456txj
123456ty
123456vn
123456vv
123456we
123456ww
123456www
123456wyd
123456xd
123456xx
123456xxx
123456xyz
123456yu
123456yy
123456za
123456zaq
123456zx
123456zx3d56
123456zxc
123456zxcv
123456zxcvbn
123456zz
123456zzz
12345789
123459876
12345aaa
12345abc
12345abcd
12345abcde
12345asd
12345asdf
12345asdfg
12345dima
12345line
12345lol
12345love
12345mama
12345ndby
12345qaz
12345qazwsx
12345qqq
12345qwe
12345qwer
12345qwert
12345qwertasdfg
12345qwerty
12345rewq
12345sex
12345six
12345ssdlh
12345tgb
12345trewq
12345vfif
12345www
12345xxx
12345zxc
12345zxcvb
12345zzz
12346789
12347890
12348765
12349876
123498765
1234a1234
1234aaaa
1234abcd
1234asdf
1234azer
1234five
1234love
1234m1234
1234pass
1234q1234
1234qweasz
1234qwer
1234qwer1234
1234qwerasdf
1234qwerasdfzxcv
1234qwert
1234qwerty
1234rewq
1234rtyu
1234test
1234wert
1234yolo
1234zxcv
12351235
12354bla
12356789
12356790
1235755279
1235755280
12357891
123578951
1235810994
123581321
12361236
12365400
123654123
123654123654
12365478
123654789
1236547890
1236547891
123654789a
123654789q
123654987
123654aa
123654as
123654asd
123654qwe
12368901
123698547
12369874
123698741
1236987415
123698745
1236987450
1236987456
123698745a
12369874a
123789123
12378945
123789456
1237894560
123789456a
123789654
123789852
12381238
12391239
123987456
123987654
123a123a
123a123a123a
123a456a
123a456a789a
123a456b
123a456s
123aa123
123aaa123
123abc123
123abc123abc
123abc321
123abc456
123abc456def
123abcde
123abcdef
123admin
123admin32
123admin321
123admin321a
123aeiou
123angel
123apple
123as123
123asd123
123asd123asd
123asd456
123asdasd
123asdfg
123asdfgh
123asdqwe
123asdzxc
123azerty
123chris
123daniel
123david
123deoliveira4
123dragon
123e123e
123edsaqw
123ewq123
123ewqasd
123ewqasdcxz
123frytki
123hallo
123happy
123hc321
123hello
123hfjdk147
123iloveyou
123india
123jesus
123killer
123lol123
123lol321
123lucas
123masha
123max123
123mc123
123meins
123money
123mudar
123obama1
123odidol
123password
123patru
123pormi
123q123q
123qaz12
123qaz123
123qazwsx
123qazwsxedc
123qazxsw
123qq123
123qqqwwwsssaaa
123qw123
123qwaszx
123qwe,./
123qwe12
123qwe123
123qwe123qwe
123qwe321
123qwe45
123qwe456
123qwe456asd
123qwe456rty
123qwe4r
123qweas
123qweasd
123qweasd123
123qweasdaf
123qweasdyxc
123qweasdz
123qweasdzx
123qweasdzxc
123qweasdzxc123
123qweqwe
123qwer123
123qwert
123qwerty
123qwerty123
123qwertyuiop
123qwezxc
123sasha
123se045
123senha
123smile
123soleil
123spill
123start
123stella
123vladwolf
123w123w
123werty
123xxx123
123z123z
123zxc123
123zxc123zxc
123zxc456
123zxcvb
123zxcvbnm
12401240
12411241
12421242
12431243
12435687
12441244
12451245
12456789
12457800
12457812
124578369
12457896
124578963
12471247
12481248
12481632
12501250
12511251
125125125
12521252
12531253
12541254
125478963
12551255
12561256
12571257
12581258
1260b450
12691269
127127aa
12781278
12801280
12881288
12891289
12901290
12981298
12991299
12a34b56c
12ab34cd
12as12as
12as34df
12fuckyou
12inches
12monkey
12monkeys
12password
12q12q12q
12q34w56e
12qaz2wsx
12qazwsx
12qw12qw
12qw23we
12qw34er
12qw34er56
12qw34er56ty
12qwasyx
12qwaszx
12qwaszx12
12qwaszxc
12qweasd
12qwer34
12qwerty
12s3t4p55
12sister
12stones
12string
12u225txzk
12wq12wq
12wqasxz
12wsxzaq
13001300
13011301
13011977
13011979
13011981
13011982
13011983
13011984
13011985
13011986
13011987
13011988
13011989
13011990
13011991
13011992
13011993
13011994
13011995
13011996
13011997
13011998
13021302
13021978
13021979
13021980
13021981
13021982
13021983
13021984
13021985
13021986
13021987
13021988
13021989
13021990
13021991
13021992
13021993
13021994
13021995
13021996
13021997
13021998
13031303
13031974
13031975
13031977
13031978
13031979
13031980
13031981
13031982
13031983
13031984
13031985
13031986
13031987
13031988
13031989
13031990
13031991
13031992
13031993
13031994
13031995
13031996
13031997
13041304
13041978
13041980
13041981
13041982
13041983
13041984
13041985
13041986
13041987
13041988
13041989
13041990
13041991
13041992
13041993
13041994
13041995
13041996
13051305
13051977
13051978
13051980
13051981
13051982
13051983
13051984
13051985
13051986
13051987
13051988
13051989
13051990
13051991
13051992
13051993
13051994
13051995
13051996
13051997
13061306
13061978
13061979
13061980
13061981
13061982
13061983
13061984
13061985
13061986
13061987
13061988
13061989
13061990
13061991
13061992
13061993
13061994
13061995
13061996
13061997
13061998
13071307
13071978
13071980
13071981
13071982
13071983
13071984
13071985
13071986
13071987
13071988
13071989
13071990
13071991
13071992
13071993
13071994
13071995
13071996
13081308
13081980
13081981
13081982
13081983
13081984
13081985
13081986
13081987
13081988
13081989
13081990
13081991
13081992
13081993
13081994
13081995
13081996
13091309
13091980
13091981
13091982
13091983
13091984
13091985
13091986
13091987
13091988
13091989
13091990
13091991
13091992
13091993
13091994
13091995
13091996
13091997
130993arman
13101310
13101976
13101978
13101979
13101980
13101981
13101982
13101983
13101984
13101985
13101986
13101987
13101988
13101989
13101990
13101991
13101992
13101993
13101994
13101995
13101996
13101997
13101998
13111311
13111978
13111980
13111981
13111982
13111983
13111984
13111985
13111986
13111987
13111988
13111989
13111990
13111991
13111992
13111993
13111994
13111995
13111996
13121312
13121976
13121977
13121978
13121979
13121980
13121981
13121982
13121983
13121984
13121985
13121986
13121987
13121988
13121989
13121990
13121991
13121992
13121993
13121994
13121995
13121996
13121997
13131313
1313131313
131313aa
13141314
13141516
13143344
13145200
1314520a
13151315
13161316
13171317
13181318
13191319
13201320
13211321
132132132
13221322
13231323
1323456789
13241324
13243546
1324354657
1324354657687980
132442311a
13245678
132456789
13245768
1324576890
132465798
1324657980
1324qewr
13251325
13261326
13271327
13281328
13311331
13321332
13324124
13371337
1337leet
1337ness
1337sauce
13401340
13411341
13421342
13431343
13451345
13456789
13461346
13467913
134679134679
134679258
13467982
134679825
13467985
134679852
1346798520
13481348
13491349
13501350
13507510797
13511351
135135135
13521352
13531353
13541354
13551355
13561356
13571357
13572468
13577531
13579000
1357902468
1357908642
135791113
1357911q
13579135
1357913579
13579246
135792468
1357924680
13579246810
135792468a
135797531
135798642
1357986420
1357997531
13579qetuo
13579qwe
1357qetu
13581358
13591359
13601360
13621362
13631363
13641364
13651365
13661366
13671367
13681368
13691369
13701370
13711371
13721372
13731373
13741374
13751375
13761376
13771377
13781378
13791379
137huangb
13801380
13879428
13881388
13941394
13971397
139742685
13pass13
13qeadzc
14001400
14011401
14011980
14011981
14011982
14011983
14011984
14011985
14011986
14011987
14011988
14011989
14011990
14011991
14011992
14011993
14011994
14011995
14011997
14021402
14021975
14021977
14021978
14021979
14021980
14021981
14021982
14021983
14021984
14021985
14021986
14021987
14021988
14021989
14021990
14021991
14021992
14021993
14021994
14021995
14021996
14021997
14021998
14022002
14022008
14022009
14031403
14031972
14031978
14031979
14031980
14031981
14031982
14031983
14031984
14031985
14031986
14031987
14031988
14031989
14031990
14031991
14031992
14031993
14031994
14031995
14031996
14041404
14041977
14041979
14041980
14041981
14041982
14041983
14041984
14041985
14041986
14041987
14041988
14041989
14041990
14041991
14041992
14041993
14041994
14041995
14041996
14041997
14041998
14051405
14051979
14051980
14051981
14051982
14051983
14051984
14051985
14051986
14051987
14051988
14051989
14051990
14051991
14051992
14051993
14051994
14051995
14051996
14051997
14051998
14061406
14061979
14061980
14061981
14061982
14061983
14061984
14061985
14061986
14061987
14061988
14061989
14061990
14061991
14061992
14061993
14061994
14061995
14061996
14061997
14061998
14071407
14071977
14071980
14071981
14071982
14071983
14071984
14071985
14071986
14071987
14071988
14071989
14071990
14071991
14071992
14071993
14071994
14071995
14071997
14081408
14081979
14081980
14081981
14081982
14081983
14081984
14081985
14081986
14081987
14081988
14081989
14081990
14081991
14081992
14081993
14081994
14081995
14081996
14091409
14091980
14091981
14091982
14091983
14091984
14091985
14091986
14091987
14091988
14091989
14091990
14091991
14091992
14091993
14091994
14091995
14091996
14091997
14091998
14101410
14101978
14101979
14101980
14101981
14101982
14101983
14101984
14101985
14101986
14101987
14101988
14101989
14101990
14101991
14101992
14101993
14101994
14101995
14101996
14101997
14101998
14102000
14111411
14111978
14111980
14111981
14111982
14111983
14111984
14111985
14111986
14111987
14111988
14111989
14111990
14111991
14111992
14111993
14111994
14111995
14111996
14111997
14121412
14121975
14121977
14121978
14121979
14121980
14121981
14121982
14121983
14121984
14121985
14121986
14121987
14121988
14121989
14121990
14121991
14121992
14121993
14121994
14121995
14121996
14121997
14131413
14141414
14142135
141421356
14142323af
14151415
14151617
14155585
14159265
1415926535
14161416
14171417
14181418
14183945
14191419
14201420
14211421
14221422
14231423
14241424
14251425
142536789
142536987
14261426
142753869
14281428
14301430
143143143
14321432
14331433
143445254
14352541
14361436
14371437
143iloveyou
143jesus
143ortega
14411441
1441998yfcnz
14521452
145236987
14531071
14531453
14533541
14541454
14551455
14561456
14581458
1464688081
14691469
14701470
14711471
147147147
147159123
14721472
1472580369
14725836
147258369
1472583690
14725836900
1472583691
147258369123
147258369a
147258369m
147258369q
147258369s
147258369z
147258963
147369258
147369852
14741474
14771477
14781478
14785236
147852369
1478523690
1478523691
147852369a
147852369q
147852963
147895623
14789630
14789632
147896321
147896325
1478963250
1478963258
147896325a
14789632a
14789633
14789635
1478963a
147896523
14789653
147963258
14841484
14881488
14921492
15001500
15011501
15011980
15011981
15011982
15011983
15011984
15011985
15011986
15011987
15011988
15011989
15011990
15011991
15011992
15011993
15011994
15011995
15011996
150150as
15021502
15021977
15021978
15021979
15021980
15021981
15021982
15021983
15021984
15021985
15021986
15021987
15021988
15021989
15021990
15021991
15021992
15021993
15021994
15021995
15021996
15021997
15031503
15031975
15031977
15031978
15031979
15031980
15031981
15031982
15031983
15031984
15031985
15031986
15031987
15031988
15031989
15031990
15031991
15031992
15031993
15031994
15031995
15031996
15041504
15041978
15041979
15041980
15041981
15041982
15041983
15041984
15041985
15041986
15041987
15041988
15041989
15041990
15041991
15041992
15041993
15041994
15041995
15041996
15041997
15051505
15051975
15051977
15051979
15051980
15051981
15051982
15051983
15051984
15051985
15051986
15051987
15051988
15051989
15051990
15051991
15051992
15051993
15051994
15051995
15051996
15051998
15061506
15061977
15061978
15061979
15061980
15061981
15061982
15061983
15061984
15061985
15061986
15061987
15061988
15061989
15061990
15061991
15061992
15061993
15061994
15061995
15061996
15071980
15071981
15071982
15071983
15071984
15071985
15071986
15071987
15071988
15071989
15071990
15071991
15071992
15071993
15071994
15071995
15071996
15081508
15081975
15081977
15081978
15081979
15081980
15081981
15081982
15081983
15081984
15081985
15081986
15081987
15081988
15081989
15081990
15081991
15081992
15081993
15081994
15081995
15081996
15081997
15091509
15091978
15091979
15091980
15091981
15091982
15091983
15091984
15091985
15091986
15091987
15091988
15091989
15091990
15091991
15091992
15091993
15091994
15091995
15091996
15091999
15101510
15101975
15101976
15101977
15101978
15101979
15101980
15101981
15101982
15101983
15101984
15101985
15101986
15101987
15101988
15101989
15101990
15101991
15101992
15101993
15101994
15101995
15101996
15101997
15111978
15111979
15111980
15111981
15111982
15111983
15111984
15111985
15111986
15111987
15111988
15111989
15111990
15111991
15111992
15111993
15111994
15111995
15121512
15121977
15121978
15121979
15121980
15121981
15121982
15121983
15121984
15121985
15121986
15121987
15121988
15121989
15121990
15121991
15121992
15121993
15121994
15121995
15121996
15121997
15121998
15141312
15151515
1515151515
15161516
15161718
15171517
15181518
15201520
15211521
15221522
15231523
15241524
15251525
15253545
15261526
15301530
153153153
15321532
15331533
15351535
15357595
15411541
15421542
15426378
15426378l
154322358
15451545
15481548
15511551
15591559
15641564
15691569
157157157
15735946
15791579
158158qq
15821582
15836923
15891589
15901590
159159159
159258357
159263487
15935700
159357123
159357159357
1593572468
1593572486
159357258
159357258456
15935728
159357456
159357456258
159357456852
15935746
1593574682
1593574862
15935755
159357789
1593578246
159357852
159357852456
15935789
159357aa
159357asd
159487263
15951595
15961596
15963210
159632147
159632478
159635741
15971597
15975300
15975312
159753123
159753123456
159753159
159753159753
15975321
1597532468
1597532486
159753258
159753258456
1597532684
15975328
1597532846
159753456
159753456852
15975346
1597534682
1597534862
15975355
159753654
1597536842
15975369
15975382
1597538246
1597538426
159753852
159753852456
159753aa
159753as
159753asd
159753qq
159753qwe
15981598
15987410
159874123
159874236
159874632
15987532
159875321
159951123
159951159
159951159951
15995123
159951357753
15lovelove
15s9pu03
16011980
16011981
16011982
16011983
16011984
16011985
16011986
16011987
16011988
16011989
16011990
16011991
16011992
16011993
16011994
16011995
16011996
16021602
16021980
16021981
16021982
16021983
16021984
16021985
16021986
16021987
16021988
16021989
16021990
16021991
16021992
16021993
16021994
16021995
16021996
16031603
16031978
16031980
16031981
16031982
16031983
16031984
16031985
16031986
16031987
16031988
16031989
16031990
16031991
16031992
16031993
16031994
16031995
16031996
16041604
16041978
16041980
16041981
16041982
16041983
16041984
16041985
16041986
16041987
16041988
16041989
16041990
16041991
16041992
16041993
16041994
16041995
16041996
16041997
16041998
16051605
16051978
16051980
16051981
16051982
16051983
16051984
16051985
16051986
16051987
16051988
16051989
16051990
16051991
16051992
16051993
16051994
16051995
16051996
16051997
16061606
16061976
16061977
16061978
16061980
16061981
16061982
16061983
16061984
16061985
16061986
16061987
16061988
16061989
16061990
16061991
16061992
16061993
16061994
16061995
16061996
16061997
16071981
16071982
16071983
16071984
16071985
16071986
16071987
16071988
16071989
16071990
16071991
16071992
16071993
16071994
16071995
16071996
16081608
16081978
16081979
16081980
16081981
16081982
16081983
16081984
16081985
16081986
16081987
16081988
16081989
16081990
16081991
16081992
16081993
16081994
16081995
16081996
16091980
16091981
16091982
16091983
16091984
16091985
16091986
16091987
16091988
16091989
16091990
16091991
16091992
16091993
16091994
16091995
16091996
16101610
16101973
16101974
16101975
16101976
16101977
16101978
16101979
16101980
16101981
16101982
16101983
16101984
16101985
16101986
16101987
16101988
16101989
16101990
16101991
16101992
16101993
16101994
16101995
16101996
16101997
16111979
16111980
16111981
16111982
16111983
16111984
16111985
16111986
16111987
16111988
16111989
16111990
16111991
16111992
16111993
16111994
16111995
16121612
16121976
16121980
16121981
16121982
16121983
16121984
16121985
16121986
16121987
16121988
16121989
16121990
16121991
16121992
16121993
16121994
16121995
16121996
16121997
16121998
16161616
16164649
16181618
16201620
16231623
16241624
16251625
16261626
16641664
166hhhijae
167669123
16777216
168168168
16859537
16881688
16897168
168asd168
16912194
169xr600
16bx3qvali
16d7f906289d77b3
17011701
17011982
17011983
17011984
17011985
17011986
17011987
17011988
17011989
17011990
17011991
17011992
17011993
17011994
17011995
17011996
17011997
17021978
17021979
17021980
17021981
17021982
17021983
17021984
17021985
17021986
17021987
17021988
17021989
17021990
17021991
17021992
17021993
17021994
17021995
17021996
17021997
17031703
17031978
17031980
17031981
17031982
17031983
17031984
17031985
17031986
17031987
17031988
17031989
17031990
17031991
17031992
17031993
17031994
17031995
17031996
17031997
17041978
17041979
17041980
17041981
17041982
17041983
17041984
17041985
17041986
17041987
17041988
17041989
17041990
17041991
17041992
17041993
17041994
17041995
17041996
17041997
17051705
17051980
17051981
17051982
17051983
17051984
17051985
17051986
17051987
17051988
17051989
17051990
17051991
17051992
17051993
17051994
17051995
17051996
17051997
17052000
17061977
17061980
17061981
17061982
17061983
17061984
17061985
17061986
17061987
17061988
17061989
17061990
17061991
17061992
17061993
17061994
17061995
17071707
17071977
17071980
17071981
17071982
17071983
17071984
17071985
17071986
17071987
17071988
17071989
17071990
17071991
17071992
17071993
17071994
17071995
17071996
17071997
17071998
17081945
17081977
17081980
17081981
17081982
17081983
17081984
17081985
17081986
17081987
17081988
17081989
17081990
17081991
17081992
17081993
17081994
17081995
17081996
17091979
17091980
17091981
17091982
17091983
17091984
17091985
17091986
17091987
17091988
17091989
17091990
17091991
17091992
17091993
17091994
17091995
17101710
17101975
17101976
17101978
17101979
17101980
17101981
17101982
17101983
17101984
17101985
17101986
17101987
17101988
17101989
17101990
17101991
17101992
17101993
17101994
17101995
17101996
17101997
17111979
17111980
17111981
17111982
17111983
17111984
17111985
17111986
17111987
17111988
17111989
17111990
17111991
17111992
17111993
17111994
17111995
171204jg
17121712
17121976
17121977
17121978
17121979
17121980
17121981
17121982
17121983
17121984
17121985
17121986
17121987
17121988
17121989
17121990
17121991
17121992
17121993
17121994
17121995
17121996
17121997
17121998
17151715
17171717
17181718
1721k1721
172839456
17320508
17391739
17711771
17761776
17831783
178663a6
17891789
17931793
17932486
179324865
17agustus
17n6fpn233
18001800
18011980
18011982
18011983
18011984
18011985
18011986
18011987
18011988
18011989
18011990
18011991
18011992
18011993
18011994
18011995
18011996
18011997
18021802
18021977
18021978
18021980
18021981
18021982
18021983
18021984
18021985
18021986
18021987
18021988
18021989
18021990
18021991
18021992
18021993
18021994
18021995
18021996
18021997
18031977
18031979
18031980
18031981
18031982
18031983
18031984
18031985
18031986
18031987
18031988
18031989
18031990
18031991
18031992
18031993
18031994
18031995
18031996
18031997
18041804
18041979
18041980
18041981
18041982
18041983
18041984
18041985
18041986
18041987
18041988
18041989
18041990
18041991
18041992
18041993
18041994
18041995
18041996
18041997
18051805
18051978
18051980
18051981
18051982
18051983
18051984
18051985
18051986
18051987
18051988
18051989
18051990
18051991
18051992
18051993
18051994
18051995
18051996
18061979
18061980
18061981
18061982
18061983
18061984
18061985
18061986
18061987
18061988
18061989
18061990
18061991
18061992
18061993
18061994
18061996
18071980
18071981
18071982
18071983
18071984
18071985
18071986
18071987
18071988
18071989
18071990
18071991
18071992
18071993
18071994
18071995
18081808
18081976
18081977
18081980
18081981
18081982
18081983
18081984
18081985
18081986
18081987
18081988
18081989
18081990
18081991
18081992
18081993
18081994
18081995
18081997
18081998
18091978
18091979
18091980
18091981
18091982
18091983
18091984
18091985
18091986
18091987
18091988
18091989
18091990
18091991
18091992
18091993
18091994
18091995
18091996
18101810
18101979
18101980
18101981
18101982
18101983
18101984
18101985
18101986
18101987
18101988
18101989
18101990
18101991
18101992
18101993
18101994
18101995
18101996
18111980
18111981
18111982
18111983
18111984
18111985
18111986
18111987
18111988
18111989
18111990
18111991
18111992
18111993
18111994
18111995
18111996
18121812
18121977
18121978
18121979
18121980
18121981
18121982
18121983
18121984
18121985
18121986
18121987
18121988
18121989
18121990
18121991
18121992
18121993
18121994
18121995
18121996
18121997
18121998
18181818
18191819
18211821
18273645
18281828
182blink
18436572
18811881
18811938
1887415157
18881888
18991899
18hibird00
18n28n24a5
19001560
19001570
19001900
1900561252
19011901
19011977
19011978
19011980
19011981
19011982
19011983
19011984
19011985
19011986
19011987
19011988
19011989
19011990
19011991
19011992
19011993
19011994
19011995
19011996
19012001
19021902
19021975
19021976
19021977
19021979
19021980
19021981
19021982
19021983
19021984
19021985
19021986
19021987
19021988
19021989
19021990
19021991
19021992
19021993
19021994
19021995
19021996
19021997
19022000
19031903
19031979
19031980
19031981
19031982
19031983
19031984
19031985
19031986
19031987
19031988
19031989
19031990
19031991
19031992
19031993
19031994
19031995
19031996
19031997
19031998
19032000
19032003
19041904
19041978
19041979
19041980
19041981
19041982
19041983
19041984
19041985
19041986
19041987
19041988
19041989
19041990
19041991
19041992
19041993
19041994
19041995
19041996
19041997
19051905
19051977
19051979
19051980
19051981
19051982
19051983
19051984
19051985
19051986
19051987
19051988
19051989
19051990
19051991
19051992
19051993
19051994
19051995
19051996
19051997
19051998
19052000
19052005
19061906
19061978
19061979
19061980
19061981
19061982
19061983
19061984
19061985
19061986
19061987
19061988
19061989
19061990
19061991
19061992
19061993
19061994
19061995
19061996
19061997
19071907
19071979
19071980
19071981
19071982
19071983
19071984
19071985
19071986
19071987
19071988
19071989
19071990
19071991
19071992
19071993
19071994
19071995
19071996
19071997
19071998
19071999
19072007
1907fb1907
1907fener
19081908
19081977
19081978
19081980
19081981
19081982
19081983
19081984
19081985
19081986
19081987
19081988
19081989
19081990
19081991
19081992
19081993
19081994
19081995
19081996
19081997
19091909
19091977
19091978
19091979
19091980
19091981
19091982
19091983
19091984
19091985
19091986
19091987
19091988
19091989
19091990
19091991
19091992
19091993
19091994
19091995
19091996
19091997
19091999
190989val
19101910
19101976
19101977
19101979
19101980
19101981
19101982
19101983
19101984
19101985
19101986
19101987
19101988
19101989
19101990
19101991
19101992
19101993
19101994
19101995
19101996
19101997
19111911
19111980
19111982
19111983
19111984
19111985
19111986
19111987
19111988
19111989
19111990
19111991
19111992
19111993
19111994
19111995
19111996
19121912
19121978
19121979
19121980
19121981
19121982
19121983
19121984
19121985
19121986
19121987
19121988
19121989
19121990
19121991
19121992
19121993
19121994
19121995
19121996
19121997
19141914
19141918
19171917
19181918
19190721
19191919
19201920
19211921
19216801
19216811
19221922
19231923
19241924
19251925
19271927
19281928
192837456
19283746
192837465
1928374650
1928374655
192837465a
192837465q
19291929
19331933
19348054
19361936
19371937
19372846
193728465
19381938
19391939
19391945
19401940
1941-1945
19411941
19411945
19421942
19431943
19441944
19451945
19461946
19471947
19481948
19491001
19491949
1949qwea
19501950
19511951
19521952
19531953
19541954
19551955
19561956
19571957
1957chevy
19581228
19581958
19591959
19601960
19611961
19621962
19631963
19641964
19650317
19651965
19661966
19671967
19671994
19681968
19691969
1969camaro
19701970
19711209
19711971
19721972
19730316
19731973
19733791
19734682
197346825
19738246
197382465
19741974
19751975
19761976
19771202
19771977
19781978
19790208a
19791979
19791980
19791981
19801980
19801981
19801982
19801983
19810520
19811127
19811981
19811982
19820918
19820922
19821001
19821010
19821012
19821028
19821122
19821212
19821218
19821982
19821983
19821984
19822891
1982gonzo
19830305
19831010
19831011
19831013
19831015
19831016
19831019
19831020
19831022
19831120
19831212
19831227
19831983
19831984
19831985
19833891
19840101
19840209
19841004
19841010
19841011
19841012
19841013
19841014
19841015
19841016
19841017
19841018
19841019
19841020
19841021
19841022
19841023
19841024
19841025
19841026
19841027
19841028
19841029
19841102
19841103
19841120
19841121
19841122
19841123
19841124
19841125
19841126
19841212
19841221
19841224
19841225
19841226
19841984
19841985
19841986
19844891
19850101
19851005
19851010
19851011
19851012
19851013
19851015
19851016
19851018
19851019
19851020
19851022
19851023
19851024
19851025
19851026
19851028
19851030
19851104
19851111
19851113
19851115
19851120
19851121
19851122
19851123
19851125
19851126
19851127
19851128
19851202
19851205
19851210
19851211
19851212
19851213
19851214
19851215
19851216
19851217
19851218
19851220
19851221
19851223
19851224
19851225
19851228
19851230
19851985
19851986
19851987
19855891
19860101
19860126
19860202
19860214
19860503
19860606
19860610
19861001
19861002
19861010
19861011
19861012
19861013
19861014
19861015
19861016
19861017
19861018
19861020
19861021
19861022
19861023
19861024
19861025
19861026
19861027
19861028
19861029
19861030
19861103
19861105
19861106
19861108
19861110
19861111
19861112
19861115
19861116
19861119
19861120
19861121
19861122
19861123
19861125
19861126
19861129
19861204
19861209
19861210
19861211
19861212
19861213
19861214
19861215
19861216
19861217
19861218
19861219
19861220
19861221
19861223
19861224
19861225
19861226
19861228
19861986
19861987
19861988
19866891
19870101
19870212
19870214
19870513
19870718
19871004
19871010
19871011
19871012
19871013
19871014
19871015
19871016
19871017
19871019
19871020
19871021
19871022
19871023
19871024
19871025
19871026
19871027
19871028
19871029
19871030
19871102
19871105
19871111
19871120
19871121
19871122
19871123
19871125
19871126
19871128
19871210
19871211
19871212
19871213
19871215
19871218
19871221
19871224
19871225
19871226
19871987
19871988
19877891
19880728
19880808
19881010
19881011
19881012
19881013
19881018
19881019
19881020
19881021
19881022
19881025
19881028
19881120
19881121
19881125
19881128
19881210
19881212
19881213
19881215
19881220
19881224
19881225
19881988
19881989
19888891
1988comeer
19891010
19891012
19891016
19891020
19891110
19891120
19891212
19891218
19891225
19891226
19891989
19899891
19900991
19901990
19901990p
19911991
19911992
19920328
19921124
19921992
19921993
19921994
19922991
19931993
19931994
19932007
19932008
19932009
19933991
19941994
19941995
19941996
19944991
19951995
19951996
19952009
19952009sa
19955991
19961907
19961996
19961997
19961998
19962009
19966991
19971997
19971998
19977991
19981998
199819981998
19981998a
19982002
19988991
19991999
19992000
19992001
19aa14aa
1a1a1a1a
1a1a1a1a1a
1a1a1a1b
1a2a3a4a
1a2a3a4a5a
1a2a3a4a5a6
1a2a3a4a5a6a
1a2b3c4d
1a2b3c4d5e
1a2b3c4d5e6f
1a2s3d4f
1a2s3d4f5g
1a2s3d4f5g6h
1a2s3d4f5g6h7j
1a2z3e4r
1abcdefg
1adgjmptw
1alexander
1america
1andonly
1anthony
1arsenal
1asdfghjkl
1asshole
1b3456789
1babyboy
1babygirl
1baseball
1bigdick
1billion
1brandon
1brother
1bulldog
1butterfly
1cecream
1charlie
1chelsea
1chicken
1chocolate
1ck75iflga
1computer
1d2d3d4d
1ddf2556
1destiny
1diamond
1direction
1dolphin
1dontknow
1drowssap
1drummer
1elephant
1elizabeth
1fckoeln
1fcnykg992
1fineday
1fish2fi
1fish2fish
1football
1forever
1fptjtl919
1fr2rfq7xl
1freedom
1fuckyou
1g2w3e4r
1gangsta
1gpu7ms328
1gubbins1
1hateyou
1hotmama
1hro3lew5x
1hundred
1hxboqg2s
1iffqb66tw
1ikhoq7l1i
1iloveyou
1jackson
1jasmine
1jennifer
1jessica
1l0v3y0u
1ladybug
1letmein
1life2live
1liverpool
1love4me
1lovegod
1lovejesus
1loveyou
1madison
1malaysia
1manarmy
1matthew
1melissa
1michael
1michelle
1million
1monkey1
1monster
1moretime
1mp0r7ant
1mustang
1myspace
1newlife
1nf1n1ty
1nt3rn3t
1nternet
1nuyasha
1ofakind
1onelove
1oovba9b4d
1passion
1password
1password1
1password2
1patrick
1pioneer
1pokemon
1princess
1q0o2w9i
1q0p2w9o
1q1q1q1q
1q1q1q1q1q
1q1q2w2w
1q1w1e1r
1q1z2wsx
1q21q21q2
1q2q3q4q
1q2q3q4q5q
1q2q3q4q5q6q
1q2w1q2w
1q2w3e123
1q2w3e1q2w3e
1q2w3e3e2w1q
1q2w3e4e3w2q
1q2w3e4r
1q2w3e4r1
1q2w3e4r5
1q2w3e4r5t
1q2w3e4r5t6
1q2w3e4r5t6y
1q2w3e4r5t6y7
1q2w3e4r5t6y7u
1q2w3e4r5t6y7u8
1q2w3e4r5t6y7u8i
1q2w3e4r5t6y7u8i9o
1q2w3e4r5t6y7u8i9o0p
1q2w3e4r5t6z
1q2w3e4rr
1q2w3e4w
1q2w3easd
1q2w3eazsxdc
1q2w3ee3w2q1
1q2w3er4
1q2wazsx
1q32w3e4r
1q32w3e4r5t
1q3e2w4r
1q3e5t7u
1q3e5t7u9o
1qa2ws3e
1qa2ws3ed
1qa2ws3ed12345
1qa2ws3ed4rf
1qa2ws3ed4rf5tg
1qasw23ed
1qay1qay
1qay2wsx
1qay2wsx3edc
1qayxsw2
1qaz!qaz
1qaz0okm
1qaz0plm
1qaz1234
1qaz1qaz
1qaz1qaz1qaz
1qaz1qazz3
1qaz2wsx
1qaz2wsx1
1qaz2wsx3
1qaz2wsx3e
1qaz2wsx3ed
1qaz2wsx3edc
1qaz2wsx3edc4rfv
1qaz2wsx3edc4rfv5tgb
1qaz32wsx
1qaz3edc
1qaz3edc2wsx
1qaz3edc5tgb
1qaz@wsx
1qazse4rfv
1qazwsxedc
1qazxcvb
1qazxcvbnm
1qazxdr5
1qazxsw2
1qazxsw21
1qazxsw23
1qazxsw23edc
1qazxsw23edcvfr4
1qazxsw@
1qazzaq!
1qazzaq1
1qw21qw2
1qw23er4
1qw23er45t
1qw23er45ty6
1qweasdzxc
1qwerty1
1qwerty2
1qwerty7
1qwertyu
1qwertyui
1qwertyuio
1qwertyuiop
1rainbow
1richard
1s2a3s4h5a
1s2s3s4s
1samantha
1samsung
1shot1kill
1stclass
1stsarge
1sunshine
1superman
1superstar
1sza98bqiq
1tasjy38yx
1teacher
1treehill
1truelove
1tweaker
1two3four
1v7upjw3nt
1w2e3r4t
1w2q3r4e
1w2w3w4w
1w2w3w4w5w
1warrior
1waxzsq2
1wbe6ygw2o
1wh9gp4dwq
1william
1x2x3x4x
1x2x3x4x5x
1xsqxc6b9t
1z2x3c4v
1z2x3c4v5b
1z2x3c4v5b6n
1z2x3c4v5b6n7m
1z2z3z4z
1z2z3z4z5z
1zg1h9suza
1zn6fpn01n
1zxcvbnm
1zyybyt82a
20000000
20002000
20002001
2000comeer
20011977
20011978
20011979
20011980
20011981
20011982
20011983
20011984
20011985
20011986
20011987
20011988
20011989
20011990
20011991
20011992
20011993
20011994
20011995
20011996
20011997
20011998
20012001
20012002
20012003
20012004
20012005
20012006
20012007
20021976
20021978
20021979
20021980
20021981
20021982
20021983
20021984
20021985
20021986
20021987
20021988
20021989
20021990
20021991
20021992
20021993
20021994
20021995
20021996
20021997
20021998
20022002
20022003
20022004
20022006
20031978
20031979
20031980
20031981
20031982
20031983
20031984
20031985
20031986
20031987
20031988
20031989
20031990
20031991
20031992
20031993
20031994
20031995
20031996
20031997
20031998
20032003
20032004
20032005
20032006
20032007
20032008
20032009
2003vkom
20041889
20041976
20041977
20041978
20041979
20041980
20041981
20041982
20041983
20041984
20041985
20041986
20041987
20041988
20041989
20041990
20041991
20041992
20041993
20041994
20041995
20041996
20042004
20042005
20042007
20042008
20051977
20051979
20051980
20051981
20051982
20051983
20051984
20051985
20051986
20051987
20051988
20051989
20051990
20051991
20051992
20051993
20051994
20051995
20051996
20051997
20051998
20052000
20052005
20052006
20052007
20052008
20061980
20061981
20061982
20061983
20061984
20061985
20061986
20061987
20061988
20061989
20061990
20061991
20061992
20061993
20061994
20061995
20061996
20061997
20062006
20062007
20062008
20062009
20071980
20071981
20071982
20071983
20071984
20071985
20071986
20071987
20071988
20071989
20071990
20071991
20071992
20071993
20071994
20071995
20071996
20071997
20072007
20072008
200799mk
20080808
20081975
20081977
20081980
20081981
20081982
20081983
20081984
20081985
20081986
20081987
20081988
20081989
20081990
20081991
20081992
20081993
20081994
20081995
20081996
20081997
20081998
20082008
20082009
2008520085
20091979
20091980
20091981
20091982
20091983
20091984
20091985
20091986
20091987
20091988
20091989
20091990
20091991
20091992
20091993
20091994
20091995
20091996
200919ab
20092008
20092009
20092010
20100728
20101978
20101979
20101980
20101981
20101982
20101983
20101984
20101985
20101986
20101987
20101988
20101989
20101990
20101991
20101992
20101993
20101994
20101995
20101996
20101997
20101998
20102000
20102007
20102010
20102011
2010comer
20111978
20111979
20111980
20111981
20111982
20111983
20111984
20111985
20111986
20111987
20111988
20111989
20111990
20111991
20111992
20111993
20111994
20111995
20111996
20111997
20112011
20112012
20121976
20121977
20121978
20121980
20121981
20121982
20121983
20121984
20121985
20121986
20121987
20121988
20121989
20121990
20121991
20121992
20121993
20121994
20121995
20121996
20121997
20122012
2012comeer
20132013
20142014
20152015
20162016
20192019
20202020
2020202020
20212021
20232023
20252025
20302030
20304050
20402040
20462046
20471120
20fghtkz79
20himmel3
21002100
21011974
21011980
21011981
21011982
21011983
21011984
21011985
21011986
21011987
21011988
21011989
21011990
21011991
21011992
21011993
21011994
21011995
21011996
21011997
21012001
21012101
21021978
21021979
21021980
21021981
21021982
21021983
21021984
21021985
21021986
21021987
21021988
21021989
21021990
21021991
21021992
21021993
21021994
21021995
21021996
21021997
21022102
21031977
21031978
21031979
21031980
21031981
21031982
21031983
21031984
21031985
21031986
21031987
21031988
21031989
21031990
21031991
21031992
21031993
21031994
21031995
21031996
21031997
21032103
21041978
21041979
21041981
21041982
21041983
21041984
21041985
21041986
21041987
21041988
21041989
21041990
21041991
21041992
21041993
21041994
21041995
21041996
21041997
21042104
21051978
21051979
21051980
21051981
21051982
21051983
21051984
21051985
21051986
21051987
21051988
21051989
21051990
21051991
21051992
21051993
21051994
21051995
21051996
21051997
21051998
21052105
21061978
21061979
21061980
21061981
21061982
21061983
21061984
21061985
21061986
21061987
21061988
21061989
21061990
21061991
21061992
21061993
21061994
21061995
21061996
21062008
21062106
21071980
21071981
21071982
21071983
21071984
21071985
21071986
21071987
21071988
21071989
21071990
21071991
21071992
21071993
21071994
21071995
21072107
21081978
21081979
21081980
21081981
21081982
21081983
21081984
21081985
21081986
21081987
21081988
21081989
21081990
21081991
21081992
21081993
21081994
21081995
21081996
21081998
21082000
21082108
21091979
21091980
21091981
21091982
21091983
21091984
21091985
21091986
21091987
21091988
21091989
21091990
21091991
21091992
21091993
21091994
21091995
21091996
21092109
21101976
21101979
21101980
21101981
21101982
21101983
21101984
21101985
21101986
21101987
21101988
21101989
21101990
21101991
21101992
21101993
21101994
21101995
21101996
21101997
21102110
211099211zaq211
21111980
21111981
21111982
21111983
21111984
21111985
21111986
21111987
21111988
21111989
21111990
21111991
21111992
21111993
21111994
21111995
21111996
21111997
21121977
21121978
21121980
21121981
21121982
21121983
21121984
21121985
21121986
21121987
21121988
21121989
21121990
21121991
21121992
21121993
21121994
21121995
21121996
21122001
21122012
21122112
2112rush
211314108
21202120
21212121
2121212121
212121abc
2121998asdf
21222122
21222324
212224236
21232123
21242124
21252125
21282128
21302130
21312131
21314151
213213213
21322132
21332133
21342134
213546879
21412141
21422142
21432143
21436587
2143658709
21452145
21472147
2147483647
21512151
219262377
21november
21wqsaxz
22002200
22011976
22011981
22011982
22011983
22011984
22011985
22011986
22011987
22011988
22011989
22011990
22011991
22011992
22011993
22011994
22011995
22011996
22011997
22012201
22021977
22021978
22021979
22021980
22021982
22021983
22021984
22021985
22021986
22021987
22021988
22021989
22021990
22021991
22021992
22021993
22021994
22021995
22021996
22021997
22021998
22022000
22022002
22022202
22031978
22031979
22031980
22031981
22031982
22031983
22031984
22031985
22031986
22031987
22031988
22031989
22031990
22031991
22031992
22031993
22031994
22031995
22031996
22031997
22032203
22041977
22041978
22041980
22041981
22041982
22041983
22041984
22041985
22041986
22041987
22041988
22041989
22041990
22041991
22041992
22041993
22041994
22041995
22041996
22041997
22041998
22042204
2204cherie
22051980
22051981
22051982
22051983
22051984
22051985
22051986
22051987
22051988
22051989
22051990
22051991
22051992
22051993
22051994
22051995
22051996
22051997
22051998
22052205
22061941
22061973
22061978
22061981
22061982
22061983
22061984
22061985
22061986
22061987
22061988
22061989
22061990
22061991
22061992
22061993
22061994
22061995
22061996
22061997
22062206
22071972
22071977
22071980
22071981
22071982
22071983
22071984
22071985
22071986
22071987
22071988
22071989
22071990
22071991
22071992
22071993
22071994
22071995
22071996
22071997
22081978
22081980
22081981
22081982
22081983
22081984
22081985
22081986
22081987
22081988
22081989
22081990
22081991
22081992
22081993
22081994
22081995
22081996
22091978
22091980
22091981
22091982
22091983
22091984
22091985
22091986
22091987
22091988
22091989
22091990
22091991
22091992
22091993
22091994
22091995
22091996
22091997
22091998
22092209
22101976
22101978
22101979
22101980
22101981
22101982
22101983
22101984
22101985
22101986
22101987
22101988
22101989
22101990
22101991
22101992
22101993
22101994
22101995
22101996
22101997
22101998
22102210
22111976
22111978
22111979
22111980
22111981
22111982
22111983
22111984
22111985
22111986
22111987
22111988
22111989
22111990
22111991
22111992
22111993
22111994
22111995
22111996
22112211
221133qwe
22121978
22121979
22121980
22121981
22121982
22121983
22121984
22121985
22121986
22121987
22121988
22121989
22121990
22121991
22121992
22121993
22121994
22121995
22121996
22121997
22121998
22122212
22132213
22142214
22152215
22221111
22222222
222222222
2222222222
22222222221
222222222222
22223333
22224444
22225555
222333444
22312231
22332233
22334455
2233445566
22342234
22360679
22362236
2238qwer
22442244
22446688
2244668800
22552255
22558800
22662266
22711882
22772277
228228228
22882288
23011980
23011981
23011982
23011983
23011984
23011985
23011986
23011987
23011988
23011989
23011990
23011991
23011992
23011993
23011994
23011995
23011996
23011997
23011998
23012301
23021977
23021978
23021979
23021980
23021981
23021982
23021983
23021984
23021985
23021986
23021987
23021988
23021989
23021990
23021991
23021992
23021993
23021994
23021995
23021996
23021998
23022302
23031980
23031981
23031982
23031983
23031984
23031985
23031986
23031987
23031988
23031988kim
23031989
23031990
23031991
23031992
23031993
23031994
23031995
23031996
23031997
23032303
23041977
23041978
23041979
23041980
23041981
23041982
23041983
23041984
23041985
23041986
23041987
23041988
23041989
23041990
23041991
23041992
23041993
23041994
23041995
23041996
23041997
23041998
23042304
23050120257
23051979
23051980
23051981
23051982
23051983
23051984
23051985
23051986
23051987
23051988
23051989
23051990
23051991
23051992
23051993
23051994
23051995
23051996
23051997
23052305
23061978
23061980
23061981
23061982
23061983
23061984
23061985
23061986
23061987
23061988
23061989
23061990
23061991
23061992
23061993
23061994
23061995
23061996
23061997
23062306
23071977
23071979
23071980
23071981
23071982
23071983
23071984
23071985
23071986
23071987
23071988
23071989
23071990
23071991
23071992
23071993
23071994
23071995
23071996
23071997
23071998
23072307
23081979
23081980
23081981
23081982
23081983
23081984
23081985
23081986
23081987
23081988
23081989
23081990
23081991
23081992
23081993
23081994
23081995
23081996
23082308
230884007
230911an
23091977
23091979
23091980
23091981
23091982
23091983
23091984
23091985
23091986
23091987
23091988
23091989
23091990
23091991
23091992
23091993
23091994
23091995
23091996
23092309
23101971
23101979
23101980
23101981
23101982
23101983
23101984
23101985
23101986
23101987
23101988
23101989
23101990
23101991
23101992
23101993
23101994
23101995
23101996
23101997
23101998
23102310
23111978
23111979
23111980
23111981
23111982
23111983
23111984
23111985
23111986
23111987
23111988
23111989
23111990
23111991
23111992
23111993
23111994
23111995
23112311
23121978
23121980
23121981
23121982
23121983
23121984
23121985
23121986
23121987
23121988
23121989
23121990
23121991
23121992
23121993
23121994
23121995
23121996
23121997
23121998
23122312
23132313
23142314
23152315
23192319
23212321
23232323
2323232323
23242324
23242526
23252325
23262326
23272327
23322332
23412341
234234234
23452345
23456789
234567890
234567891
23562356
235689741
23571113
23572357
23652365
23692369
23jordan
23skidoo
23vec4rpcc
23wesdxc
24011980
24011981
24011982
24011983
24011984
24011985
24011986
24011987
24011988
24011989
24011990
24011991
24011992
24011993
24011994
24011995
24011996
24011997
24012401
24021980
24021981
24021982
24021983
24021984
24021985
24021986
24021987
24021988
24021989
24021990
24021991
24021992
24021993
24021994
24021995
24021996
24021997
24031979
24031980
24031981
24031982
24031983
24031984
24031985
24031986
24031987
24031988
24031989
24031990
24031991
24031992
24031993
24031994
24031995
24032403
24041978
24041979
24041980
24041981
24041982
24041983
24041984
24041985
24041986
24041987
24041988
24041989
24041990
24041991
24041992
24041993
24041994
24041995
24041996
24041997
24041998
24042004
24042404
24051980
24051981
24051982
24051983
24051984
24051985
24051986
24051987
24051988
24051989
24051990
24051991
24051992
24051993
24051994
24051995
24051996
24051997
24061978
24061980
24061981
24061982
24061983
24061984
24061985
24061986
24061987
24061988
24061989
24061990
24061991
24061992
24061993
24061994
24061995
24061996
24061997
24071980
24071981
24071982
24071983
24071984
24071985
24071986
24071987
24071988
24071989
24071990
24071991
24071992
24071993
24071994
24071995
24071996
24071997
24081980
24081981
24081982
24081983
24081984
24081985
24081986
24081987
24081988
24081989
24081990
24081991
24081992
24081993
24081994
24081995
24081996
24082408
24091979
24091982
24091983
24091984
24091985
24091986
24091987
24091988
24091989
24091990
24091991
24091992
24091993
24091994
24091995
24091996
24101977
24101978
24101980
24101981
24101982
24101983
24101984
24101985
24101986
24101987
24101988
24101989
24101990
24101991
24101992
24101993
24101994
24101995
24101996
24101997
24101998
24102410
24111978
24111979
24111981
24111982
24111983
24111984
24111985
24111986
24111987
24111988
24111989
24111990
24111991
24111992
24111993
24111994
24111995
24112411
24121977
24121980
24121981
24121982
24121983
24121984
24121985
24121986
24121987
24121988
24121989
24121990
24121991
24121992
24121993
24121994
24121995
24121996
24121997
24121998
24122003
24122412
24132413
24152415
24242424
24252425
24262426
24282428
24422442
24512451
24562456
2468013579
24681012
2468101214
24681357
246813579
24681379
24682468
24688642
24692469
248163264
24861793
24862486
24992499
24coxh4uzy
24gordon
24vquo5kgt
25002500
25011981
25011982
25011983
25011984
25011985
25011986
25011987
25011988
25011989
25011990
25011991
25011992
25011993
25011994
25011995
25011996
25012501
25021977
25021978
25021979
25021980
25021981
25021982
25021983
25021984
25021985
25021986
25021987
25021988
25021989
25021990
25021990a
25021991
25021992
25021993
25021994
25021995
25021998
25031978
25031980
25031981
25031982
25031983
25031984
25031985
25031986
25031987
25031988
25031989
25031990
25031991
25031992
25031993
25031994
25031995
25031996
25031997
25031998
25032503
25041977
25041979
25041980
25041981
25041982
25041983
25041984
25041985
25041986
25041987
25041988
25041989
25041990
25041991
25041992
25041993
25041994
25041995
25041996
25041997
25042504
25051975
25051977
25051979
25051980
25051981
25051982
25051983
25051984
25051985
25051986
25051987
25051988
25051989
25051990
25051991
25051992
25051993
25051994
25051995
25051996
25051998
25052005
25052505
25061978
25061980
25061981
25061982
25061983
25061984
25061985
25061986
25061987
25061988
25061989
25061990
25061991
25061992
25061993
25061994
25061995
25061996
25061997
25061998
25062506
25071980
25071981
25071982
25071983
25071984
25071985
25071986
25071987
25071988
25071989
25071990
25071991
25071992
25071993
25071994
25071995
25071996
25081980
25081981
25081982
25081983
25081984
25081985
25081986
25081987
25081988
25081989
25081990
25081991
25081992
25081993
25081994
25081995
25082508
25091979
25091980
25091981
25091982
25091983
25091984
25091985
25091986
25091987
25091988
25091989
25091990
25091991
25091992
25091993
25091994
25091995
25091996
25092509
25101978
25101979
25101980
25101981
25101982
25101983
25101984
25101985
25101986
25101987
25101988
25101989
25101990
25101991
25101992
25101993
25101994
25101995
25101996
25101997
25102000
25102510
25111978
25111980
25111981
25111982
25111983
25111984
25111985
25111986
25111987
25111988
25111989
25111990
25111991
25111992
25111993
25111994
25111995
25111996
25111997
25112511
25121975
25121977
25121978
25121979
25121980
25121981
25121982
25121983
25121984
25121985
25121986
25121987
25121988
25121989
25121990
25121991
25121992
25121993
25121994
25121995
25121996
25121997
25122000
25122512
25132513
25142514
25152515
25162516
25172517
25182518
25192519
25202520
25212521
25222522
25232523
25242524
25251325
25252525
2525252525
25257758
25262526
25272527
25282528
25292529
25302530
25312531
25322532
25332533
25342534
25352535
25362536
25382538
25392539
25402540
25412541
25432543
25442544
25452545
25462546
25472547
25522552
25632563
25692569
256buowriz
25800852
2580098otilem
25802580
258147369
258258258
258369147
258369dbd
258456258456
258741369
25892589
258963147
25d39959
25e5xyqbeh
25g8gb9975
25or6to4
25tolife
26011980
26011981
26011982
26011983
26011984
26011985
26011986
26011987
26011988
26011989
26011990
26011991
26011992
26011993
26011994
26011995
26011996
26021980
26021981
26021982
26021983
26021984
26021985
26021986
26021987
26021988
26021989
26021990
26021991
26021992
26021993
26021994
26021995
26021996
26021997
26031980
26031981
26031982
26031983
26031984
26031985
26031986
26031987
26031988
26031989
26031990
26031991
26031992
26031993
26031994
26031995
26031996
26031997
26031998m
26041980
26041982
26041983
26041984
26041985
26041986
26041987
26041988
26041989
26041990
26041991
26041992
26041993
26041994
26041995
26041996
26051980
26051981
26051982
26051983
26051984
26051985
26051986
26051987
26051988
26051989
26051990
26051991
26051992
26051993
26051994
26051995
26051996
26051997
26061978
26061980
26061981
26061982
26061983
26061984
26061985
26061986
26061987
26061988
26061989
26061990
26061991
26061992
26061993
26061994
26061995
26061996
26061997
26061998
26071980
26071981
26071982
26071983
26071984
26071985
26071986
26071987
26071988
26071989
26071990
26071991
26071992
26071993
26071994
26071995
26071996
26081980
26081981
26081982
26081983
26081984
26081985
26081986
26081987
26081988
26081989
26081990
26081991
26081992
26081993
26081994
26081995
26081996
26091981
26091982
26091983
26091984
26091985
26091986
26091987
26091988
26091989
26091990
26091991
26091992
26091993
26091994
26091995
26091996
26101979
26101980
26101981
26101982
26101983
26101984
26101985
26101986
26101987
26101988
26101989
26101990
26101991
26101992
26101993
26101994
26101995
26101996
26101998
26102610
26111978
26111980
26111981
26111982
26111983
26111984
26111985
26111986
26111987
26111988
26111989
26111990
26111991
26111992
26111993
26111994
26111995
26112611
26121977
26121980
26121981
26121982
26121983
26121984
26121985
26121986
26121987
26121988
26121989
26121990
26121991
26121992
26121993
26121994
26121995
26121996
26121997
26121998
26122612
26262626
26272627
26282628
26842684
27011978
27011981
27011982
27011983
27011984
27011985
27011986
27011987
27011988
27011989
27011990
27011991
27011992
27011993
27011994
27011995
27011996
27021981
27021982
27021983
27021984
27021985
27021986
27021987
27021988
27021989
27021990
27021991
27021992
27021993
27021994
27021995
27021996
27021997
27031980
27031981
27031982
27031984
27031985
27031986
27031987
27031988
27031989
27031990
27031991
27031992
27031993
27031994
27031995
27031997
27041977
27041980
27041981
27041982
27041983
27041984
27041985
27041986
27041987
27041988
27041989
27041990
27041991
27041992
27041993
27041994
27041995
27041996
27051977
27051980
27051981
27051982
27051983
27051984
27051985
27051986
27051987
27051988
27051989
27051990
27051991
27051992
27051993
27051994
27051995
27061980
27061981
27061982
27061983
27061984
27061985
27061986
27061987
27061988
27061989
27061990
27061991
27061992
27061993
27061994
27061995
27061996
27071977
27071980
27071981
27071982
27071983
27071984
27071985
27071986
27071987
27071988
27071989
27071990
27071991
27071992
27071993
27071994
27071995
27071996
27072000
27072007
27081981
27081982
27081983
27081984
27081985
27081986
27081987
27081988
27081989
27081990
27081991
27081992
27081993
27081994
27081995
27081996
27081997
27091979
27091981
27091982
27091983
27091984
27091985
27091986
27091987
27091988
27091989
27091990
27091991
27091992
27091993
27091994
27091995
27091996
27101979
27101980
27101981
27101982
27101983
27101984
27101985
27101986
27101987
27101988
27101989
27101990
27101991
27101992
27101993
27101994
27101995
27101997
27102006
27102710
27111978
27111979
27111980
27111981
27111982
27111983
27111984
27111985
27111986
27111987
27111988
27111989
27111990
27111991
27111992
27111993
27111994
27111995
27112711
27121980
27121981
27121982
27121983
27121984
27121985
27121986
27121987
27121988
27121989
27121990
27121991
27121992
27121993
27121994
27121995
27121996
27272727
27542754
28011980
28011981
28011982
28011983
28011984
28011985
28011986
28011987
28011988
28011989
28011990
28011991
28011992
28011993
28011994
28011995
28021978
28021980
28021982
28021983
28021984
28021985
28021986
28021987
28021988
28021989
28021990
28021991
28021992
28021993
28021994
28021995
28021996
28021997
28031980
28031981
28031982
28031983
28031984
28031985
28031986
28031987
28031988
28031989
28031990
28031991
28031992
28031993
28031994
28031995
28031996
28041980
28041981
28041982
28041983
28041984
28041985
28041986
28041987
28041988
28041989
28041990
28041991
28041992
28041993
28041994
28041995
28041996
28041997
28041998
28051978
28051980
28051981
28051982
28051983
28051984
28051985
28051986
28051987
28051988
28051989
28051990
28051991
28051992
28051993
28051994
28051995
28051996
28061980
28061982
28061983
28061984
28061985
28061986
28061987
28061988
28061989
28061990
28061991
28061992
28061993
28061994
28061995
28061996
28071976
28071977
28071981
28071982
28071983
28071984
28071985
28071986
28071987
28071988
28071989
28071990
28071991
28071992
28071993
28071994
28071995
28081978
28081980
28081982
28081983
28081984
28081985
28081986
28081987
28081988
28081989
28081990
28081991
28081992
28081993
28081994
28081995
28081996
28081997
28081998
28091981
28091982
28091983
28091984
28091985
28091986
28091987
28091988
28091989
28091990
28091991
28091992
28091993
28091994
28091995
28091996
28101979
28101980
28101981
28101982
28101983
28101984
28101985
28101986
28101987
28101988
28101989
28101990
28101991
28101992
28101993
28101994
28101995
28101996
28101997
28102810
28111980
28111983
28111984
28111985
28111986
28111987
28111988
28111989
28111990
28111991
28111992
28111993
28111994
28111995
28111996
28121978
28121979
28121980
28121981
28121982
28121983
28121984
28121985
28121986
28121987
28121988
28121989
28121990
28121991
28121992
28121993
28121994
28121995
2813308004
28282828
28462846
28642864
2871549h
28822882
288500iiaaaa
28912891
28972323
29011980
29011981
29011982
29011983
29011984
29011985
29011986
29011987
29011988
29011989
29011990
29011991
29011992
29011993
29011994
29011995
29011996
29021980
29021984
29021988
29021992
29021996
29031981
29031982
29031983
29031984
29031985
29031986
29031987
29031988
29031989
29031990
29031991
29031992
29031993
29031994
29031995
29031996
29041980
29041982
29041983
29041984
29041985
29041986
29041987
29041988
29041989
29041990
29041991
29041992
29041993
29041994
29041995
29041996
29051980
29051981
29051983
29051984
29051985
29051986
29051987
29051988
29051989
29051990
29051991
29051992
29051993
29051994
29051995
29051996
29061980
29061981
29061982
29061983
29061984
29061985
29061986
29061987
29061988
29061989
29061990
29061991
29061992
29061993
29061994
29061995
29061996
29071977
29071980
29071981
29071982
29071983
29071984
29071985
29071986
29071987
29071988
29071989
29071990
29071991
29071992
29071993
29071994
29071995
29071997
29081982
29081983
29081984
29081985
29081986
29081987
29081988
29081989
29081990
29081991
29081992
29081993
29081994
29081995
29081996
29091977
29091978
29091979
29091980
29091981
29091982
29091983
29091984
29091985
29091986
29091987
29091988
29091989
29091990
29091991
29091992
29091993
29091994
29091995
29101978
29101979
29101980
29101981
29101982
29101983
29101984
29101985
29101986
29101987
29101988
29101989
29101990
29101991
29101992
29101993
29101994
29101995
29101996
29101997
29111980
29111982
29111983
29111984
29111985
29111986
29111987
29111988
29111989
29111990
29111991
29111992
29111993
29111994
29111995
29121978
29121979
29121981
29121982
29121983
29121984
29121985
29121986
29121987
29121988
29121989
29121990
29121991
29121992
29121993
29121994
29121995
29121997
292814lolo
29292929
29512951
29662012
29710455d
299792458
29gepc7uxv
29rsavoy
2ak7natf2d
2beornot2be
2bfiy28byl
2blessed
2boobies
2bornot2b
2brothers
2children
2cool4school
2cool4you
2cute4you
2cxdn8s271
2daughters
2doggies
2dragons
2dumb2live
2ealtd3y4y
2fast2furious
2fast4you
2friends
2fs2tw6kwh
2gelaf3h4a
2gether4ever
2good4you
2h7hb8kcup
2h7vkzo266
2hdq6c9azv
2hgfhfghfgdfg
2hot4you
2ijdkb11gi
2kittens
2kitties
2kx5eu8rxb
2lh8iswf5i
2million
2monkeys
2muchfun
2n6ezl7xhp
2ndchance
2nqw7a1517
2o8uhinl5t
2pac2pac
2pac4ever
2pac4life
2pacshakur
2password
2ps5wlc4xq
2puppies
2q2w3e8r5t
2q3w4e5r
2qd6ywa2bl
2qefx7t3sy
2qfy9x4ufs
2rjrboj53u
2roh8tl433
2s5g3urxix
2shotniy
2sisters
2smart4u
2so8oygk9g
2sweet4u
2tfgf617vrhjh
2udhzc2g3l
2vh6uais8i
2w2w2w2w
2w3e4r5t
2w3e4r5t6y
2wsx1qaz
2wsx2wsx
2wsx3edc
2wsxcde3
2wsxxsw2
2wsxzaq1
2wwerty1
3.1415926
3.14159265
3.141592654
30003000
30011978
30011980
30011982
30011983
30011984
30011985
30011986
30011987
30011988
30011989
30011990
30011991
30011992
30011993
30011994
30011995
30011996
30013001
30031976
30031977
30031978
30031979
30031980
30031981
30031982
30031983
30031984
30031985
30031986
30031987
30031988
30031989
30031990
30031991
30031992
30031993
30031994
30031995
30031996
30033003
30041978
30041979
30041980
30041981
30041982
30041983
30041984
30041985
30041986
30041987
30041988
30041989
30041990
30041991
30041992
30041993
30041994
30041995
30041996
30041997
30043004
30051979
30051980
30051981
30051982
30051983
30051984
30051985
30051986
30051987
30051988
30051989
30051990
30051991
30051992
30051993
30051994
30051995
30051996
30051999
30061980
30061981
30061982
30061983
30061984
30061985
30061986
30061987
30061988
30061989
30061990
30061991
30061992
30061993
30061994
30061995
30061997
30063006
30071979
30071980
30071983
30071984
30071985
30071986
30071987
30071988
30071989
30071990
30071991
30071992
30071993
30071994
30071995
30071996
30081980
30081982
30081983
30081984
30081985
30081986
30081987
30081988
30081989
30081990
30081991
30081992
30081993
30081994
30081995
30081996
30091977
30091980
30091981
30091982
30091983
30091984
30091985
30091986
30091987
30091988
30091989
30091990
30091991
30091992
30091993
30091994
30091995
30091996
30101978
30101979
30101980
30101981
30101982
30101983
30101984
30101985
30101986
30101987
30101988
30101989
30101990
30101991
30101992
30101993
30101994
30101995
30101996
30101998
30103010
30111982
30111983
30111984
30111985
30111986
30111987
30111988
30111989
30111990
30111991
30111992
30111993
30111994
30111995
30113011
30121978
30121980
30121981
30121982
30121983
30121984
30121985
30121986
30121987
30121988
30121989
30121990
30121991
30121992
30121993
30121994
30121995
30121996
30123012
30303030
30624700
30seconds
30secondstomars
31.05.2014
31011980
31011981
31011982
31011983
31011984
31011985
31011986
31011987
31011988
31011989
31011990
31011991
31011992
31011993
31011994
31011995
31011996
31011997
31013101
31031981
31031982
31031983
31031984
31031985
31031986
31031987
31031988
31031989
31031990
31031991
31031992
31031993
31031994
31031995
31031997
31033103
31043104
31051979
31051980
31051981
31051982
31051983
31051984
31051985
31051986
31051987
31051988
31051989
31051990
31051991
31051992
31051993
31051994
31051995
31051996
31051997
31053105
31071979
31071980
31071981
31071982
31071983
31071984
31071985
31071986
31071987
31071988
31071989
31071990
31071991
31071992
31071993
31071994
31071995
31071996
31071997
31081977
31081980
31081981
31081982
31081983
31081984
31081985
31081986
31081987
31081988
31081989
31081990
31081991
31081992
31081993
31081994
31081995
31081996
31083108
31101977
31101978
31101979
31101980
31101981
31101982
31101983
31101984
31101985
31101986
31101987
31101988
31101989
31101990
31101991
31101992
31101993
31101994
31101995
31101996
31103110
31121979
31121980
31121981
31121982
31121983
31121984
31121985
31121986
31121987
31121988
31121989
31121990
31121991
31121992
31121993
31121994
31121995
31121996
31121999
31122003
31122008
31123112
31133113
31203120
31213121
31233123
313129btd
31313131
3135134162
31413141
31415926
314159265
3141592653
31415926535
3141592654
31415927
31503150
31523152
32103210
321123321
32113211
32123212
321321321
32143214
321456789
321456987
32147896
321478965
32153215
32163216
32165498
321654987
3216549870
321654987a
3216732167
321987654
321ewqdsa
321meins
321pski285
32213221
32233223
32303230
32313231
32323232
32333435
324esmsko12
32503250
32563256
326159487
32615948worms
32sy4rdqjv
33103310
33113311
33213321
33221100
33223322
33233323
333001qwerty
333222111
33333333
333333333
3333333333
333333333333
33334444
333444555
333555777
333666999
333777333
33443344
33445566
33553355
33663366
33693369
33788900hhh
33883388
33rjhjds
34044125
34123412
34343434
34416912
344eff2f
34523452
345345345
3455436qaa
34563456
34567890
34erdfcv
35153515
35353535
35383773
355355wert
357357357
35793579
357magnum
35943594
35qok6upsr
360modena
362517www
362951847
36363636
36903690
369121518
369258147
3692581470
369258147a
369369369
369852147
36987410
36987412
369874125
36993699
36bby4qnvf
36chambers
37213721
37323732
37373737
37913791
38253825
38383838
38913891
38gjgeuftd
38popugaev
38sl1jeyzc
38special
39393939
3a3ffwb978
3ans97t397
3b44c1939
3blindmice
3brothers
3cfe170c
3children
3d8cubaj2e
3daughters
3daysgrace
3doorsdown
3dpdjj5q9n
3e4r5t6y
3edc3edc
3edc4rfv
3edcvfr4
3ehd1ixi1y
3etdd5trqd9w8g
3f3fpht7op
3ffu7awp6z
3fozaqb33q
3gbdwca496
3jp3hxs587
3kids4me
3kitties
3l3phant
3lctb58lip
3miyp1f697
3monkeys
3nc5da4uar
3odi15ngxb
3pointer
3qdlqb49js
3qvn5k4qgv
3r1bvjpn7i
3rjs1la7q
3rjs1la7qe
3s43pth5aea
3sisters
3stooges
3syqo15hil
3tutso24qf
3u7wrkaa8j
3ul3b6dtlt
3usvjl6x1r
3vd8sd12
3vf9o7wohf
3w7jd2tktw
3wuk4gpz1u
3wxy7ce454
3yixda15hr
4&use24hyyj
40028922
40044004
40404040
4040782as
4077mash
40974097
41214121
41234123
41254125
41264126
413958dho9633
41414141
41563445
4179love
41eitues8a
420420420
4204life
420allday
420smoke
42244224
42314231
42424242
424343abc
426361007
42684268
427cobra
427wgsthwc
4294967296
42lij7sxuc
43046721
43211234
43214321
43215678
4321dcba
4321qwer
4321rewq
43434343
4352abct
4391634m
44164416
44234423
44332211
44444444
444444444
4444444444
44445555
44447777
44448888
444555666
44554455
44556677
446a12100c856ce9
44884488
44magnum
45124512
451d6b47123
45214521
45234523
45445678
45450721
45454545
4545454545
45464546
45544554
45612300
456123456
456123789
456321789
45634563
456456456
45654565
456654456
45674567
45677654
45678910
456789123
4567891230
45683968
456852123
456987123
45874587
45m2do5bs
45rtfgvb
46253669
46464646
46494649
46495963
46709394
46824682
47110815
47114711
472161rr
47374795
47474747
4760681a
4780july5604
47cnp7qzpx
48151623
4815162342
4815162342a
4815162342lost
4815162342q
48484848
48624862
48694062
48694869
49494949
49894989
4apu7f4oeq
4b6pjp6ehj
4brothers
4children
4everlove
4evermore
4everyoung
4everyours
4foygsi978
4freedom
4friends
4g3uvrxn7w
4getmenot
4horsemen
4jpf7vgq2u
4me2know
4monkeys
4mutdfgvtp
4myfamily
4myspace
4nfq3jq4rt
4qce14vqgr
4r3e2w1q
4r5t6y7u
4rfv5tgb
4rfvbgt5
4seasons
4sisters
4success
4thehorde
4thekids
4vbvj3bs1s
4vgyvq46aj
4vk3rtbi9b
4wheeler
4x8cfp6dyi
4xxlqu94yo
4yltooz434
50505050
50cent123
50cent50
50cnraho
51155115
51201314
51235123
51505150
51515151
51525354
5152535455
51535759
51685168
518518rich
51fqxqx2zw
52001314
52005200
5201314.
52013140
5201314520
5201314a
5201314aa
5201314qq
520520520
52105210
52115211
52135213
52145214
52145874
521478963
521521521
52255225
523456789
523698741
52525252
52545658
52545856
52565854
52635263
530033dbrf
53231323
53535353
541236987
54125412
541999qq
5432112345
5432154321
54545454
54565456
54585652
54645645645
547896321
551976ms
55225522
55235523
55255525
55378008
55443322
5544332211
55445544
55554444
55555555
555555555
5555555555
55555555551
555555555555
5555566666
55555qqq
55556666
55558888
555666777
5556726q
555777ok
55665566
55667788
5566778899
55885588
55935ser
55cwszsw2l
56235623
563214789
56465646
5647382910
565491d704013245
56565656
56655665
567567567
56781234
56785678
56835683
5683love
56895689
569874123
56tyghbn
57575757
57d1v998
58260000
584131420
584131421
5841314520
5841314521
584201314
584211314
5845201314
5845211314
58545256
58565254
585654fb
58585858
589632147
594love168
59595959
59635963
5ac1e8aa7ab1ad45
5asokxt78x
5barh5i7ck
5children
5cnopo8d5r
5d2e19393cc5ef67
5e4wwruh7i
5element
5f5ldgqd1b
5fingers
5glke377
5h3pyh3ifr
5haw9sf4rt
5haw9sf4rv
5jn16uxpid
5monkeys
5p9grorp6o
5pbwa7f9xs
5pgtrw4x1g
5qf9lzgn3y
5qveyg8f2k
5r4e3w2q
5r4e3w2q1
5rq82lhexp
5se4apv2cc
5snn2kf5yn
5starchick
5t4r3e2w1q
5t63ofrpwt
5t6y7u8i
5tarwar5
5tgb6yhn
5tgbnhy6
5uperman
5utxopi45k
5xfgs3ii9d
5xq57cgseb
5ytn0x65
5z1goug1zj
60606060
614957qwe
61616161
619619619
62336233
62626262
62636263
6318bf7b
63245009
63636363
64646464
64enzarl4o
64impala
64t3zawonz
65432100
654321123456
654321654321
654321987
654321aa
654321abc
654654654
654987321
65656565
65mustang
66006600
66613666
66666666
666666666
6666666666
666666666666
6666666666empulgara
666666qq
66667777
66668888
66669999
666777888
666777tz
666999666
666beast
666devil
666satan
66778899
66886688
66996699
66mustang
671164796
67236723da
67676767
67896789
6789998212
67camaro
67mustang
67shelby
68686868
68916891
68camaro
68iypneg6u
68mustang
68rabred
691b4dd30ff92343
69236923
69696969
6969696969
69966996
69camaro
69charger
69chevelle
69e5d9e4
69mustang
69qd5cgxhu
6acaxa54be
6cctbbk516
6children
6d2-24e5r
6e48atr8
6fo4xign2p
6g8nhuq8ww
6hbf28w791
6hw9yv4cst
6hyltx92dg
6jln4rux6y
6knezj8c7f
6letters
6lfxlo629ui
6qd7sa2b
6s9pbwpo6s
6strings
6u2irin1xa
6v21wbgad
6y5t4r3e2w1q
6y7u8i9o
6yhn7ujm
6yhnmju7
7024371253
70707070
70chevelle
71717171
718293456
71hr4jgep
71hu3kdhfo
71ujedunyg
7253497a5e31bd64
7253497a5e31bd641
72727272
72pdixrv8b
73501505
73737373
737kkblskv
7394okdt
73duster
73jagtk4q
73jagtk4qa
73p7svu585
74100147
74107410
74108520
741085209630
7410852963
74123698
741236985
741236987
741258963
74127412
741456963
741741741
74185296
741852963
7418529630
7418529631
741852963a
741852963q
741852963z
741963456
741963852
742141189
742617000027
746997643
7470402kisss
74747474
748159263
748596123
74a82s78
74dga3nvti
753159456
753159852
753753753
75395100
753951123
753951456
753951456852
753951753951
7539518426
753951852
753951852456
75757575
76543210
76543211
7654321a
7654321q
76767676
76sunsdi
77347734
77441100
77448965tony
77585210
7758521a
77641176
777555333
77777771
77777777
777777777
7777777777
777777777777
77777778
7777777a
7777777d
7777777m
7777777q
7777777s
7777777z
77778888
777888999
777angel
7783757s
77887788
77889900
77889944
784512963
784951623
786786786
786allah
786bnfst
78787878
78789898
78907890
7890uiop
789123456
78917891
78945612
789456123
7894561230
78945612300
78945612301
7894561231
789456123a
789456123m
789456123q
789456123qwe
789456123z
789456321
789456789
789456qwe
78951230
789512346
789512357
7895123a
7895123z
78963214
789632145
789632147
78965412
789654123
7896541230
789789789
789789zz
789852123
789987789
78yayjn5rl
79045678
79107910
79137913
79221129
794613258
794613852
79797979
798465132
79qgsd3qgi
7bxw3jt4ww
7d5d3wdkpi
7dtgc7h7qu
7e9lng4fc04
7e9lnk3fc00
7e9lnk3fc01
7e9lnk3fc1
7e9lnk3fco
7e9lnk3fcz
7e9lnk55fcgg
7e9lnkd3fc01
7ed9b31268aa2b8a
7ee5fcdb
7ee5s6bsft
7elephants
7erq8to5bh
7f4df451
7fbj7gto1j
7fkhp3gu9g
7fkhp3gu9g1
7fperlangel
7gpwys2u7y
7jguz5yj3h
7jokx7b9du
7kklgc5l4j
7llbtg8133
7lw7j1xppi
7n31egdnoj
7n31egdnol
7n6xxtt5gf
7nc4lqw7to
7o9kbz8vvz
7p1gyz8low
7p6jwqs5dh
7q9tygp3eo
7qbyxw87xc
7rpza9v8qj
7samurai
7sfqc8zi5d
7sjky82afk
7so2ekbc6r
7thheaven
7u8i9o0p
7ugd5hip2j
7uqbwx8n4z
7v2ozeo6ri
7v8bv5teow
7wkn5uk642
7x9of5jgfc
7z8bj7hjlx
7zzuo24nji
8008208820
80088008
80808080
808state
8129994f555
81726354
81818181
82466428
82468246
827ccb0eea8a706c4c
82828282
82z1nttiuh
831101qsl
83773049
837829318
83838383
84131421
84268426
844079dima
84569280
84628462
84848484
849yhicpjh
85200258
85207410
85208520
852456123
852456753951
8524567913
852456852456
852456951753
852741963
852852852
852963741
85858585
85qgsd3qgi
85redkik
8602229096klo
86026403
86248624
86306108
86428642
8675309a
86868686
86rzogzb8v
870621345
87511pos
87651234
87654321
876543210
876543211
87654321a
87654321q
87878787
879546213
88002000600
88005553535
88108810
88224646
88238823
88488848
88552200
88888888
888888881
888888888
8888888888
88888888881
88888888a
88889999
88998899
88ggox8oug
88mustang
88ocp1jpas
89066332577q
8908583111q
890890890
89186612525
89200737307
89216279708a
8924611qwe
89631139
89831640564andr
89898989
89mustang
8ba9klw1ce
8cb65a907f14d60005
8cglg32vai
8d1x7svgyr
8dl9jilf8z
8e624ddf
8fj1kpy2ri
8hgy16vqvq
8hur3pk8ed
8i2mwyea
8isgreat
8ivcc6pq8c
8ix6s1fceh
8kd5ar1fpv
8ki4u2fhxc
8ko8g3fatl
8kv1ifz5cp
8letters
8nzh1gau6p
8odvo4ds8k
8oqokoq712
8phrowz615
8phrowz622
8phrowz624
8psrowz615
8rl9gyie6v
8rlb9l1squ
8seconds
8uxzd1b3bd
8wwh19duyj
8xcxfik18z
8xh7sih3ha
8xs8gtug7s
8zwiuf43fn
9-11-1961
90099009
9021090210
907907907
9086916264
90909090
9090909090
911911911
911turbo
911yana777
91827364
918273645
9182736455
91919191
919864232z
91hxbebw3k
92631043
92702689
9293709b13
92dk2cidp
92k2cizcdp
934bdtnynu
934texas
9379992a
9379992q
951753123
951753456
951753654
951753852
951753852456
951753aa
951951951
95279527
95959595
95mustang
96309630
96321478
963214785
963214789
963258741
9632587410
963741852
96385274
963852741
9638527410
9638527411
963852741a
963963963
968431187
96969696
9749676621ok
976431852
978645312
9797183185
97979797
97shrxtj1v
98188729
986753421
987123654
987321654
98741236
987412365
987456123
987456321
9874563210
987654123
98765431
987654312
98765432
987654321
9876543210
98765432100
98765432101
9876543210a
9876543211
987654321123
987654321123456789
987654321a
987654321abc
987654321b
987654321d
987654321k
987654321m
987654321q
987654321s
987654321z
98766789
98769876
987987987
987aa124
98989898
98mustang
99009900
994769487
9966288664
99819981
99887766
9988776655
99889988
999666333
999888777
99990000
99998888
99999999
999999999
9999999991
9999999999
99999999991
999999999999
999999999a
99bottles
99mustang
99problems
99qfjrep5j
99ranger
99rhnffp5u
99xfxlo19ui
9bm555p111
9czz92ifuo
9dragons
9erxdo44zy
9fczhr6159
9fdt5fx2bk
9gw17ecqav
9gxu71gvsk
9hwe3s8ava
9i8u7y6t
9ijn8uhb
9inchnails
9itz78vufw
9n1vac6wgw
9nesj9s6uz
9rl2fuu964
9u28habxes
9uzp9jek3f
9wiqff6596
9xx7c8gseb
9yqss2h9ub
9z5ve9rrcz
9zyh3lz424
<password
<password>
????????
?????????
??????????
???????????
????????????
???????????????
??????????????????
????????????????????????
??????????????????????????????
@gmail.com
@gmail.com.mx
@hotmail.com
@yahoo.com
a!515253
a0000000
a00000000
a000000a
a0123456
a0123456789
a0987654321
a0di8fwsuhj83
a100b200
a1111111
a11111111
a111111111
a111111a
a11223344
a12121212
a1230123
a123123123
a123123a
a123321a
a12341234
a12344321
a123456.
a1234560
a1234566
a1234567
a12345678
a123456789
a1234567890
a123456789a
a123456789z
a12345678a
a12345678b
a1234567a
a123456a
a123456aa
a123456b
a123456s
a123456xxx
a123456z
a12345aa
a12348765
a123654789
a123654789a
a123698745
a123a123
a123a456
a123b123
a123b456
a123s456
a12b13c14
a1314520
a147258369
a1a1a1a1
a1a1a1a1a1
a1a1a1a1q1
a1a2a3a4
a1a2a3a4a5
a1a2a3a4a5a6
a1b1c1d1
a1b2c3d4
a1b2c3d4e5
a1b2c3d4e5f6
a1b2c3d4e5f6g7
a1b2c3d4f5
a1exander
a1l2e3x4
a1s1d1f1
a1s2d3f4
a1s2d3f4g5
a1s2d3f4g5h6
a1s2d3f4g5h6j7
a1z2e3r4
a1zg1h9suza
a2222222
a22ge2dmte
a2345678
a23456789
a2a2a2a2
a2s3d4f5
a2sz123rp
a31415926
a33333333
a3eilm2s2y
a42904290
a441132b
a4b3c2d1
a4e3ty1qs
a5201314
a5211314
a55555555
a58wtjuz4u
a5978161
a5kf7rj4fv
a5shk5qn9a
a6543210
a6gqo3u4kl
a72yr5broe
a741852963
a7654321
a7758258
a7758521
a7777777
a777777777
a789456123
a7spl1uh1e
a7x4life
a84dlqr324
a8675309
a87654321
a88888888
a8n48zcyjw
a987654321
a98cqhb5ya
a9999999
a999999999
a9ebw4454tg
a9h3gvy9lf
aa000000
aa102030
aa111111
aa112233
aa11aa11
aa11bb22
aa121212
aa123123
aa1231230
aa123321
aa123456
aa1234567
aa12345678
aa123456789
aa123456cc
aa135790
aa147258
aa224466
aa456852
aa5201314
aa636119
aa654321
aa718026
aaa111222
aaa111aaa
aaa123123
aaa12345
aaa123456
aaa123456789
aaa123aaa
aaaa0000
aaaa1111
aaaa1234
aaaa12345678
aaaa2222
aaaa4444
aaaa6666
aaaa8888
aaaa9999
aaaaa11111
aaaaa123
aaaaa12345
aaaaa55555
aaaaaa11
aaaaaa111
aaaaaa111111
aaaaaa12
aaaaaa123
aaaaaaa1
aaaaaaa7
aaaaaaaa
aaaaaaaa1
aaaaaaaa11
aaaaaaaaa
aaaaaaaaa1
aaaaaaaaaa
aaaaaaaaaa1
aaaaaaaaaaa
aaaaaaaaaaaa
aaaaaaaaaaaaaa
aaaaaaaaaaaaaaa
aaaaaaaaaaaaaaaa
aaaaaaaaaaaaaaaaaaaa
aaaabbbb
aaaassss
aaabbbccc
aaasss123
aaasssddd
aaasssddd1
aabb1122
aabb1234
aabb12345
aabbcc11
aabbcc112233
aabbcc123
aabbccdd
aabbccddee
aaliyah1
aaliyah123
aaliyah2
aaliyah22
aanmelden
aapje123
aaprintbb
aaqsqareeplq6
aardvark
aardvark1
aaron123
aaron1234
aaron431
aasdf56789
aass1122
aassdd11
aassddff
aavlg728
aax2cu12xx
aayush2010
ab123123
ab123123123
ab123456
ab1234567
ab12345678
ab123456789
ab12cd34
ab19861513
ab7f23rsv
abab1122
abababab
abalorioabaloriobridget
abandonware
abbaabba
abbas123
abbey123
abbeyroad
abbie123
abbigail
abby1234
abbyabby
abbygail
abbygirl
abc111111
abc112233
abc123!@#
abc123123
abc123321
abc12345
abc123456
abc123456!
abc1234567
abc12345678
abc123456789
abc1234567890
abc123abc
abc123abc123
abc123def
abc123def456
abc123xyz
abc123zx3d56
abc147258
abc19842010
abc54321
abc654321
abc@#123
abcabc123
abcabcabc
abcc1233
abcd0123
abcd1234
abcd1234!
abcd12341
abcd12345
abcd123456
abcd1234567
abcd123456789
abcd2244
abcd4321
abcd5678
abcd888888
abcd@1234
abcdabcd
abcde123
abcde1234
abcde12345
abcde123456
abcdef12
abcdef123
abcdef1234
abcdef12345
abcdef123456
abcdefg1
abcdefg12
abcdefg123
abcdefg1234
abcdefg12345
abcdefg123456
abcdefg1234567
abcdefgh
abcdefgh1
abcdefgh123
abcdefghi
abcdefghi1
abcdefghij
abcdefghij1
abcdefghijk
abcdefghijkl
abcdefghijklmnop
abcdefghijklmnopqrstuvwxyz
abcxyz12
abcxyz123
abdallah
abdelkader
abdellah
abdoulaye
abdul123
abdulaziz
abdullah
abdullah1
abdullah123
abdullahi
abelardo
abercrombi
abercrombie
aberdeen
aberdeen1
abgos999
abhi1234
abhijeet
abhilash
abhilasha
abhimanyu
abhinav123
abhishek
abigail01
abigail1
abigail12
abigail123
abigail2
abigail3
abimbola
ablz2d4k2s
abnormal
abracadabra
abraham1
abrakadabra
abraob11
abretesesamo
abrypa55
absinthe
absolut1
absolute
absolute1
absolution
abstract
abubakar
abudhabi
abuelita
abulafia
abundance
abuse_123456_abuse
abvlg728
ac123456
ac3sg728
ac3svlg728
acab1312
academia
academic
academy1
acapulco
accenture
access01
access12
access123
access14
access2010
accessdenied
accessoweb
accident
accord1234
account1
account123
accountant
accountblock
accounting
accounts
acdc1234
acdcacdc
acdcrocks
ace12345
acecombat
aceofspades
aceonline
acer1234
aceracer
aceraspire
acerview
aceshigh
aceventura
achiever
achilles
achilles1
acidburn
acidrain
ackerman
acmilan1
acmilan1899
acoustic
acoustic1
acquario
action123
actionman
activate
activity
actlg728
acun3t1x
acurarsx
ad123456
ad30sl1qs
adad1122
adadadad
adam1234
adam12345
adam2000
adam2001
adam2002
adam2003
adam2004
adam2005
adam2008
adam2326
adamadam
adamadam1
adamlambert
adams123
addicted
addicted1
addiction
addison1
addpeople15
address1
adebayor
adebowale
adedoyin
adekunle
adelaida
adelaide
adelaide1
adelante
adelheid
adelina1
adeline1
adewunmi
adeyinka
adf8h4zikg73
adgjl123
adgjmptw
adgjmptw0
adgjmptw1
adgjmptw123
adhsdf455
adidas00
adidas01
adidas10
adidas11
adidas12
adidas123
adidas1234
adidas13
adidas14
adidas21
adidas22
adidas228
adidas23
adidas69
adidas777
adidas88
adidas99
adidasf50
adidasnike
adiksayo
aditya123
admin001
admin007
admin101
admin1213
admin123
admin1234
admin12345
admin123456
admin2010
admin321
admin888
admin@123
adminadmin
administra
administrador
administrator
adminpass
adminvhc
admiral1
adnan123
adobe123
adolf123
adolfhitler
adoption
adorable
adrenalin
adrenalina
adrenaline
adrian01
adrian08
adrian10
adrian11
adrian12
adrian123
adrian1234
adrian13
adrian14
adrian15
adrian16
adrian17
adrian18
adrian21
adrian22
adrian23
adrian24
adrian25
adrian99
adriana1
adriana12
adriana123
adrianek
adrianek1
adrianita
adrianna
adrianna1
adrianne
adriano1
adriano10
adriano123
adrienne
adrienne1
ads3ns3p
adsl1234
adsl2005
adsladsl
advance1
advanced
advanced1
advantage
adventist
adventure
adventure1
adventuretime
advertising
advisory
advocate
ae123456
aeiou123
aeiou12345
aekara21
aeonflux
aerobics
aeroplane
aeropostale
aerosmith
aerosmith1
aerospace
aessedai
aezakmi1
aezakmi12
aezakmi123
aezakmi1a
aezakmiaezakmi
af123456
af9dmco786
affe1234
affeaffe
affection
affenarsch
affinity
afganistan
afghanistan
afireinside
africa123
afrodita
afrodite
afroman1
aftab123
afterlife
aftermath
aftermath1
aftermath7
aftershock
agamemnon
agbdlcid
agent001
agent007
agent008
agent009
agent123
agente007
agentx44
ageofempires
aggarwal
aggies12
aggroberlin
agnieszka
agnieszka1
agnusdei
agostina
agostino
agq5qe84sz
agriculture
aguacate
aguilar1
aguilera
aguinaldo
agustin1
agustina
agustus1
agyn5yl79s
ah64apache
ahba5ur952
ahlukahd3
ahmad123
ahmed123
ahmed1234
ahmed12345
ahmed123456
ahmed2010
ahmed786
ahmedabad
ahmedahmed
ahmet123
ahmetcan
ahsan123
ai123456
aiaiaiai
aichina521
aicte@123
aiculedssul
aida168now
aida2013sale
aida2013sales
aidan123
aiden123
aijiaojiao
aikman08
aikoaiko
aimabiet
aiman123
aimee123
aini1314
airborne
airborne1
airbrush
airbrush123
airbus320
airbus380
airbusa380
aircraft
airedale
airforce
airforce1
airjordan
airjordan23
airlines
airmax95
airplane
airplane1
airplanes
airport1
airsoft1
airwalk1
airwaves
airwolf1
aisha123
aishiteru
aishiteru1
aishwarya
aisiteru
aissatou
aiueo123
aiwprton
aiypwzqp
aj123456
ajasonde12
ajaxajax
ajaykumar
ajcuivd289
ajj8rbc817
ajmclean
ak123456
ak123ctjqj
ak47ak47
ak47m4a1
akademia
akanksha
akasatana
akash123
akatsuki
akatsuki1
akax89wn
akenaton
akhilesh
akinkalang
akino123
akira123
akira666
akjjyglc
akmal123
akoaypogi
akomismo
akrokis123
aksaray68
akshay123
akuankka
akucantik
akucinta
akucintaka
akucintakamu
akuganteng
akunamatata
akuntansi
akusayangk
akusayangkamu
akvarium
al#ks3!ksj0xx
al123456
al3xand3r
al3xander
alabama1
alabama12
alabama123
alabama3
alabaster
aladdin1
alakazam
alalalal
alamakota
alamakota1
alamierda
alan1234
alana123
alanalan
alaska11
alaska12
alaska123
alastair
albacete
albania1
albastru
albatros
albatross
albert01
albert11
albert12
albert123
albert13
albert22
alberta1
albertina
albertine
albertito
alberto1
alberto12
alberto123
albrecht
albright
albuquerqu
alcantara
alcantara1
alcapone
alcatel1
alcatraz
alchemist
alchemist1
alchemy1
alclssha
alcohol1
alcoholic
aldebaran
alderaan
ale123456
alejandr
alejandra
alejandra1
alejandro
alejandro1
alejandro12
alejandro123
alejandro2
alejo123
aleks123
aleksandar
aleksander
aleksander1
aleksandr
aleksandra
aleksandra1
alekseeva
alemanha
alemania
alena123
alertpaydouble
alesana1
alessandra
alessandro
alessandro1
alessia1
alessio1
alevtina
alex0000
alex1111
alex1212
alex1234
alex12345
alex123456
alex123456789
alex1296
alex1971
alex1972
alex1973
alex1974
alex1975
alex1976
alex1977
alex1978
alex1979
alex1980
alex1981
alex1982
alex1983
alex1984
alex1985
alex1986
alex1987
alex1988
alex1989
alex1990
alex1991
alex1992
alex1993
alex1994
alex1995
alex1996
alex1997
alex1998
alex1999
alex2000
alex2001
alex2002
alex2003
alex2004
alex2005
alex2006
alex2007
alex2008
alex2009
alex2010
alex2011
alex2012
alex2539
alexa123
alexalex
alexalex1
alexande
alexander
alexander0
alexander01
alexander1
alexander10
alexander11
alexander12
alexander123
alexander13
alexander2
alexander22
alexander23
alexander3
alexander4
alexander5
alexander6
alexander7
alexander8
alexander9
alexander98
alexander99
alexandr
alexandra
alexandra1
alexandra12
alexandra123
alexandra2
alexandre
alexandre1
alexandre123
alexandrea
alexandria
alexandria1
alexandro
alexandros
alexandru
alexandru1
alexandru123
alexis00
alexis01
alexis02
alexis03
alexis04
alexis05
alexis06
alexis07
alexis08
alexis09
alexis10
alexis11
alexis12
alexis123
alexis13
alexis14
alexis15
alexis21
alexis22
alexis23
alexis24
alexis25
alexis98
alexis99
alexsander
alexsandra
alexzander
alfa1234
alfaalfa
alfabeta
alfaomega
alfaromeo
alfaromeo1
alfaromeo156
alfie123
alfonso1
alfred123
alfredo1
alfredo123
algebra1
algebra2
algerien
algernon
alhambra
alhamdulillah
ali12345
ali123456
ali123456789
aliali123
alialiali
alianzalima
alibaba1
alibaba123
alicante
alice123
aliceadsl
alicealice
alicecooper
alicecullen
alicenine
alicia01
alicia11
alicia12
alicia123
alien123
alienware
alienware1
aligator
alihassan123
alina123
alina1995
alina1997
alina1998
alina1999
alina2000
alina2001
alina2002
alina2003
alina2005
alina2008
alina2010
alinaalina
aline123
alino4ka
alinochka
alinutza
alisa123
alisha123
alison12
alison123
alistair
alistair1
alitalia
alk22alk
alkaline
alkaline3
alkatraz
all4jesus
all4love
allaboutme
alladin79
allah123
allah786
allahabad
allahakbar
allahallah
allahhoo
allahis1
allahisgreat
allahisone
allahoakbar
allahone
allahoo12
allahswt
allahuakba
allahuakbar
allahuekber
allalone
allan123
allblack
allblacks
allegria
allegro1
alleluia
allemagne
allemand
allen123
alleniverson
allenwalker
allerlom
allesklar
alleycat
allezlom
allforone
alliance
alliance1
allie123
alliecat
alligator
alligator1
alligator3
allinone
allison1
allison12
allison123
allison2
allister
alliswell
allmeu112
allmine1
allmine2
allmylife
allnight
allo1234
alloallo
allostream
allrecipes
allrecipes1
allright
allsaints
allstar1
allstar123
allstars
allstars1
allstate
allthebest
allthetime
alltheway
alltimelow
allyourbase
allyson1
almafuerte
almendra
almighty
almighty1
almudena
aloevera
aloha123
alohamora
alohomora
alondra1
alone123
alonso123
alonso14
alouette
aloysius
alpacino
alper123
alperen1
alperen123
alpha001
alpha123
alpha1906
alphabet
alphabet1
alphabeta
alphabeta1
alphabravo
alphadog
alphanumeric
alphaomega
alphaone
alphonse
alphonso
alquimia
alquimista
alskdjfh
alskdjfhg
altamira
altavista
alteclansing
alterego
alternate
alternativ
alternativa
alternative
alucard1
alucard123
alucard666
aluminium
aluminum
alupigus
alvarado
alvarez1
alvarito
alvaro123
alvin123
alyssa01
alyssa04
alyssa05
alyssa06
alyssa07
alyssa08
alyssa10
alyssa11
alyssa12
alyssa123
alyssa13
alyssa21
alyssa22
alyssa99
am123456
amadeus1
amadeusptfcorp
aman1234
amanaman
amanda00
amanda01
amanda02
amanda07
amanda08
amanda09
amanda10
amanda11
amanda12
amanda123
amanda13
amanda14
amanda15
amanda16
amanda17
amanda18
amanda19
amanda20
amanda21
amanda22
amanda23
amanda24
amanda25
amanda69
amanda86
amanda88
amanda99
amandeep
amandine
amandinha
amanecer
amarachi
amarante
amaranth
amaretto
amarillo
amarillo1
amarnath
amaryllis
amasya05
amaterasu
amazing1
amazing123
amazinggrace
amazonas
amazonia
amazonka
ambassador
amber101
amber123
amber1234
amberdog
amberlee
amberlynn
ambiente
ambition
ambitious
ambotlang
ambrose1
ambrosia
ambrosio
ambulance
amdathlon
amelia01
amelia12
amelia123
amenamen
america01
america1
america10
america11
america12
america123
america13
america2
america3
america7
america9
american
american1
americana
americangirl
americanidiot
americano
americanpie
americas
amerika1
amerika123
amerique
amethyst
amethyst1
ametista
amicizia
amidamaru
amiga1200
amiga500
amigo123
amigos123
amilo2528
amina123
amine123
amir1234
amiramir
amirkhan
amit1234
amitamit
amitkumar
ammaamma
ammaappa
ammananna
ammar123
ammukutty
amnesia1
amnesiac
amo12voc
amojesus
amomhrer
amominhafamilia
amominhamae
amonamarth
amor1234
amoramor
amorcito
amoremio
amoremio1
amoreterno
amoretiamo
amorphis
amorphous
amorsito
amorypaz
amorzinho
amour100
amour123
amoureuse
amoureux
amrapali
amritsar
amsterdam
amsterdam1
an123456
ana12345
ana123456
anabanana
anabeatriz
anabelen
anabella
anabelle
anacarolina
anaclara
anacleto
anaconda
anaconda1
anajulia
anakaren
anakonda
anakonda1
analaura
analsex1
analucia
analuisa
analuiza
analysis
anamaria
anamaria1
anamarie
anand123
anapaula
anarchia
anarchie
anarchist
anarchists
anarchy1
anarchy666
anarchy99
anarquia
anasofia
anastacia
anastasia
anastasia1
anastasija
anastasija3010
anastasiya
anastasya
anathema
anatoliy
anatomia
anchorage
ancient1
andalucia
anderlecht
anders0n
anders12
anders123
andersen
andersen1
anderson
anderson1
anderson12
anderson123
anderson8
andersonhassko1
andersson
andrade1
andre123
andre1234
andre12345
andre3000
andrea00
andrea01
andrea05
andrea07
andrea08
andrea09
andrea10
andrea11
andrea12
andrea123
andrea13
andrea14
andrea15
andrea16
andrea17
andrea20
andrea21
andrea22
andrea23
andrea24
andrea25
andrea69
andrea77
andrea88
andrea89
andrea92
andrea95
andrea96
andrea97
andrea98
andrea99
andreas1
andreas12
andreas123
andreea1
andreeva
andrei11
andrei12
andrei123
andrei22
andreika
andreina
andreita
andrej123
andrejka
andrejko
andres10
andres12
andres123
andres13
andresito
andressa
andrew00
andrew01
andrew02
andrew03
andrew04
andrew05
andrew06
andrew07
andrew08
andrew09
andrew10
andrew101
andrew11
andrew12
andrew123
andrew1234
andrew13
andrew14
andrew15
andrew16
andrew17
andrew18
andrew19
andrew20
andrew21
andrew22
andrew23
andrew24
andrew25
andrew26
andrew27
andrew28
andrew29
andrew33
andrew55
andrew69
andrew77
andrew81
andrew86
andrew87
andrew88
andrew89
andrew92
andrew93
andrew94
andrew95
andrew96
andrew97
andrew98
andrew99
andrews1
andrey12
andrey123
andrey1983
andrey1995
andrey1996
andrey1997
andrey1998
andrey2000
andrey21
andreyka
android1
android123
andromache
andromeda
andromeda1
andromede
andrzej1
andy1234
andy12345
andy1999
andyandy
andypandy
andysixx
anelka39
anewlife
anfernee
anfield1
angcuteko
angel000
angel001
angel007
angel100
angel101
angel111
angel123
angel1234
angel12345
angel143
angel1987
angel1989
angel1990
angel1994
angel1995
angel1996
angel1997
angel1998
angel2000
angel2001
angel2002
angel2003
angel2004
angel2005
angel2006
angel2007
angel2008
angel2009
angel2010
angel2011
angel234
angel321
angel333
angel520
angel555
angel666
angel777
angel888
angel911
angel999
angela01
angela10
angela11
angela12
angela123
angela13
angela21
angela22
angela69
angelangel
angelbabe
angelbaby
angelbaby1
angelboy
angelcake
angelcat
angelcute
angeldevil
angeldog
angeldust
angeles1
angeleye
angeleyes
angeleyes1
angelface
angelface1
angelfire
angelfish
angelgirl
angelgirl1
angelheart
angelic1
angelica
angelica1
angelica12
angelidis
angelika
angelika1
angelina
angelina1
angelina123
angeline
angeline1
angelino
angelique
angelique1
angelita
angelito
angelito1
angellove
angelo01
angelo10
angelo11
angelo12
angelo123
angelo13
angelo4ek
angelochek
angelofdeath
angelone
angelove
angelpie
angels01
angels11
angels12
angels123
angels13
angels21
angels22
angels77
angelstar
angelus1
angelwing
angelwings
angerfist
angerine
anggandako
angharad
angie123
angioletto
angle123
angpogiko
angrybird
angrybirds
anguilla
angus123
angusyoung
anh123456
anhcuong
anhdeptrai
anhduong
anhhoang
anhiuem1
anhkhanh
anhmaiyeuem
anhngo8x
anhnguyen
anhnhoem
anhnhoemnhieu
anhphuong
anhquang
anhthang
anhthanh
anhtrang
anhtrung
anhtuan123
anhvanyeuem
anhyeuem
anhyeuem1
anhyeuem12
anhyeuem123
anhyeuem3381
anhyeuemnhieu
anil1234
anilkumar
animal11
animal12
animal123
animal13
animales
animallover
animals1
animals123
animanga
animania
animation
animation1
animator
animatrix
anime101
anime123
anime4ever
animeanime
animefan
animefreak
animegirl
animelove
animelover
animemanga
animerocks
animorphs
anindita
aniolek1
anita123
anjaneya
anjelica
anjelika
anjing123
ankara06
ankit123
ankit1234
anmelden
anna1234
anna12345
anna1980
anna1981
anna1982
anna1983
anna1984
anna1985
anna1986
anna1987
anna1988
anna1989
anna1990
anna1991
anna1992
anna1993
anna1994
anna1995
anna1996
anna1997
anna1998
anna1999
anna2000
anna2001
anna2002
anna2003
anna2004
anna2005
anna2006
anna2007
anna2008
anna2009
anna2010
anna2011
annaanna
annaba23
annabanana
annabel1
annabell
annabell1
annabella
annabelle
annabelle1
annalena
annalisa
annalise
annaliza
annamaria
annamarie
annapolis
annapurna
annarbor
annarella
annarita
annarose
anne1234
anneanne
annelaure
annelies
anneliese
annelise
annemarie
annemarie1
annerice
annesophie
annette1
annie123
anniedog
anniversary
annmarie
annmarie1
anno1503
anno1602
anno1701
annoying
annushka
anointed
anointed1
anonelbe
anonimus
anonymous
anonymous1
anorexia
another1
anoushka
anpanman
anshuman
answer12a
answer42
antalya07
antares1
anteater
antelope
anthony0
anthony01
anthony02
anthony03
anthony05
anthony06
anthony07
anthony08
anthony09
anthony1
anthony10
anthony11
anthony12
anthony123
anthony13
anthony14
anthony15
anthony16
anthony17
anthony18
anthony19
anthony2
anthony20
anthony21
anthony22
anthony23
anthony24
anthony25
anthony27
anthony3
anthony4
anthony5
anthony6
anthony69
anthony7
anthony77
anthony8
anthony88
anthony9
anthony99
anthonys
anthrax1
anthropogenic
antichrist
antidote
antifilibusters
antiflag
antigone
antihero
antilles
antilope
antipolo
antiques
antivirus
antoine1
antoinette
anton123
anton1994
anton1996
anton1997
anton1998
anton2000
anton2001
anton777
antonanton
antonela
antonella
antonella1
antonello
antonette
antonia1
antonietta
antonina
antonino
antonio01
antonio1
antonio10
antonio11
antonio12
antonio123
antonio13
antonio2
antonio22
antonio23
antonio3
antonio7
antonio9
antonius
antonova
antoshka
antwerpen
anubis12
anubis123
anuradha
anushree
anwar123
anything
anything1
anything123
anywhere
anzeigen
aobo2010
aoeuoaeu
aolsucks
aosamples
aotearoa
aoyun2008
apaajaboleh
apache64
aparecida
apartment
apassword
apfel123
apfelbaum
apfelkuchen
apfelsaft
aphrodite
apocalipsa
apocalipse
apocalipsis
apocalypse
apocalypse1
apoelara
apokalipsa
apokalipsis
apolline
apollo01
apollo11
apollo12
apollo123
apollo13
apologize
apolonia
appaamma
appaloosa
appelmoes
appelsap
appeltaart
apple100
apple101
apple111
apple123
apple1234
apple12345
apple321
appleapple
applebee
applebottom
applegate
applehead
appleiphones
appleipod
applejack
applejacks
applejuice
applemac
appleman
applepie
applepie1
apples01
apples11
apples12
apples123
apples22
apples99
applesauce
appleseed
appleton
appletree
appletree1
application
apprentice
approved
appukutty
april123
april1985
april1991
april1997
april2009
aprilfool
aprilia1
apriljoy
aprilrose
apsk54321
aptx4869
apu420420
aq111asd1qast
aq123456
aq12wsde3
aq1sw2de3
aq1sw2de3fr4
aqaqaqaq
aqgyg49cg6
aqr7we3e43
aqswde123
aqswdefr
aqswdefrgt
aquablue
aquafina
aqualung
aquamarine
aquarian
aquarium
aquarius
aquarius1
aqw123456
aqworlds
aqwxcvbn
aqwxszedc
aqwzsx12
aqwzsx123
aqwzsxedc
aqwzsxedcrfv
aqz9w9n9vc
aqzsedrf
ar123456
arabella
arabesque
arachnid
aradhana
aragorn1
arancione
arcadia1
arcangel
arcangel1
arcanine
arcenciel
archange
archangel
archangel1
archery1
archibald
archie01
archie12
archie123
archimede
archimedes
architect
architect1
architecte
architecture
architetto
archived
archmage
archuleta
arcobaleno
arcoiris
arcticcat
arcturus
ardaarda
ardaturan
arellano
aremania
arequipa
argentin
argentina
argentina1
argentine
argentino
argentum
argonaut
arhangel
arianagrande
arianna1
arianne1
ariel123
arielle1
aries123
arigatou
aristide
aristote
aristotle
arizona1
arjun123
arkadiusz
arkangel
arkansas
arkansas1
arkantos
arlequin
arlington
arlingtonp
armadillo
armageddon
armagedon
armagedon1
arman123
armando1
armando123
armani123
armenian
armin123
armitage
armitron
armstrong
armstrong1
army1234
armyforce
armyofone
armystrong
arnold12
arnold123
arquitecto
arquitectura
arrahman
arrow123
arrowhead
arsch123
arschfick
arschloch
arschloch1
arschloch123
arsehole
arsehole1
arselect
arsenal01
arsenal06
arsenal07
arsenal08
arsenal09
arsenal1
arsenal10
arsenal11
arsenal12
arsenal123
arsenal1234
arsenal13
arsenal14
arsenal15
arsenal17
arsenal1886
arsenal2
arsenal21
arsenal22
arsenal23
arsenal3
arsenal4
arsenal5
arsenal69
arsenal7
arsenal8
arsenal88
arsenal89
arsenal9
arsenal99
arsenalfc
arsenalfc1
arshavin
arshavin23
art12345
art131313
art306ur
artem123
artem12345
artem1994
artem1995
artem1996
artem1997
artem1998
artem1999
artem2000
artem2001
artem2002
artem2003
artem2004
artem2010
artem777
artemartem
artemida
artemis1
artemisa
artemisia
arthur01
arthur10
arthur11
arthur12
arthur123
artichoke
article123
article456
articles
articolo31
articuno
artiketi
artillery
artist123
artistic
artlantis
artofwar
artur123
arturito
arunkumar
aryan123
as123123
as123321
as123456
as1234567
as12345678
as123456789
as12as12
as12df34
as224466
as6391a4462
as733792
as790433
as861121
asa12345
asa123456
asaasasy63d
asad1234
asadasad
asaka123
asakaboy
asakakarun21
asakanaman
asakapa1
asakapa123
asaness123
asas1122
asas1212
asas1234
asasas11
asasas12
asasas123
asasasas
asasasasas
asasin123
asawacoh
asawako1
asawakoh
asawaqoh
asbestos
ascension
asd11111
asd120120
asd123123
asd123321
asd12345
asd123456
asd1234567
asd12345678
asd123456789
asd12345a
asd123654
asd123asd
asd123asd123
asd123dsa
asd123fgh
asd123qwe
asd123zxc
asd13fgh12
asd159753
asd161616
asd345df
asd456123
asd45678
asd456789
asd45679
asd456asd
asda1234
asdaasda
asdas123
asdasd00
asdasd01
asdasd11
asdasd111
asdasd12
asdasd123
asdasd123123
asdasd1234
asdasd22
asdasd321
asdasd456
asdasdas
asdasdas12
asdasdasd
asdasdasd1
asdasdasd123
asdasdasdasd
asdasdqwe
asdbn258
asddsa12
asddsa123
asddsa123321
asddsaasd
asddsaasddsa
asder123
asdewq123
asdf0000
asdf0123
asdf0147
asdf0987
asdf1111
asdf1122
asdf1212
asdf1230
asdf1234
asdf12345
asdf123456
asdf123456789
asdf123asdf
asdf369369
asdf4321
asdf4567
asdf7890
asdf;lkj
asdfagaweg
asdfags05
asdfasdf
asdfasdf1
asdfasdf12
asdfasdf123
asdfasdf1234
asdfasdf2
asdfasdfasdf
asdffdsa
asdffdsa1
asdfg123
asdfg1234
asdfg12345
asdfg123456
asdfg456
asdfg5391
asdfgasdfg
asdfggfdsa
asdfgh01
asdfgh11
asdfgh12
asdfgh123
asdfgh1234
asdfgh12345
asdfgh123456
asdfghj1
asdfghj12
asdfghj123
asdfghj8
asdfghjk
asdfghjk1
asdfghjk123
asdfghjkl
asdfghjkl0
asdfghjkl1
asdfghjkl11
asdfghjkl12
asdfghjkl123
asdfghjkl1234
asdfghjkl12345
asdfghjkl123456
asdfghjkl123456789
asdfghjkl1234567890
asdfghjkl2
asdfghjkl456
asdfghjkl9
asdfghjkl;'
asdfghjkl?
asdfghjklz
asdfghjklzxcvbnm
asdfgzxcvb
asdfhjkl
asdfjkl1
asdfjkl123
asdfjkl;
asdflkjh
asdfmovie
asdfqwer
asdfqwer1
asdfqwer123
asdfqwer1234
asdfrewq
asdfvcxz
asdfzxcv
asdfzxcv1
asdgvy3898
asdjkl123
asdlkj123
asdlol123
asdopi123
asdopi123_
asdqwe12
asdqwe123
asdqwe1234
asdqweasd
asdqwezxc
asdrubale
asdwasdw
asdzxc12
asdzxc123
asdzxcqwe
asecret1
aset4578
ash12345
ashanti1
ashcroft
asher123
ashish123
ashishbiyani
ashitaka
ashleigh
ashleigh1
ashley00
ashley01
ashley02
ashley03
ashley04
ashley05
ashley06
ashley07
ashley08
ashley09
ashley10
ashley101
ashley11
ashley12
ashley123
ashley1234
ashley13
ashley14
ashley15
ashley16
ashley17
ashley18
ashley19
ashley20
ashley21
ashley22
ashley23
ashley24
ashley25
ashley27
ashley69
ashley88
ashley89
ashley95
ashley96
ashley98
ashley99
ashleytisdale
ashlynn1
ashok123
ashokkumar
ashton01
ashton12
ashton123
ashtray1
ashu1992
ashutosh
ashworth
asiaasia
asiamarketing
asian123
asianpride
asilaydying
asiorlando
aska0404
askim123
askimaskim
askimbenim
askimsin
askingalexandria
asl22asl
aslan123
aslan1905
aslzf223ba
asmodeus
asmonaco
asparagus
aspen123
aspirant
aspire123
aspire5315
aspireone
aspirina
aspirine
aspirine1
aspirine123
asroma10
asroma1927
ass12345
assaassa
assasin1
assasin123
assasins
assass12
assass123
assass1n
assassass
assassin
assassin1
assassin12
assassin123
assassin2
assassino
assassins
assassins1
assassinscreed
assclown
assclown1
asscrack
assembler
assembly
assessment
assface1
assfuck1
assfucker
asshole1
asshole11
asshole12
asshole123
asshole13
asshole2
asshole21
asshole22
asshole23
asshole3
asshole4
asshole5
asshole666
asshole69
asshole7
assholes
assholes1
assinantes
assistant
asskicker
asslicker
assmaster
assmonkey
assmunch
associated
asstastic
assumption
asswhole
asswipe1
assword1
astalavista
astapov123
astaroth
asterisco
asterisk
asterix1
asterlam
asteroid
astigako
aston123
astondb9
astonmartin
astonvilla
astonvilla1
astra123
astro123
astroboy
astrology
astronaut
astronomy
asturias
asuncion
asusasus
aszxaszx
at123456
atalanta
ataraxia
ateneo123
athena12
athena123
atherton
athletic
athletics
athlon64
athlonx2
atiradeon
atkinson
atlanta1
atlanta2
atlantic
atlantic1
atlantida
atlantide
atlantis
atlantis1
atlas123
atletico
atmosphere
atombomb
atreides
attention
atticus1
attila6685
attitude
attitude1
attorney
atypica432
aubergine
auckland
audiaudi
audioslave
audition
auditore
audrey12
audrey123
augsburg
august01
august02
august03
august04
august05
august06
august07
august08
august09
august10
august11
august12
august123
august13
august14
august15
august16
august17
august18
august19
august20
august21
august22
august23
august24
august25
august26
august27
august28
august29
august30
august31
august88
august99
augusta1
augustin
augustine
augusto1
augustus
aurapassword
aurelian
aurelie1
aurelien
aurelius
aurevoir
auroin001
auroin01
aurora12
aurora32
austerlitz
austin00
austin01
austin02
austin03
austin04
austin05
austin06
austin07
austin08
austin09
austin10
austin11
austin12
austin123
austin13
austin14
austin15
austin16
austin21
austin22
austin23
austin24
austin316
austin69
austin95
austin96
austin97
austin98
austin99
australi
australia
australia1
australia123
australia2
australie
australien
austria1
authentic
authority
auto1234
autobahn
autobots
autohaus
automatic
automobil
automobile
automotive
autumn01
autumn11
autumn12
av8ygj1f2u
avadakedavra
avagrace
available
avalanch
avalanche
avalanche1
avalon11
avanesov
avangard
avantasia
avantika
avatar11
avatar12
avatar123
avatar22
avefenix
avellino
avemaria
avenged1
avenged7
avenged7fold
avenged7x
avengedsevenfold
avenger1
avengers
aventura
aventure
avery123
aviation
aviation1
avionics
avj8i9z6wd
avondale
avril123
avrillavig
avrillavigne
avrilrocks
avvocato
aw123456
awakening
awdawdawd
awdrgyjil
awdrgyjilp
awdsawds
awesome1
awesome10
awesome101
awesome11
awesome12
awesome123
awesome13
awesome2
awesome21
awesome22
awesome3
awesome7
awesome99
awesomeness
awesomesauce
awsedrft
awsome12
awsome123
awtge728
axawaqo24
axel1234
axelaxel
axelrose
axlrose1
axs8873w
ayahbunda
ayamgoreng
ayanami1
ayanamirei
ayesha123
ayman123
ayodance
aysq1984
aysq1984#
ayurveda
az09az09
az123456
az123456789
azaz0909
azazazaz
azazello
aze123456
azeqsdwxc
azer1234
azerazer
azerbaijan
azerbaycan
azerqsdf
azert123
azerty00
azerty007
azerty01
azerty02
azerty06
azerty10
azerty11
azerty12
azerty123
azerty1234
azerty12345
azerty123456
azerty123456789
azerty13
azerty21
azerty22
azerty23
azerty31
azerty33
azerty44
azerty45
azerty57
azerty59
azerty62
azerty666
azerty69
azerty76
azerty77
azerty78
azerty789
azerty88
azerty91
azerty92
azerty93
azerty94
azerty95
azerty99
azertyazerty
azertyu1
azertyui
azertyui1
azertyuio
azertyuiop
azertyuiop1
azertyuiop123
azertyuiop789
azn4life
aznpride
azrail26
azsxdc12
azsxdc123
azsxdcfv
azsxdcfv1
azsxdcfvgb
azsxdcfvgbhn
azsxdcfvgbhnjm
azulazul
azumanga
azxcvbnm
azzp6ux221
b00mb00m
b0ll0cks
b1234567
b12345678
b123456789
b123456b
b1979041
b1b2b3b4
b1b2b3b4b5
b1lkeb6711
b1x7qn2tug
b1zg1h9suza
b3njam1n
b3njamin
b5kl36hbat
b5kosc3o6d
b82olsn4yh
b85re4olov
b8ca6yz1nj
b9399f21060d4b5fcb6d3cf5fea8de
b9vjd5sc7b
ba123456
baadshah
baba1234
babababa
babacool
babajaga
babala123
babalola
babamama
babatunde
babayaga
babbygirl
babebabe
baberuth
babigurl
babilonia
babochka
babolat1
babouche
baboyako
babubabu
babushka
baby1234
baby12345
baby123456
baby2000
baby2005
baby2006
baby2007
baby2008
baby2009
baby2010
baby2011
babyangel
babybaby
babybaby1
babybash
babybear
babybear1
babybird
babyblue
babyblue1
babyblue2
babyboo1
babyboo123
babyboo2
babyboom
babyboy1
babyboy12
babyboy123
babyboy2
babyboy3
babyboys
babycake
babycakes
babycakes1
babycute
babydaddy
babydoll
babydoll1
babyduck
babyface
babyface1
babygirl
babygirl01
babygirl06
babygirl07
babygirl08
babygirl09
babygirl1
babygirl10
babygirl101
babygirl11
babygirl12
babygirl123
babygirl13
babygirl14
babygirl15
babygirl16
babygirl17
babygirl18
babygirl19
babygirl2
babygirl20
babygirl21
babygirl22
babygirl23
babygirl24
babygirl3
babygirl4
babygirl5
babygirl6
babygirl69
babygirl7
babygirl8
babygirl9
babygirl99
babygirlo
babygirls
babygurl
babygurl1
babygurl12
babygurl13
babyiloveyou
babyjack
babyjames
babyjane
babykitty
babylon1
babylon5
babylone
babylove
babylove1
babymama
babymilo
babynames
babyphat
babyphat1
babypink
babypooh
babyrose
babyruth
babystar
bacardi1
bacgiang2
bachelor
bachkhoa
back2back
backbone
backdoor
backdraft
backflip
backinblack
backlash
backlink1
backpack
backspace
backspace1
backstab
backstreet
backstreetboys
backwards
backyard
bacon123
baconbits
bacteria
badabing
badaboom
badaboum
badass12
badass123
badass69
badbitch
badboy01
badboy09
badboy10
badboy11
badboy12
badboy123
badboy13
badboy22
badboy23
badboy4life
badboy69
badboy99
badboys1
badboys123
badboys2
badcompany
badewanne
badger11
badger12
badger123
badgers1
badgirl1
badgirls
badkarma
badkitty
badlands
badmama14
badman123
badminton
badminton1
badreligion
badromance
badyte5aq
baerchen
baggies1
baggins1
baggio10
bagheera
bagpipes
bagpuss1
baguette
bahalaka
bahalana
bahamas1
bahamut0
bahamut1
bailarina
bailey00
bailey01
bailey02
bailey03
bailey04
bailey05
bailey06
bailey07
bailey08
bailey09
bailey10
bailey11
bailey12
bailey123
bailey13
bailey14
bailey21
bailey22
bailey23
bailey24
bailey77
bailey99
baileydog
baili123com
bajaonel12
bajingan
bajingan1
bajsbajs
bajskorv
bajskorv1
bajskorv123
bak6a2h894
bakabaka
bakaneko
bakayaro
bakekang
baker123
baklaako
bakugan1
bakugan123
balabala
balala123
balalaika
balance1
baldeagle
balderdash
baldrick
baldwin1
balerina
balibali
balikpapan
ball1234
ballack13
ballball
balle123
baller10
baller11
baller12
baller123
baller13
baller14
baller15
baller21
baller22
baller23
baller24
baller32
baller33
baller4life
ballerina
ballerina1
ballermann
ballgame
ballin12
ballin123
ballin13
ballin23
ballislife
ballistic
balloon1
balloons
ballroom
balls123
ballsack
ballsack1
ballsdeep
balmoral
baloncesto
baloney1
balonka1
baltazar
balthazar
baltimore
baltimore1
bama1234
bambam01
bambam11
bambam12
bambam123
bambambam
bambi123
bambino1
bambolina
bamboocha
bambucha
bambulka
bamidele
bammargera
bamse123
banaan123
banan100
banan123
banana01
banana10
banana11
banana12
banana123
banana1234
banana13
banana21
banana22
banana23
banana33
banana69
banana77
banana88
banana99
bananaman
bananana
bananarama
bananaroof674
bananas1
bananas123
bananas2
bananasplit
banane12
banane123
bancroft
banderas
bandgeek
bandicoot
bandit01
bandit10
bandit11
bandit12
bandit1200
bandit123
bandit13
bandit21
bandit22
bandit600
bandit69
bandit77
bandit99
bandnerd
bandung1
bandung123
bang1234
bangalore
bangaram
bangbang
bangbang1
bangkok1
banglade
bangladesh
bangladesh1
banjaluka
banjo123
bank1234
bankai123
bankbank
bannanas
bannono8
banshee1
banyuwangi
baobao123
baobao520
baobei520
baobei521
baphomet
baptiste
barabara
barabas1
barabashka
baracuda
barakuda
baran123
barbados
barbados1
barbapapa
barbara1
barbara12
barbara123
barbara2
barbarella
barbarian
barbarita
barbaros
barbarossa
barbecue
barbie01
barbie10
barbie101
barbie11
barbie12
barbie123
barbie13
barbie22
barbie23
barbiedoll
barbiegirl
barborka
barbwire
barca123
barcalona
barcellona
barcelon
barcelona
barcelona1
barcelona10
barcelona11
barcelona12
barcelona123
barcelona2
barcelona7
barcelona9
barcelona99
barcelone
barchetta
barclays
bareback
barefoot
barenaked
barfield13
bariloche
baritone
barkbark
barkley1
barmaley
barnabas
barnaby1
barney01
barney10
barney11
barney12
barney123
barnsemester
barnsley
barnsley1
barnyard
baron123
barosanu
barracuda
barrakuda
barrett1
barrientos
barrington
barrister
barry123
barselona
bart1234
bartbart
bartek11
bartek12
bartek123
bartek13
bartek319
bartender
bartender1
bartlett
bartman1
bartolome
bartolomeo
bartosz1
bartsimpson
basan123
baseba11
basebal1
baseball
baseball00
baseball01
baseball05
baseball06
baseball07
baseball08
baseball09
baseball1
baseball10
baseball101
baseball11
baseball12
baseball123
baseball13
baseball14
baseball15
baseball16
baseball17
baseball18
baseball19
baseball2
baseball20
baseball21
baseball22
baseball23
baseball24
baseball25
baseball26
baseball27
baseball28
baseball3
baseball31
baseball32
baseball33
baseball34
baseball4
baseball44
baseball5
baseball55
baseball6
baseball69
baseball7
baseball77
baseball8
baseball88
baseball9
baseball99
baseline
basement
basil123
basilisk
basket10
basket11
basket12
basket123
basket13
basket23
basketba
basketba11
basketbal
basketbal1
basketball
basketball1
basketball10
basketball11
basketball12
basketball123
basketball13
basketball14
basketball15
basketball2
basketball21
basketball22
basketball23
basketball24
basketball3
basketball33
basketball4
basketball5
basketball7
basketbol
basketcase
basodes12
basquete
bass1234
bassbass
bassboat
bassfish
bassguitar
basshunter
bassline
bassman1
bassmaster
bassplayer
bastard1
bastardo
bastards
basti123
bastian1
bastian123
bastille
bata1231
batangas
batata123
batatafrita
batatinha
bathroom
bathroom1
batista1
batista123
batistuta
batman00
batman007
batman01
batman07
batman08
batman09
batman10
batman101
batman11
batman12
batman123
batman1234
batman13
batman14
batman15
batman17
batman18
batman20
batman21
batman22
batman23
batman24
batman25
batman33
batman55
batman56
batman66
batman666
batman69
batman72
batman77
batman88
batman89
batman99
batteria
batterie
batteries
battery1
battista
battle12
battle123
battleaxe
battlefield
battlefield1
battlefield2
battlefield3
battlefront
battlefront2
battleon
battleship
battlestar
battletech
battosai
battousai
batuhan1
batuhan123
baudelaire
baumhaus
bautista
bautista1
bauvl356vb
baxter01
baxter11
baxter12
baxter123
bayan123
bayburt69
bayern123
bayliner
bayshore
baywatch
bazooka1
bazz2009
bb123456
bball123
bball4life
bbbb1111
bbbbbbbb
bbbbbbbbb
bbbbbbbbbb
bbdw757hch
bbkk1998
bbleo1zz
bboy4life
bc123456
bcfc1875
bcifdag322
bcp201109a
bd123456
bdfyeirf
bdfyjdbx
bdgyfjo098
beach123
beachbabe
beachball
beachboy
beachbum
beaches1
beachgirl
beanbean
beanhead
beans123
beantown
bear1234
bear2327
bear3324
bearbear
bearbear1
bearcat1
bearcats
bearclaw
beardog1
bears123
bearshare
bearshare1
beast123
beast666
beastboy
beastie1
beastmode
beatdown
beatiful
beatles1
beatles4
beatrice
beatrice1
beatriz1
beaubeau
beaufort
beaugosse
beaulieu
beaumont
beauregard
beautifu
beautiful
beautiful1
beautiful2
beautifull
beauty12
beauty123
beautyful
beaver12
beaver123
beaver69
beavers1
bebe1234
bebebebe
because1
because123
becca123
beccaboo
beckham07
beckham1
beckham23
beckham7
becky123
beckyboo
bedford1
bedirhan
bedroom1
beechwood
beefcake
beefcake1
beefjerky
beelzebub
beeman60
beepbeep
beerbeer
beerisgood
beethoven
beethoven1
beetlejuice
beetroot
beginner
beginning
behappy1
behemoth
beholder
behringer
beijing2008
belfast1
belgarath
belgarion
belgique
belgrano
belieber
believe1
believer
belinda1
belinea1
bella101
bella123
bella1234
bella2008
bella2009
bella2010
bellabella
bellaboo
belladog
belladonna
bellagio
bellamia
bellarose
bellaswan
bellatrix
bellavista
bellbell
belldandy
belle123
belleville
bellevue
bellissima
bellissimo
bellsouth
bellybutton
bellydance
belmondo
belmont1
belmonte
belochka
beloved1
belvedere
ben10000
ben12345
ben123456
benben123
benbenben
bendeguz
bendover
benedetta
benedetto
benedict
benedict1
benedicte
benedicto
benedikt
benefits
benetton
benfica1
benfica10
benfica123
bengals1
bengals85
bengbeng
bengkulu
beniamin
benidorm
benja123
benjam1n
benjamin
benjamin01
benjamin1
benjamin10
benjamin11
benjamin12
benjamin123
benjamin2
benjamin22
benjamin3
benjamin4
benjamin5
benjamin7
benjamin8
benjamin9
benji123
benladen
bennett1
bennies15zx3d56
bennington
benny123
bennyboy
benson12
benson123
benten10
benten12
benteuno
bentley1
ber217an
berbatov
berbatov9
berenice
beretta1
bergerac
bergeron
bergkamp
bergkamp10
bergmann
berhasil
berkay123
berke123
berkeley
berkscount
berkshire
berlin12
berlin123
berliner
berlingo
bermuda1
bermudez
bernadeth
bernadette
bernadette1
bernard1
bernardino
bernardo
bernardo1
bernhard
bernice1
bernie01
bernstein
berry123
berserk1
berserker
bertbert
bertrand
berwick2015zx3d56
besiktas
besiktas1
besiktas1903
best1234
bestbest
bestbuds
bestbuy1
bestfriend
bestfriend1
bestfriends
bestgirl
bestit2013
bestluck19a
bestrong
bestseller
betabeta
betelgeuse
bethanie
bethany1
bethany123
bethebest
bethesda
bethoven
betrayal
betrayed
betterman
bettina1
bettis36
betty123
bettyboo
bettyboo1
bettyboop
bettyboop1
bettylou
between121
beutiful
beverley
beverley1
beverly1
bewitched
beyblade
beyblade1
beyonce1
beyourself
bff4ever
bgt56yhn
bh2d7f6dut
bhabycoh
bhabykoh
bhabyqoh
bhandari
bharat123
bharathi
bhardwaj
bhargavi
bhbyjxrf
bhebheko
bhebhekoh
bholenath
bhu89ijn
bianca01
bianca10
bianca11
bianca12
bianca123
biancaneve
biarritz
biba7100
bibibibi
bible123
biblioteca
biblioteka
bicameral
bichette
bichngoc
bicicleta
bicicletta
bicycle1
bidadari
bidouille
bieberfever
biedronka
biedronka1
bielefeld
bienchen
bienvenido
bienvenu
bienvenue
bigapple
bigballa
bigballer
bigballs
bigballs1
bigbang1
bigbang123
bigbear1
bigbertha
bigbird1
bigblack
bigblock
bigblue1
bigboobs
bigboobs1
bigbooty
bigboss1
bigboy11
bigboy12
bigboy123
bigboy22
bigboy69
bigbrother
bigbubba
bigbuck1
bigbucks
bigbutts
bigcheese
bigcock1
bigdaddy
bigdaddy1
bigdaddy12
bigdaddy2
bigdave1
bigdawg1
bigdick1
bigdicks
bigdog11
bigdog12
bigdog123
bigdog69
bigfish1
bigfoot1
biggdogg
biggles1
bighead1
bighouse
bigmama1
bigman12
bigman123
bigmike1
bigmomma
bigmoney
bigmoney1
bigmouth
bignasty
bigpapbutch@unlo.jp
bigpenis
bigpimp1
bigpimpin
bigpimpin1
bigpoppa
bigpussy
bigsexy1
bigshow1
bigsister
bigsmoke
bigtime1
bigtimerush
bigtits1
bigtruck
bigtymer
bigwilly
bikerboy
bilabong
bilal123
bilancia
bilbo123
bilbobaggins
bilgisayar
bill1234
billabong
billabong1
billbill
billgates
billiard
billiards
billiejean
billiejoe
billiejoe1
billings
billionaire
billions
billkaulitz
billy123
billy1234
billybob
billybob1
billyboy
billyboy1
billygoat
billyjoe
billyray
billytalent
bilmiyorum
bimbo123
binbo123
bingbing
bingbong
bingo123
bingobingo
bingobongo
binhminh
binladen
bintang1
biochemistry
biohazard
biohazard1
biohazard4
biologia
biologie
biology1
bionicle
bionicle1
bionicman
bioshock
bioshock1
bioshock12345
bioshock2
biotechnology
biquette
birdbird
birdcage
birdhouse
birdhouse1
birdman1
birdsong
birmingham
birmingham1
birtanem
birthday
birthday1
biscoito
biscotte
biscotto
biscuit1
biscuit123
biscuit2
biscuits
biscuits1
bisexual
bismarck
bismilah
bismilla
bismillah
bismillah1
bismillah123
bismillah786
bismillah99
bismillahi
bisounours
bitburger
bitch101
bitch123
bitch1234
bitch420
bitch666
bitchass
bitchass1
bitchbitch
bitches1
bitches2
bitchface
bitchplease
bitchslap
bitcoin1
bitcoins
bitefight
biteme01
biteme11
biteme12
biteme123
biteme69
bittersweet
bizzybone
bjasonde12
bl1zzard
bl8lygb0
blabla11
blabla12
blabla123
blablabla
blablabla1
blablabla123
blablubb
black007
black101
black123
black1234
black12345
black666
black777
blackadder
blackandwhite
blackangel
blackass
blackbear
blackbeauty
blackbelt
blackbelt1
blackberry
blackberry1
blackbird
blackbird1
blackblack
blackblood
blackbox
blackboy
blackburn
blackburn1
blackcat
blackcat1
blackcat13
blackcats
blackdeath
blackdevil
blackdiamond
blackdog
blackdog1
blackdragon
blackeagle
blackeye
blackfire
blackflag
blackfoot
blackfox
blackgirl
blackhat
blackhawk
blackhawk1
blackhawks
blackheart
blackhole
blackhorse
blackice
blackie1
blackie123
blackie2
blackjac
blackjack
blackjack1
blackjack2
blackjack21
blackknight
blacklab
blacklabel
blacklight
blacklist
blacklotus
blackmage
blackmagic
blackmail
blackmamba
blackman
blackman1
blackmetal
blackmoon
blackmore
blackness
blacknight
blackops
blackops1
blackops12
blackops123
blackops2
blackout
blackout1
blackpanther
blackpearl
blackpool
blackpool1
blackpower
blackred
blackrock
blackrose
blackrose1
blackroses
blacksabbath
blacksea
blackshadow
blacksheep
blackshot
blacksmith
blackstar
blackstar1
blackstone
blacksun
blackswan
blacktiger
blackveilbrides
blackwater
blackwell
blackwhite
blackwidow
blackwing
blackwolf
blackwood
blacky12
blacky123
blade123
blade666
blademaster
bladerunner
blades1889
blah1234
blahblah
blahblah1
blahblah12
blahblah123
blahblah2
blahblahblah
blaireau
blake123
blanchard
blanche1
blandine
blanket1
blanquita
blaster1
blaster123
blastoff
blastoise
blaugrana
blaze123
blaze420
blazer12
blazers1
blaziken
blbjn007
blckd_sa_unpaidfee_oct06
bleach101
bleach12
bleach123
bleach13
bleeding
blehbleh
bleistift
blessed01
blessed1
blessed12
blessed123
blessed2
blessed3
blessed7
blessedbe
blessing
blessing1
blessing123
blessings
blessings1
blessings7
blessthefall
blessyou
blind123
blindman
blindside
bling123
blingbling
blink-182
blink123
blink1234
blink182
blink1821
blink183
blissful
blitz123
blitzball
blitzkrieg
blizzard
blizzard1
blizzard123
blizzard2
bljs2v85pt
blockbuster
blockhead
bloempot
bloger01
blogs123
blondie1
blondie123
blondie2
blondinka
blood123
blood4life
blood666
bloodbath
bloodelf
bloodhound
bloodline
bloodlust
bloodlust1
bloodmoney
bloodmoon
bloodrayne
bloodred
bloodshed
bloodshot
bloodstone
bloody123
bloodyhell
bloodymary
bloomberg
bloomfield
blooming
blossom1
blossom123
blossoms
blowfish
blowjob1
blowjob69
blowjobs
blowme69
blq9vd76pa
blubb123
blubblub
blue1234
blue12345
blue1998
blue2000
blue2002
blue2222
blue4ever
blueangel
bluearmy
bluebaby
blueball
blueballs
bluebear
bluebell
bluebell1
bluebells
blueberries
blueberry
blueberry1
bluebird
bluebird1
bluebirds
blueblood
blueblue
blueblue1
blueboy1
bluebunny
bluecheese
bluechip
bluedevil
bluedevils
bluedog1
bluedragon
blueeyes
blueeyes1
bluefire
bluefish
bluefish1
blueflame
bluegill
bluegirl
bluegrass
bluegreen
bluejay1
bluejays
bluejeans
bluelagoon
bluelight
blueline
bluelove
bluem00n
bluemonkey
bluemoon
bluemoon1
bluenose
bluenose1
bluenote
blueocean
bluepink
blueprint
bluerain
blueroom
bluerose
blues123
bluesclues
blueskies
bluesky1
bluesman
bluestar
bluestar1
bluestone
bluethunder
bluetooth
bluewater
bluewave
bluewhale
bluewolf
blume123
blumentopf
blunt420
bluntman
blutengel
bm1n2ch724
bmw12345
bmw318is
bmw318ti
bmw325is
bmw330ci
bmwm3csl
bmwm3gtr
bmwpower
bmx4life
bn74zsk843
bnbd246gbb
bnmqxztv123
boahu0o148
boarding
boating1
boavista
bob12345
bob123456
bobafett
bobafett1
bobbob11
bobbob12
bobbob123
bobbobbob
bobby101
bobby123
bobby1234
bobby12345
bobbybobby
bobbyboy
bobbydog
bobbyjack
bobbyjoe
bobbyorr
bobcats1
bobdole1
bobdylan
bobdylan1
bobesponja
bobiscool
bobjones
bobleponge
bobmarley
bobmarley1
bobmarly
bobo1234
bobobobo
bobsaget
bobsmith
bobthebuilder
bobthedog
bocajuniors
bocephus
bodacious
bodensee
bodyboard
bodybuilding
bodyguard
bodyshop
bodyvibe
boeing737
boeing747
boeing757
boeing777
boeing787
bogdan12
bogdan123
bogdanel
bogeissb2014
bohemian
boing747
bojangles
bokbulursun
bolabola
bolinhas
bolivia1
bollocks
bollocks1
bollocks2
bollywood
bolobolo
bologna1
boluwatife
bomba123
bombadil
bombardier
bombastic
bomberman
bombers1
bombshell
bomitho69
bonafide
bonaparte
bonbon123
bond0007
bondage1
bondarenko
bondbond
bonebone
bonefish
bonehead
bonehead1
bones123
bonethug
bonethugs
bongbong
bonghits
bongo123
bongwater
bonhomme
boniface
bonifacio
bonjour1
bonjour123
bonjours
bonjovi1
bonkers1
bonneville
bonnie01
bonnie10
bonnie11
bonnie12
bonnie123
bonobono
bonscott
boobear1
boobies1
boobies123
boobies2
boobies69
booboo01
booboo10
booboo11
booboo12
booboo123
booboo13
booboo21
booboo22
booboo23
booboo69
booboo99
booboobear
boobooboo
boobs123
boofhead
boofoot1
boogaloo
booger11
booger12
booger123
boogers1
boogeyman
boogie12
boogie123
boogieman
boognish
boogyman
book1234
bookbook
bookie28
bookitty
booklover
bookmark
bookmarks
books123
bookworm
bookworm1
boom1234
boomboom
boomboom1
boomboompow
boomer01
boomer10
boomer11
boomer12
boomer123
boomer13
boomer22
boomerang
boomstick
boomtown
boondock
boondocks
booster1
bootcamp
bootneck
boots123
bootsie1
booty123
bootycall
bootylicious
booyaka619
borabora
boragud02
borboleta
bordeaux
bordeaux33
borderlands
borderlands2
borderline
borealis
boreanaz
bored123
boricua1
boris123
borisova
born2die
born2kill
born2run
born2win
bornagain
bornfree
borntokill
borntorun
borntowin
boroboro
borracho
borromeo
borussia
borussia09
borussia1
bosco123
bosna123
boss1234
bossboss
bosshogg
bosslady
bossman1
bosta123
boston01
boston10
boston11
boston12
boston123
boston13
boston22
boston33
boston34
bostonlib
bosworth
botafogo
botswana
bouboule
bouboune
boudreaux
boulanger
boulette
boulevard
boulogne
boumboum
bouncer1
bountyhunter
bourgeois
bournemouth
bouteille
boutique
bowhunter
bowling1
bowling300
boxer123
boxerdog
boxing123
boy12345
boy123456
boycrazy
boyfriend
boyfriend1
boylover
boyscout
boysoverfl
boysoverfl1
boysrule
boyssuck
boywonder
boyz2men
bqlk8kx79u
bqr7we3e43
br00klyn
br123456
br1ttany
br6owhv625
br8r184357
brabus123
braceface
bracelet
bracken1
brad1234
bradbury
bradford
bradford1
bradley01
bradley1
bradley12
bradley123
bradley2
bradley7
bradpitt
bradshaw
brady123
brain123
braindead
brainiac
brainstorm
bramble1
brambles
brampton
branden1
brandie1
brandnew
brandnew1
brandon01
brandon05
brandon06
brandon07
brandon08
brandon09
brandon1
brandon10
brandon11
brandon12
brandon123
brandon13
brandon14
brandon15
brandon16
brandon17
brandon2
brandon21
brandon22
brandon23
brandon24
brandon3
brandon4
brandon5
brandon6
brandon7
brandon8
brandon9
brandon98
brandon99
brandonlee
brandweer
brandy01
brandy10
brandy11
brandy12
brandy123
brandy13
branston
brantley
brasil10
brasil12
brasil123
brasil2014
brasileiro
brasilia
brasilien
bratinella
bratislava
bratnc94
bratwurst
bratz123
braveheart
braveheart1
bravenet
braves10
braves95
bravo123
braxton1
brayan123
brayden1
brazil10
brazil123
brazilia
bread123
breakaway
breakbeat
breakdance
breakdown
breaker1
breakers
breakfast
breaking
breakingdawn
breakout
breanna1
breathe1
breebree
breitling
brenda01
brenda12
brenda123
brendan1
brenden1
brendon1
brengsek
brennan1
breno123
brent123
brentford
brentford1
brentwood
bretagne
brethart
brett123
brewcrew
brewers1
brewster
brewster1
brian123
brian1234
brianna01
brianna1
brianna10
brianna11
brianna12
brianna123
brianna2
brianna3
brianna4
brianne1
briciola
bridget1
bridgett
bridgette
brigadeiro
brighteyes
brighton
brighton1
brigid1zx3d56
brigitta
brigitte
brigitte1
brilliant
brilliant1
brimstone
bringiton
brinkley
brisbane
brisbane1
brisingr
bristol1
britannia
british1
britney1
britney123
britneys
britneyspears
britt123
brittani
brittany
brittany1
brittany12
brittany123
brittany2
brittney
brittney1
brmfp4a193
broadband
broadband1
broadcast
broadsword
broadway
broadway1
broccoli
brody123
broken12
brokenarrow
brokencyde
brokenhear
brokenheart
broncos1
broncos7
bronson1
brontolo
broodwar
brooke01
brooke10
brooke11
brooke12
brooke123
brooke13
brookfield
brooklyn
brooklyn1
brooklyn12
brooklyn2
brooklyn7
brooklynn
brookside
broomfield
brother1
brother12
brother123
brother2
brother3
brotherhood
brothers
brothers1
brothers2
brothers3
brown123
brownbear
browncow
browndog
browneye
browneyes
browneyes1
brownie1
brownie123
brownie2
brownies
brownies1
browning
browning1
brownpride
brownsugar
bruce123
brucelee
brucelee1
brucewayne
bruins77
bruiser1
brujeria
bruna123
brunette
bruninha
bruninho
bruno123
bruno1234
brunomars
brunswick
brussels
brutus01
brutus11
brutus12
brutus123
bruxelles
bruxinha
bryan123
bryanna1
bryant24
bryce123
bstaff123
bsxxbgs322
bubabuba
bubamara
bubba123
bubba1234
bubbadog
bubbagump
bubble01
bubble11
bubble12
bubble123
bubblebutt
bubblegum
bubblegum1
bubblegum2
bubbles01
bubbles1
bubbles10
bubbles101
bubbles11
bubbles12
bubbles123
bubbles13
bubbles14
bubbles2
bubbles21
bubbles22
bubbles23
bubbles3
bubbles4
bubbles5
bubbles69
bubbles7
bubbles8
bubbles9
bubby123
bubububu
bubulina
buburuza
buccaneers
bucefalo
buceta123
buchanan
buckaroo
buckbuck
buckethead
buckeye1
buckeyes
buckeyes1
buckfast
buckingham
buckley1
buckmaster
buckshot
buckshot1
buckskin
buckwheat
buckwheat1
buckwild
bucky123
bucuresti
budapest
buddy100
buddy101
buddy111
buddy123
buddy1234
buddyboy
buddyboy1
buddycat
buddydog
buddydog1
buddyholly
buddylee
buddylove
budlight
budlight1
budweiser
budweiser1
budwiser
buenavista
buenosaires
buffalo1
buffalo66
buffett1
buffy123
bugaosuni
bugatti1
buggeroff
bugmafia
bugmenot
bugsbunny
bugsbunny1
buhjvfybz
builder1
builders
building
bukowski
bulaklak
bulbasaur
bulbsdirect
buldozer
bulgaria
bullbull
bulldawg
bulldog1
bulldog11
bulldog12
bulldog123
bulldog2
bulldog5
bulldog7
bulldogg
bulldogs
bulldogs1
bulldozer
bullet11
bullet12
bullet123
bulletproof
bullfrog
bullfrog1
bullhead
bullrider
bullseye
bullseye1
bullsh1t
bullshit
bullshit1
bullshit123
bullshit2
bullterrier
bullwinkle
bully123
bumblebee
bumblebee1
bumbling
bumbumbum
bumerang
bumfluff
bumhole1
bunda123
bundesliga
bundeswehr
bungalow
bunghole
bunghole1
bunnies1
bunny101
bunny123
bunny1234
bunnyboo
bunnybunny
bunnygirl
bunnyhop
bunnylove
bunnyrabbit
bunty123
buongiorno
burak123
burakburak
buratino
burberry
burberry1
burger123
burgerking
burgess1
burgundy
burlington
burning1
burnley1
burnout1
burnout3
burnside
burrito1
bursaspor
burton13
burunduk
busdriver
bushido1
bushido123
bushmaster
business
business1
business12
business123
bustamante
buster00
buster01
buster05
buster06
buster07
buster08
buster09
buster10
buster101
buster11
buster12
buster123
buster1234
buster13
buster14
buster15
buster17
buster21
buster22
buster23
buster24
buster33
buster44
buster55
buster69
buster77
buster88
buster99
busterboy
busterbrown
busterdog
butch123
butcher1
buterfly
butt3rfly
buttbutt
buttcrack
butter01
butter11
butter12
butter123
butter22
butter44
butterball
butterbean
butterblume
buttercup
buttercup1
buttercup2
butterfinger
butterfl
butterflies
butterfly
butterfly0
butterfly1
butterfly12
butterfly123
butterfly13
butterfly2
butterfly3
butterfly4
butterfly5
butterfly6
butterfly7
butterfly8
butterfly9
butterflys
buttermilk
butternut
butters1
butterscotch
buttface
buttface1
buttfuck
butthead
butthead1
butthole
butthole1
buttmonkey
buttmunch
buttmunch1
buttocks
buttons1
buttons123
buttons2
buttplug
buystuff
buzhidao
buziaczek
buzzard1
buzzbuzz
buzzkill
bvgthfnjh
bvkmosrus2010
bvp33w7epu
bw29ikyb1c
bwfq23jp7f
bx42qxw436
byabybnb
byajhvfnbrf
byakugan
bydgoszcz
bydzia1234
byebyebye
bygal141ok
bynthytn
byt6owt39u
bytheway
byusdg23
byynet2010
c.ronaldo
c.ronaldo7
c0001222c
c00ldude
c0cac0la
c0l0rad0
c0mput3r
c0mputer
c0p7oq81
c0raplok
c0rvette
c1234567
c12345678
c123456789
c16js5iqvx
c1c2c3c4
c1f8paol3q
c224466889
c2j5jbvr2f
c3a9yiy7fy
c3por2d2
c43dae874d
c43qpul5rz
c4447777c
c4jx7u4uoi
c4ndym4n
c5f9qji9ee
c7ftu7u6xp
c9p5au8naa
ca123456
ca75ccw7gn
cabal123
caballero
caballero1
caballos
cabbage1
cabbages
cabernet
cableguy
caboose1
caboverde
cabowabo
cabrera1
cabriolet
cabrones
caca1234
cacaboudin
cacacaca
cacacaca1
cacadevaca
cacahuate
cacahuete
cacamaca
cacapipi
cacaprout
cacaroto
cacat123
cacca123
caccacacca
caccapupu
cachondo
cachorra
cachorro
cadbury1
cadence1
cadillac
cadillac1
cafecafe
cafemom1
caffeine
cagliari
cagliostro
cagnolino
cahill17
caigithe
caio1234
caitlin1
caitlin123
caitlyn1
cake1234
cakecake
cakewalk
calabaza
calabria
calamardo
calamari
calamaro
calamity
calavera
calculator
calculator1
calculus
calcutta
calderon
caldwell
cale1010
caleb123
caledonia
calendar
calendario
calender
calgary1
calgaryp
cali4nia
calibra1
caliente
californ
california
california1
californication
caligirl
caligula
calimero
callahan
callalily
callaway
callaway1
callie01
callie12
callie123
calliope
callista
callisto
callofduty
callofduty1
callofduty123
callofduty2
callofduty3
callofduty4
callofduty5
callofduty6
callofduty7
callofdutymw3
calloway
callum01
callum11
callum12
callum123
callum99
calogero
calvin01
calvin11
calvin12
calvin123
calypso1
camaleon
camaro12
camaro123
camaro67
camaro68
camaro69
camaross
camaroz28
cambiami
cambodia
cambodia1
cambridge
cambridge1
cambridgezx3d56
camel123
cameleon
camellia
camelot1
cameltoe
camera123
cameron01
cameron03
cameron05
cameron06
cameron07
cameron08
cameron1
cameron10
cameron11
cameron12
cameron123
cameron13
cameron2
cameron3
cameron4
cameron5
cameron6
cameron7
cameron8
cameron9
cameron99
cameroon
cameroun
camila01
camila10
camila12
camila123
camilita
camilla1
camille1
camille123
camilo123
camioneta
camisa10
camisa12
cammello
camomilla
campanile
campanilla
campanita
campbell
campbell1
campeones
campfire
campinas
camping1
campione
campioni
camprock
camwithher
canabis1
canada01
canada10
canada11
canada12
canada123
canada13
canada22
canada99
canadian
canadian1
canadien
canadiens
canaille
canal2006
canarias
canaries
canberra
cancancan
cancer12
cancer123
cancer22
cancer69
cancerian
candace1
candelaria
candice1
candles1
candy101
candy123
candy1234
candyapple
candyass
candybar
candycandy
candycane
candycane1
candycorn
candyfloss
candygirl
candygirl1
candyland
candyland1
candyman
candyman1
candyshop
caner123
cangrejo
canimbenim
canimsin
canislupus
cannabis
cannabis1
cannavaro
cannelle
cannibal
cannonball
cannondale
canon123
cantante
canterbury
cantona07
cantona1
cantona7
cantrell
canucks1
caonima1
caonima123
caonimabi
capa2008
capa2009
capacity
capecod1
capetown
capetown1
capitaine
capital1
capitals
capitano
capoeira
capoeira1
cappuccino
caprice1
capricho
capricon
capricorn
capricorn1
capricorne
capricornio
capricorno
caprisun
capslock
capslock1
captain1
captain2
capucine
car0line
car12345
caracas1
caracola
caracoles
caracter
caraculo
caraibe123
caralho1
caralho123
caramail
carambar
carambola
caramel1
caramella
caramelle
caramelo
caramelo1
caravaggio
caravan1
caravane
carbon12
cardcaptor
cardenas
cardiff1
cardigan
cardinal
cardinal1
cardinals
cardinals1
cardinals5
cards123
care1234
carebear
carebear1
carebears
carebears1
careersclass
carefree
caregiver
careless
carhartt
caribbean
carissa1
carl1234
carla123
carleton
carletto
carling1
carlinha
carlinhos
carlisle
carlito1
carlitos
carlitos1
carlo123
carlos00
carlos01
carlos10
carlos11
carlos12
carlos123
carlos1234
carlos12345
carlos123456
carlos13
carlos14
carlos15
carlos16
carlos17
carlos18
carlos19
carlos20
carlos21
carlos22
carlos23
carlos24
carlos25
carlos69
carlos99
carlotta
carlsberg
carlsberg1
carlton1
carly123
carmela1
carmelina
carmelita
carmella
carmelo1
carmelo15
carmen01
carmen11
carmen12
carmen123
carmen13
carmencita
carmine1
carnage1
carnation
carnaval
carnegie
carneiro
carnifex
carnival
carnival1
carol123
carolann
carolina
carolina1
carolina12
carolina123
carolina23
caroline
caroline1
caroline12
caroline123
caroline2
carolyn1
carolzinha
carousel
carpedie
carpediem
carpediem1
carpenter
carpenter1
carranza
carrasco
carrefour
carrera1
carrera4
carreras
carrillo
carrington
carro123
carroll1
carrot123
carrots1
cars1234
carscars
carson12
cartagena
carter01
carter10
carter11
carter12
carter123
carter15
carter22
carthage
cartman1
cartman123
cartman2
cartoon1
cartoon123
cartoonnetwork
cartoons
cartoons1
cartouche
carvalho
carwash1
casa1234
casablanca
casacasa
casamento
casandra
casanova
casanova1
cascade1
cascades
case-sensitive
casey123
caseydog
cash1234
cashback
cashcash
cashflow
cashmere
cashmoney
cashmoney1
casillas
casillas1
casimiro
casino123
casio123
casiopea
casper00
casper01
casper10
casper11
casper12
casper123
casper13
casper134
casper14
casper21
casper22
casper23
casper69
casper99
cassandra
cassandra1
cassandre
cassanova
cassidy1
cassie01
cassie10
cassie11
cassie12
cassie123
cassie13
cassiopea
cassiopeia
cassius1
castaneda
castaway
castello
castilla
castillo
castillo1
castlevania
castravete
castro123
cat12345
cat123456
cataclysm
catalin1
catalin98
catalina
catalina1
catalunya
catalyst
catamaran
catanddog
catania46
catapult
catarina
catcat12
catcat123
catcatcat
catch222
catdaddy
catdog11
catdog12
catdog123
catedral
caterham
caterham7
caterina
catering
caterpillar
catfight
catfish1
catharina
cathedral
catherin
catherine
catherine1
catherine2
cathleen
catholic
catholic1
cathouse
cathrine
cathy123
catinthehat
catlover
catlover1
catmando
catolica
catriona
cats1234
catsanddogs
catscats
catsdogs
catsmeow
catsrule
cattleya
catwoman
catwoman1
catwomen
caution1
cavalera
cavalier
cavalier1
cavaliere
cavaliers
cavalo123
caveman1
cavendish
cazzarola
cazzimiei
cazzocazzo
cb123456
cbr1000rr
cbr1100xx
cbr600rr
cbr900rr
cbr929rr
cc123456
cca8rlm521
ccc171423hx
cccc130326
cccccccc
cccccccc1
cccccccccc
ccddee11
ccopacell1
ccppgai173
ccz998982
cd123456
cde34rfv
cde3vfr4
cdexswzaq
cdosabandonware
cdplayer
cdtnjxrf
cdtnkfyf
cdznjckfd
ce5lena12
cebran89
cebucity
cecilia1
cedric123
cegthgfhjkm
cegthvty
celebrate
celebration
celebrity
celeron1
celeste1
celestial
celestin
celestina
celestine
celestino
celibataire
celina123
celine01
celine123
celinedion
cellardoor
cellphone
cellphone1
cellular
cellulare
celtic01
celtic11
celtic12
celtic123
celtic1888
celtic1967
celtic67
celtic88
celticfc
celticfc1
celticno1
celtics1
celtics33
celtics34
cenation
cendrillon
cenerentola
censored
centauri
centauro
central1
centrino
centrino1
centurion
century1
century21
cepetsugih
ceramics
cerberus
cerberus1
cerfcerf
certified
cerulean
cervantes
cervantes1
cesar123
cessna152
cessna172
cessna182
cestlavie
cet333333
cf123456
cf8f7dg4zb
cfhil7s157
cfiekmrf
cfif1999
cfif2000
cfif2001
cfifcfif
cfitymrf
cftyhnf942
cg123456
cg52j1aaew
cgfzc3dvcmq=
cgyrfg345
ch0c0late
ch123456
ch3ch2oh
cha1xun3tian
chacha123
chachacha
chaching
chad1234
chadchad
chadmuska
chadwick
chadwick1
chaichai
chaingang
chainsaw
chainsaw1
chair123
chairman
chaitali12
chaitanya
chakkara
challenge
challenger
chamber1
chamberlain
chambers
chambers1
chamcham
chameleon
chamonix
chamorro
champ123
champagne
champagne1
champers
champion
champion1
champion12
champion123
champions
champions1
champloo
chance01
chance11
chance12
chance123
chanchal
chanchan
chanchet
chandana
chandigarh
chandler
chandler1
chandoi123
chandra1
chandran
chandrika
chanel05
chanel11
chanel123
chanelle
chanelle1
chang123
change12
change123
change1234
changed1
changeit
changeme
changeme1
changeme123
changeme2
changes1
changing
changmin
channel1
channing
chantal1
chantale
chantel1
chantell
chantelle
chantelle1
chantilly
chantinh
chaochao
chaos123
chaos666
chaoscontrol
chaotic1
chaparra
chaparrita
chaparro
chaplain
chapman1
chappell
chapstick
chapter1
chapulin
character
character1
characters
charchar
charcoal
chardonnay
charger1
charger69
chargers
chargers1
chargers21
charisma
charisma1
charissa
charisse
charity1
charizard
charizard1
charl0tte
charlee1
charleen
charlemagne
charlene
charlene1
charles01
charles1
charles11
charles12
charles123
charles2
charles22
charles3
charles5
charles7
charleston
charley1
charlie0
charlie01
charlie02
charlie03
charlie04
charlie05
charlie06
charlie07
charlie08
charlie09
charlie1
charlie10
charlie101
charlie11
charlie12
charlie123
charlie1234
charlie13
charlie14
charlie15
charlie16
charlie17
charlie18
charlie19
charlie2
charlie20
charlie21
charlie22
charlie23
charlie24
charlie25
charlie27
charlie3
charlie33
charlie4
charlie5
charlie6
charlie69
charlie7
charlie77
charlie8
charlie88
charlie9
charlie96
charlie99
charlieb
charlieboy
charliebrown
charliedog
charlies
charline
charlize
charlote
charlott
charlotte
charlotte1
charlotte123
charlotte2
charlton
charlton1
charly123
charmaine
charmaine1
charmander
charmed1
charmed123
charmed3
charming
charming1
charter1
chartered
chartnexus
chase123
chasity1
chasseur
chastity
chatchat
chatnoir
chatoune
chatroom
chatterbox
chatting
chaudhary
chauncey
chaussette
chayanne
chayenne
chbc2gf82e
chealsea
cheapass
cheapassgamer
cheater1
cheaters
cheating
cheburashka
check123
checkedbyx-all.org
checker1
checkers
checkers1
checking
checkitout
checkmate
checkmate1
checkout
cheddar1
cheechee
cheeky123
cheekymonkey
cheer101
cheer123
cheer4life
cheerful
cheergirl
cheering
cheerios
cheerleader
cheerleading
cheese01
cheese10
cheese101
cheese11
cheese12
cheese123
cheese1234
cheese13
cheese14
cheese21
cheese22
cheese23
cheese24
cheese33
cheese44
cheese69
cheese77
cheese88
cheese99
cheeseball
cheeseballs
cheeseburger
cheesecake
cheesecake1
cheesehead
cheeseman
cheesepuff
cheesey1
cheetah1
cheetahs
cheetos1
chefkoch
cheguevara
chelsea01
chelsea05
chelsea06
chelsea07
chelsea08
chelsea09
chelsea1
chelsea10
chelsea100
chelsea11
chelsea12
chelsea123
chelsea1234
chelsea13
chelsea14
chelsea15
chelsea16
chelsea17
chelsea18
chelsea1905
chelsea2
chelsea21
chelsea22
chelsea23
chelsea25
chelsea26
chelsea3
chelsea4
chelsea5
chelsea6
chelsea69
chelsea7
chelsea8
chelsea88
chelsea9
chelsea99
chelseafc
chelseafc1
chelsey1
chelsie1
cheltenham
chemical
chemical1
chemicals
chemist1
chemistdirect
chemistry
chemistry1
chemnitz
chen1234
chen123456
chenchen
cheng123
chengcheng
chenjian
chennai123
chepalle
cherish1
chernobyl
cherokee
cherokee1
cherries
cherries1
cherry01
cherry10
cherry101
cherry11
cherry12
cherry123
cherry1234
cherry13
cherry21
cherry22
cherry23
cherry69
cherryblossom
cherrybomb
cherrycoke
cherrypie
cherrypie1
cherrytree
cheshire
chesney1
chess123
chessie1
chessman
chessmaster
chester01
chester1
chester11
chester12
chester123
chester2
chester22
chester3
chester5
chester7
chesterfield
chestnut
chestnut1
chevalier
chevelle
chevelle1
chevrolet
chevrolet1
chevy123
chevy1500
chevy350
chevy454
chevy4x4
chevyman
chevys10
chevytruck
chevyz71
chewbaca
chewbacca
chewbacca1
chewy123
cheyanne
cheyanne1
cheychey
cheyenne
cheyenne1
cheyenne12
cheyenne2
chiaretta
chica123
chicago1
chicago12
chicago123
chicago2
chicago23
chicago7
chicagobulls
chicharito
chichi11
chichi12
chichi123
chichichi
chichiri
chickadee
chickboy
chicken01
chicken1
chicken10
chicken101
chicken11
chicken12
chicken123
chicken13
chicken2
chicken21
chicken22
chicken23
chicken3
chicken4
chicken5
chicken6
chicken69
chicken7
chicken8
chicken9
chicken99
chickenbutt
chickenhead
chickenman
chickens
chickens1
chickensoup
chickenwing
chicklet
chiclete
chico123
chicosci
chidori1
chiechie
chief123
chien123
chienthan
chienthang
chigozie
chihuahua
chihuahua1
chijioke
chilango
childcare
childhood
childofgod
children
children1
children2
children3
children4
children5
children6
chilidog
chillin1
chilling
chillout
chimaera
chimaira
chimchar
chimchim
chimera1
china123
chinacat
chinadoll
chinagirl
chinaman
chinaren
chinaski
chinatown
chinchan
chinchilla
chinchin
chinchin1
chinese1
chingatumadre
chingching
chinita1
chino123
chino1994
chinonso
chinook1
chinyere
chipchip
chipmonk
chipmunk
chipmunk1
chipmunks
chipotle
chipper1
chipper10
chippewa
chips123
chipster
chiquita
chiquita1
chiquitin
chiquitita
chiquito
chisholm
chispita
chitarra
chitchat
chitown1
chivalry
chivas10
chivas100
chivas11
chivas12
chivas123
chivas13
chivas14
chiyeuminhem
chleose879
chloe101
chloe123
chloe1234
chloe2000
chloecat
chloedog
chlorine
chobits1
chocapic
choclate
choclate1
choco123
chocobo1
chococat
chocoholic
chocolat
chocolat1
chocolat3
chocolate
chocolate!
chocolate0
chocolate1
chocolate10
chocolate11
chocolate12
chocolate123
chocolate13
chocolate2
chocolate3
chocolate4
chocolate5
chocolate6
chocolate7
chocolate8
chocolate9
chocolates
chonchon
choochoo
choochoo1
chopchop
chopper1
chopper12
chopper123
chopper2
choppers
choppers1
chopsticks
chopsuey
chosenone
choubidou
chouchou
chouchou1
chouchoune
choucroute
choudhary
chouette
choupette
choupinette
choupinou
chouquette
chowchow
chowdary
chowder1
chowking
chr1st1an
chris001
chris007
chris101
chris111
chris123
chris1234
chris12345
chris1988
chris1990
chris1991
chris1992
chris1993
chris1995
chris1997
chris666
chrisbln
chrisbrown
chrisbrown1
chrischris
chrissie
chrissy1
christ01
christ12
christ123
christa1
christal
christel
christelle
christen
christensen
christer
christi1
christia
christiaan
christian
christian0
christian01
christian1
christian10
christian11
christian12
christian123
christian2
christian3
christian5
christian7
christian8
christian9
christiana
christiane
christiano
christie
christie1
christin
christina
christina1
christina2
christine
christine1
christine2
christma
christmas
christmas1
christmas2
christof
christop
christoph
christoph1
christophe
christophe1
christopher
christopher1
christos
christus
christy1
chronic1
chronic420
chronicle
chronicles
chrysler
chrysler1
chrystal
chubby123
chubchub
chuck123
chuckie1
chuckles
chuckles1
chucknorris
chujciwdupe
chukwudi
chukwuma
chumchum
chunchun
chung123
chunkymonkey
chupacabra
chupachups
chupamela
church12
churchdom
churchill
churchill1
chxk2wx466
ciao1234
ciaoatutti
ciaobella
ciaociao
ciaociao1
ciaociao123
ciaociaociao
ciara123
ciboulette
cicamica
cicciobello
cicciolina
ciccione
ciclismo
ciencias
cigarette
cimbom123
cimbom1905
cimbombom
cincinnati
cinderela
cinderella
cinderella1
cinders1
cindrella
cindy123
cindylou
cinghiale
cingular
cingular1
cinnamon
cinnamon1
cinta1107
cinta123
cintakamu
cintaku1
cintamati
cintasejat
cioccolata
cioccolato
ciocolata
cip123456
cipollina
cippalippa
cipriano
cisco123
ciscokid
cisneros
citation
citibank
citizen1
citroen1
citroenc4
citrouille
citygirl
cityhunter
civilization
civilwar
cj123456
cjkysirj
cjrjkjdf
cjstk1004
cjxb2014
cjyzcjyz123
ck16dkg81lw
ckiue73jp
cklckl111
cl241284
claddagh
claire01
claire12
claire123
clairebear
clandestine
clapton1
clara123
claremont
clarence
clarence1
clarinet
clarinet1
clarinette
clarinha
clarissa
clarissa1
clarisse
clark123
clarkkent
clarkson
clashofclans
class2009
class2010
class2011
class2012
classic1
classic123
classical
classics
classified
classmate
classmates
classof06
classof07
classof08
classof09
classof10
classof11
classof201
classof2010
classof2011
classof2012
classof2013
classof2014
classroom
claudette
claudia01
claudia1
claudia12
claudia123
claudia2
claudine
claudio1
claudio123
claudita
claudius
clave123
claymore
claypool
clayton1
clb123456
cleaning
clear123
clearwater
clemence
clement1
clemente
clementina
clementine
clements
clemson1
cleocleo
cleopatra
cleopatra1
cleopatre
clermont
cleveland
cleveland1
click123
clientesvpauto
cliff123
clifford
clifford1
clifton1
climber1
climbing
clinique
clinton1
clipper1
clippers
clippers1
cliquers
clitoris
clochette
clock123
clockwork
clockwork1
clone123
clonewars
close123
clothing
clotilde
cloud123
cloudff7
cloudnine
cloudstrife
clover12
clover123
clown123
clownfish
clti83x568
clubbing
clubbrugge
clubpenguin
clueless
clueless1
clusters
clyde123
cm0bk6vr
cmw81447
cn1o4id9zz
cn55om6985
cnfybckfd
cnhfyybr
cnhjbntkm
cnhtrjpf
cnjvfnjkju
cntgfirf
cntgfyjdf
cntyrf66
coaching
cobacoba
cobblers
cobra123
cobra427
coca-cola
cocacola
cocacola0
cocacola1
cocacola10
cocacola11
cocacola12
cocacola123
cocacola2
cocacola22
cocacola7
cocaine1
coccinella
coccinelle
coccodrillo
cockroach
cocksuck
cocksucker
cocktail
coco1234
coco12345
coco2000
cocoa123
cocobean
cocobear
cocochanel
cocococo
cococola
cocodrilo
cocolino
cocoliso
cocoloco
cocomero
coconut1
coconut123
coconuts
cocopops
cocopops1
cocopuff
cocopuffs
cocorico
cocotier
cod12qw75rqyi59n
code1234
codeblue
codecode
codegeass
codegeass1
codelyoko
codeman1
codemaster
codename
codename47
codered1
cody1234
codybear
codycody
codysimpson
coffee01
coffee11
coffee12
coffee123
coffee22
coffee4me
coffeecup
coglione
coimbatore
coincoin
cokacola
coke1234
cokecoke
cokecola
cokolada
cola1234
colacola
colby123
colchester
coldbeer
coldfire
coldplay
coldplay1
coldwater
cole1234
colecole
coleman1
coleslaw
colette1
colgate1
colin123
collection
collective
collector
colleen1
college1
college2
collette
collin12
collin123
collingwood
collins1
colocolo
colocolo1
colombia
colombia1
colombia123
colonel1
colonial
color123
colorado
colorado1
coloreal
colorful
colorguard
colossus
colt1911
coltm4a1
coltrane
columbia
columbia1
columbus
columbus1
comanche
comandante
comander
comandos
comatose
combat123654
combat18
combatarms
comcast1
comeback
comecaca
comecome
comegetsome
comehere
comeon11
comercial
comet123
cometome
comewithme1
comfort1
command1
commande
commander
commander1
commando
commando1
commandos
commerce
commercial
commodore
common123
commrades
communication
community
community1
comoestas
company1
company123
compaq01
compaq10
compaq11
compaq12
compaq123
compaq6720
compaq6730
compaq99
compass1
compassion
complete
compliance
complicate
complicated
comply1!
composer
compound
compton1
computador
computadora
computer
computer0
computer01
computer1
computer10
computer11
computer12
computer123
computer1234
computer13
computer15
computer16
computer2
computer21
computer22
computer23
computer3
computer4
computer5
computer7
computer9
computer99
computers
computers1
comrades
conan123
conceicao
concepcion
concept1
concerto
concetta
conchita
concord1
concorde
concordia
concours
concrete
concrete1
concurso
condition
condorito
conehead
conejita
conejito
confetti
confiance
confidence
confidencial
confident
confidential
confirm1
confirmation
confirmed
conflict
confused
confused1
confusion
congacon
congchua
congress
coniglio
conmemay
connect1
connect123
connect4
connected
connecting
connection
connelly
conner12
conner123
connexion
connie12
connie123
connolly
connor01
connor02
connor03
connor04
connor05
connor06
connor07
connor08
connor09
connor10
connor11
connor12
connor123
connor13
connor1a
connor22
connor98
connor99
conqueror
conquest
conspiracy
constance
constance1
constant
constanta
constantin
constantine
constantino
constanza
construction
consuelo
consultant
consulting
consumer
contact1
contacts
contador
container
contender
contessa
continental
continuar
continue
continue1
contract
contractor
contrase
contrase?a
contrasea
contrasena
contrast
contreras
control1
control123
controle
controller
controls
converge
converse
converse1
conyeume
cookbook
cookie00
cookie01
cookie08
cookie09
cookie10
cookie101
cookie11
cookie12
cookie123
cookie1234
cookie13
cookie14
cookie15
cookie17
cookie18
cookie21
cookie22
cookie23
cookie24
cookie45
cookie55
cookie69
cookie77
cookie88
cookie99
cookiedough
cookiemonster
cookies1
cookies101
cookies11
cookies12
cookies123
cookies2
cookies3
cookies5
cooking1
cool1234
cool12345
cool123456
cool2000
coolbabe
coolbaby
coolbeans
coolbeans1
coolblue
coolboy1
coolboy123
coolboys
coolbreeze
coolbuddy
coolcars
coolcat1
coolcat12
coolcat123
coolcats
coolchick
coolcool
coolcool1
cooldood
cooldude
cooldude1
cooldude12
cooldude123
cooler12
cooler123
coolermaster
coolest1
coolgirl
coolgirl1
coolgirls
coolguy1
coolguy123
coolguys
coolhand
coolio12
coolio123
coolkid1
coolkid123
coolkids
coolman1
coolman12
coolman123
coolman2
coolness
coolness1
coolpool
coolstuff
coolwater
coolwhip
cooper01
cooper07
cooper08
cooper09
cooper10
cooper11
cooper12
cooper123
cooper13
cooper14
cooper21
cooper22
cooper99
coorslight
copacabana
copeland
copenhagen
copernicus
copper01
copper11
copper12
copper123
copperhead
copyright
coquelicot
coquette
coraline
corazon1
corazones
corcoran
cordeiro
cordelia
core2duo
coregmedia
corentin
corey123
corinne1
corinthian
corinthians
coritiba
corleone
cornbread
corncake21
corndog1
corneille
cornelia
cornelia1
cornelio
cornelis
cornelius
cornell1
corner11
cornerstone
cornflake
cornflakes
cornhole
cornholio
cornichon
cornwall
cornwall1
corolla1
corona12
coronado
corporal
corporate
corporation
corrado1
corradog60
corradovr6
corruption
cortland
coruscant
corvette
corvette1
corvettez06
cosanostra
cosmin123
cosmo123
cosmopolitan
cosmos0901
cosmos123
cossacks
costanza
costarica
costarica1
costello
cosworth
cosworth1
cottage1
cotton12
cottoncandy
coucou123
cougars1
counselor
countach
countdown
counter1
counter12
counter123
counter2
counters
counterstrik
counterstrike
counterstrike1
countess
country1
countryboy
countryclub
countrygirl
countylib
couponsc10
courage1
courgette
courrier
courtney
courtney1
courtney12
courtney123
courtney2
couscous
covenant
covenant1
coventry
coventry1
covergirl
covington
cowabunga
cowboy01
cowboy10
cowboy11
cowboy12
cowboy123
cowboy22
cowboy69
cowboybebop
cowboys09
cowboys1
cowboys11
cowboys12
cowboys123
cowboys13
cowboys2
cowboys21
cowboys22
cowboys24
cowboys7
cowboys8
cowboys81
cowboys9
cowboyup
cowgirl1
cowgirls
cowsgomoo
cowsrule
cpe1704tks
cppzfrc933
crabtree
crack123
cracker1
cracker123
cracker2
crackerjack
crackers
crackers1
crackhead
crackhead1
cracotte
cracovia
cradle666
cradleoffilth
craft123
craig123
craigslist
cranberries
cranberry
crapcrap
crapface
crash123
crawfish
crawford
crawford1
crawling
crayola1
crazy101
crazy123
crazy1234
crazy4you
crazybab
crazybitch
crazyboy
crazycat
crazychick
crazycrazy
crazydog
crazyfrog
crazygirl
crazygirl1
crazyguy
crazyhorse
crazykart
crazykid
crazylady
crazylegs
crazylove
crazyman
crazyman1
crazymonkey
crazyone
crazytown
crazytrain
cre8tive
cream123
creampie
creampuff
creamsoda
creat1ve
creatine
creation
creation1
creations
creative
creative1
creative12
creative123
creative2
creativity
creature
creed123
creed1234
creeper1
creeper123
creepers
creighton
crenshaw
creosote
crepusculo
crescent
cressida
crevette
cricket1
cricket12
cricket123
cricket2
cricketer
crickets
crickett
criminal
criminal1
criminolog
crimson1
crip4life
crippler
cris1234
crisanto
criselda
crisiscore
crisostomo
crissangel
cristal1
cristhian
cristian
cristian1
cristian12
cristian123
cristiana
cristiane
cristiano
cristiano1
cristiano7
cristianoronaldo
cristina
cristina1
cristina123
cristine
cristinel
cristobal
cristofer
cristopher
cristovive
critical
critter1
critters
crjhgbjy
crjhjcnm
crockett
crocodil
crocodile
crocodile1
cromwell
cronaldo
cronaldo7
croquette
crosby87
crosfire
cross123
crossbow
crosscountry
crossfire
crossfire1
crossfire123
crossing
crossover
crossroad
crossroads
crossword
crownvic
cruiser1
cruising
crunchie
crusader
crusader1
crusaders
crusher1
cruzazul
cruzeiro
crybaby1
crystal01
crystal1
crystal11
crystal12
crystal123
crystal2
crystal3
crystal7
crystals
crystalsaga
cs123456
csamywj216
csbr5r1j5x
csc4n7f8rs
csemege6
cska1911
csq2192420
cstrike1
ctdfcnjgjkm
cthulhu1
cthutq123
cthuttdbx
cthuttdyf
cty45kmpcav
cu469kzuya
cualquiera
cubalibre
cubanita
cubanito
cubbies1
cubs1908
cubswin1
cucaracha
cucciola
cucciolo
cucumber
cucumber1
cuddles1
cuddles123
cuddles2
cuffcuff
cuisinier
cukierek
culinary
culoculo
cultures
cumberland
cumicumi
cummings
cummins1
cunningham
cuntcunt
cuntface
cuntface1
cuong123
cupcake1
cupcake10
cupcake101
cupcake11
cupcake12
cupcake123
cupcake13
cupcake2
cupcake21
cupcake22
cupcake23
cupcake3
cupcake7
cupcakes
cupcakes1
cupoftea
cuppycake
cupulate
curious1
curitiba
curling101
currency
curtains
curtis12
curtis123
custard1
custodio
customer
customer1
cute1234
cuteako1
cuteangel
cutebaby
cutecute
cutegirl
cutegirl1
cutegirls
cutegurl
cutekami
cuteness
cuthbert
cutie101
cutie123
cutiegirl
cutiegurl
cutiepie
cutiepie1
cutiepie11
cutiepie12
cutiepie123
cutiepie2
cvbhyjdf
cvbn1234
cvbncvbn
cvtifhbrb
cvzefh1gkc
cxdffrfi
cxfcnkbdfz
cxfcnmttcnm
cxvfixy978
cxwdplu744
cxwxd6f33z
cxzdsaewq
cxzdsaewq321
cyber123
cybercafe
cyberman
cybernet
cyberonline
cyberpunk
cybersex
cybershot
cyberspace
cybertron
cyborg009
cyclone1
cyclones
cyclops1
cyecvevhbr
cygnusx1
cyjdsvujljv
cyngielek1
cynthia1
cynthia123
cypress1
cyrielle
cyy813zrvr
czekolada
czekolada1
czz000000
czz051988
czz123456
czz224466
d00msday
d1234567
d12345678
d123456789
d1amonds
d1d2d3d4
d1d2d3d4d5
d1i2m3a4
d1lakiss
d1lakissad
d2koi82711
d2tqqn28tc
d2xyw89sxj
d3922144
d41d8cd98f00
d41d8cd98f00b204e980
d4blc58zeu
d4c3b2a1
d4j4gg2yio
d4rkn3ss
d4rkness
d5rnf8a693
d68pyfuh2v
d6buj3qo1k
d6i28efbey
d71lwz9zjs
d85drvz723
d8ciaw395
d8cy2h3ssn
d9189498
d9m4l5x8n0
d9s5pyby
d9uxl1h1gc
da123456
dabears1
dachshund
dada1234
dadada123
dadadada
dadandmom
daddy101
daddy123
daddy1234
daddycool
daddygirl
daddygirl1
daddymommy
daddysgirl
daddysgirl1
daddyyankee
dadsgirl
daedalus
daffodil
daffodils
daffyduck
daftpunk
dagestan
dagestan05
dagobert
daher114789
daihatsu
daili123com
dairymilk
daisuke1
daisy101
daisy123
daisy1234
daisydog
daisydog1
daisyduke
daisygirl
daisymae
daisymae1
daisymay
daisymay1
dakota00
dakota01
dakota07
dakota10
dakota11
dakota12
dakota123
dakota13
dakota22
dakota98
dakota99
dalailama
daledale
dalejr08
dalejr88
dalhousie
dallas01
dallas08
dallas09
dallas10
dallas11
dallas12
dallas123
dallas13
dallas21
dallas214
dallas22
dallas23
dallas24
dallas41
dallas88
dallas99
dallascowboys
dallastx
dalmatian
dalmation
dalton12
dalton123
damage11
damascus
damayanti
damian01
damian10
damian11
damian12
damian123
damian13
damian14
damian21
damian22
damian666
damianek
damianek1
damien12
damien123
damien666
damilare
damilola
damilola1
damnation
damndamn
damnshit
damocles
damon123
dan12345
dan123456
dan1elle
dan860214
dana1234
danadana
danar12345
dance101
dance123
dance4ever
dance4life
dance4me
dancedance
dancehall
dancer01
dancer10
dancer101
dancer11
dancer12
dancer123
dancer13
dancer21
dancer22
dancing1
dancing123
dancingqueen
dancouga
dandan123
dandan888.
dandandan
dande2010
dandelion
dangdang
danger12
danger123
dangerman
dangermouse
dangerous
dangerous1
dangerzone
dangkhoa
dani1234
danial123
danidani
daniel00
daniel007
daniel01
daniel02
daniel03
daniel04
daniel05
daniel06
daniel07
daniel08
daniel09
daniel10
daniel100
daniel11
daniel111
daniel12
daniel123
daniel1234
daniel12345
daniel123456
daniel13
daniel14
daniel15
daniel16
daniel17
daniel18
daniel19
daniel1987
daniel1988
daniel1989
daniel1990
daniel1991
daniel1992
daniel1993
daniel1994
daniel1995
daniel1996
daniel1997
daniel1998
daniel1999
daniel20
daniel2000
daniel2001
daniel2002
daniel2003
daniel2004
daniel2006
daniel2008
daniel2009
daniel2010
daniel2012
daniel21
daniel22
daniel23
daniel24
daniel25
daniel26
daniel27
daniel28
daniel29
daniel30
daniel31
daniel33
daniel44
daniel45
daniel55
daniel666
daniel69
daniel77
daniel777
daniel78
daniel79
daniel82
daniel83
daniel84
daniel85
daniel86
daniel87
daniel88
daniel89
daniel90
daniel91
daniel92
daniel93
daniel94
daniel95
daniel96
daniel97
daniel98
daniel99
daniela1
daniela12
daniela123
danieldaniel
daniele1
danielek
danielek1
danielita
danielito
danielka
daniella
daniella1
danielle
danielle01
danielle1
danielle11
danielle12
danielle123
danielle13
danielle2
danielle21
danielle3
danielle7
daniels1
danielson
danifilth
daniil2002
danijela
danik123
danil123
danil12345
danil1998
danil1999
danil2000
danil2001
danil2002
danil2003
danil2004
danila2002
danildanil
danilo123
danio123
danish123
dann7477
danni123
dannielle
danny101
danny123
danny1234
dannyboy
dannyboy1
danonino
dante123
dante666
dantheman
dantheman1
dantruong
danville
danyelle
daredevil
daredevil1
darek123
daria123
dario123
darius12
darius123
darjeeling
dark1234
dark12345
darkangel
darkangel1
darkangels
darkblade
darkblue
darkchild
darkcloud
darkdark
darkdevil
darkdragon
darkfire
darkheart
darkhorr000rr
darkhorse
darkhunter
darkjedi
darkking
darkknight
darklight
darklink
darklord
darklord1
darklotus
darklove
darkmage
darkmagic
darkmagician
darkman1
darkmanx
darkmaster
darkmatter
darkmoon
darkn3ss
darkne55
darkness
darkness0
darkness1
darkness11
darkness12
darkness123
darkness13
darkness2
darkness666
darkness7
darknight
darknight1
darkone1
darkorbit
darkprince
darkrose
darkshadow
darkside
darkside1
darksiders
darksoul
darkstar
darkstar1
darkstone
darksword
darktower
darkvador
darkwing
darkwolf
darkzero
darlene1
darling1
darling123
darlington
darnell1
darrell1
darren01
darren12
darren123
darrenshan
darshana
dartagnan
darthmaul
darthvader
darthvader1
dartmoor
dartmouth
darts180
darwin11
darwin123
dasdasdas
dasha123
dasha1996
dasha1997
dasha1998
dasha1999
dasha2000
dasha2001
dasha2002
dasha2003
dasha2010
dashadasha
dashboard
dashenka
dasher23
database
datadata
dataentry
datalife
datalore
dattebayo
daughter
daughter1
daughters
daughters2
dauphine
dauphins
dave1234
davedave
davenport
david007
david100
david101
david111
david123
david1234
david12345
david123456
david1991
david1992
david1993
david1994
david1995
david1996
david1997
david1998
david1999
david2000
david2001
david2002
david2003
david2004
david2005
david2006
david2008
david2009
david2010
david321
david666
david777
davidbeckham
davidbowie
daviddavid
davidino
davidlee
davidoff
davidson
davidson1
davidvilla
davinci1
davincicode
davis123
dawid123
dawidek1
dawidek12
dawidek123
dawkins20
dawnofwar
dayanara
daybreak
daydream
daydreamer
daylight
daytona1
daytona500
daywalker
dazzling
db6rqz73ob
dbjktnnf
dbrnjhbz
dbrnjhbz1
dbrnjhjdbx
dbrnjhjdyf
dc123456
dcba4321
dcshoecousa
dctktyyfz
dctvghbdtn
dcubaje382
dcunited
dd123456
dd123a456a
dddddddd
ddddddddd
dddddddddd
dddddddddddd
ddei55bt
ddmce23dd
ddzj39cb3
ddzj49nb3
dead1234
deadbeat
deaddead
deadfish
deadfrontier
deadhead
deadhead1
deadline
deadlock
deadman1
deadman123
deadmau5
deadmeat
deadoralive
deadp00l
deadpool
deadpool1
deadrising
deadsexy
deadspace
deadspace2
deadstar
deadwood
deadzone
dean1234
deandean
deandre1
deangelo
deanne08
dearborn
deardear
dearmama
death101
death123
death2all
death666
deathangel
deathbringer
deathcore
deathdeath
deathgod
deathknight
deathman
deathmetal
deathnote
deathnote1
deathnote123
deathrow
deathrow1
deathscythe
deathstar
deathstar1
deaththekid
deathtoall
deathwing
deathwish
debbie01
debbie12
debbie123
debbie69
debil123
deborah1
debrecen
debtfree
dec45isl
decadence
decastro
decathlon
december
december01
december08
december09
december1
december10
december11
december12
december13
december14
december15
december16
december17
december18
december19
december2
december20
december21
december22
december23
december24
december25
december26
december27
december28
december29
december3
december30
december31
december4
december5
december6
december7
december8
december9
decembre
decembrie
decepticon
deception
decomyplace
dede1234
dededede
dedication
deedee12
deedee123
deedeedee
deepak123
deepblue
deepfrequency
deeppurple
deepspace9
deepthroat
deerhunt
deerhunter
deerpark
deerslayer
deeznuts
deeznutz
default05
default1
defender
defender1
defender123
defiance
defiant1
defleppard
deftones
deftones1
degrassi
degrassi1
deguzman
deguzman1
dehradun
deimudda
deinemama
deinemudda
deinemudda1
deinemudder
deinemutter
deividas
delacruz
delacruz1
delakiss
delaney1
delapena
delarosa
delasalle
delasoul
delatorre
delavega
delaware
delerium
delete12
delete123
delfin123
delfines
delgado1
delhi123
delicate
delicious
delicious1
delilah1
delirious
delirium
delivered
delivery
dell1234
delldell
delldell1
delmonte
deloitte
delorean
delosreyes
delossanto
delphine
delpiero
delpiero10
delpilar
delrosario
delta123
deltaforce
delvalle
demarcus
demarrer
demented
dementia
dementor
demetria
demetrio
demetrius
demilovato
demo1234
democrat
demodemo
demolition
demon123
demon1234
demon12345
demon1q2w3e
demon1q2w3e4r
demon1q2w3e4r5t
demon666
demonhunter
demonic1
demonios
demonking
demonlord
demonslayer
dempsey1
den12345
den19941967
den221991
denar1488
dendenden
deneme12
deneme123
denilson
denis007
denis123
denis1234
denis12345
denis1985
denis1987
denis1988
denis1991
denis1992
denis1994
denis1995
denis1996
denis1997
denis1998
denis1999
denis2000
denis2001
denis2002
denis2010
denis777
denisdenis
denise01
denise11
denise12
denise123
denise13
deniz123
denizli20
denmark1
dennis01
dennis10
dennis11
dennis12
dennis123
dennis1234
dennis13
dennis22
dennis23
dennis94
dennis99
denny123
denpasar
dentist1
dentista
dentistry
denver12
denver123
denya2531914
depeche1
depeche101
depechemode
deportivo
depredador
depressed
depression
derbeder
derbycounty
derderder
derdiedas
derek123
derekjeter
derew423x
derfderf
derparol
derpderp
derrick1
dersim62
descarga
descargas
descartes
desdemona
desember
deserteagle
desertrose
deshawn1
desiderata
desiderio
design123
designdeal
designed
designer
designer1
desiree1
deskjet1
desktop1
desmond1
desperado
desperado1
desperados
desperate
destination
destinee
destinee1
destiney
destiny01
destiny07
destiny08
destiny09
destiny1
destiny10
destiny11
destiny12
destiny123
destiny13
destiny2
destiny23
destiny3
destiny4
destiny5
destiny6
destiny7
destiny8
destiny9
destroy1
destroyer
destroyer1
destruct
destruction
destructor
desudesu
detective
determination
determined
dethklok
dethuong
detroit1
detroit313
deuseamor
deusefiel
deusfiel
deutsch1
deutschland
deutschland1
devastator
developer
development
devendra
deventer
devil123
devil666
devilboy
devildevil
devildog
devildog1
devildriver
devilish
deviljin
devilman
devilmaycr
devilmaycry
devilmaycry1
devilmaycry3
devilmaycry4
devin123
devious1
devochka
devon123
devotion
dewayne1
dexter01
dexter10
dexter11
dexter12
dexter123
dexter13
dexter21
deyh2dc546
dezember
dezembro
df5256524
dfa72dfj
dfaeff34232
dfcbkbcf
dfcbkmtd
dfcbkmtdf
dfczdfcz
dfdfdfdf
dfe6ckkxkl
dfg5fhg5vgfh1
dfgdfgdfg
dfkmrbhbz
dfktynby
dfktynbyf
dfrdfrdfr
dfvgbh12
dfvgbh1223
dfvgbh123
dfyzdfyz
dg123456
dg123654
dgenerationx
dgqr62cxsv
dgrayman
dgt9z2qe7o
dhaka123
dhaka2222
dhaliwal
dhananjay
dhjnvytyjub
diabetes
diabetic
diablo01
diablo11
diablo12
diablo123
diablo13
diablo2012
diablo21
diablo22
diablo23
diablo66
diablo666
diablo69
diablo99
diabloii
diabolic
diabolik
diabolika
diamante
diamante1
diamond01
diamond1
diamond10
diamond11
diamond12
diamond123
diamond13
diamond2
diamond21
diamond22
diamond23
diamond3
diamond4
diamond5
diamond6
diamond7
diamond8
diamond9
diamondback
diamondgirl
diamonds
diamonds1
diamondz
diana123
diana1998
diana2000
diana2002
dianadiana
diandian
diane123
diano4ka
diapason
dicaprio
dicembre
diciembre
dickdick
dickens1
dickface
dickhead
dickhead1
dickinson
dickweed
dictionary
diddlina
didididi
diebitch
diediedie
diego123
diego1234
dieguito
diehard1
diesel01
diesel11
diesel12
diesel123
diesirae
dietcoke
dietcoke1
dietpepsi
dietrich
dieulinh
dieumerci
difference
different
difficult
difranco
digger12
digger123
digimon1
digimon12
digimon123
digimon2
digimon2000
digimoni1
digital1
digital123
digital2
digiview
dikkelul
dikoalam
dilbert1
dildo123
dilligaf
dilligaf1
dillinger
dillon12
dillon123
dillpickle
dillweed
dima1234
dima12345
dima123456
dima1983
dima1984
dima1985
dima1986
dima1987
dima1988
dima1989
dima1990
dima1991
dima1992
dima1993
dima1994
dima1995
dima1996
dima1997
dima1998
dima1999
dima2000
dima2001
dima2002
dima2003
dima2004
dima2005
dima2009
dima2010
dima2011
dima2012
dima3452
dimadima
dimanche
dimaraja
dimas123
dimebag1
dimension
dimension1
dimidrol
dimitri1
dimitris
dimmu666
dimmuborgir
dimochka
dimon123
dimon4ik
dimples1
dinadina
dinamita
dinamite
dinamo12
dinamo123
dinesh123
dingding
dingdong
dingdong1
dingo123
dinha123
dinheiro
dinhtrong
dinmamma
dinmamma1
dinmamma123
dino1234
dinodino
dinosaur
dinosaur1
dinosaure
dinosaurio
dinosauro
dinosaurs
dinosaurus
dinossauro
dinozaur
dinsdale
diogenes
diogo123
dionisio
dionysos
dionysus
dioporco
diosesamor
diplomat
dipshit1
dipstick
direction
directioner
director
director1
directory
direktor
direngrey
direwolf
dirtbike
dirtbike1
dirtbikes
dirtybird
dirtyboy
dirtydancing
dirtydog
dirtysouth
disabled
disaster
discgolf
disciple
disciples
discipline
disco123
discount
discounts
discover
discover1
discovery
discovery1
discreet
discworld
disgaea0
diskette
dismemay
disney01
disney08
disney11
disney12
disney123
disney365
disneyland
disneyworld
disorder
dispatch
dispomedica
dissidia
distance
district
disturbed
disturbed1
disturbia
ditmemay
ditto123
divadiva
divagirl
divastar
divemaster
diversion
diversity
divine123
divinity
division
divorce1
divorced
divya123
dixie123
dixiedog
dizzy123
dj123456
djheu1254fre
djibouti
djkrjlfd
djtiesto
dk123456
dkfd8re3
dkflbckfd
dkflbdjcnjr
dkflbvbh
dkflbvbhjdbx
dkflbvbhjdyf
dkssud12
dkxjizc282
dlinkers2011
dlnvhvu492
dmba8898
dmedcn23sd
dmitriev
dnflskfk
dnflwlq1
doanndf872
doberman
doberman1
dobermann
docrafts
doctor12
doctor123
doctorwho
doctorwho1
document
dodge123
dodge1500
dodgeball
dodgeram
dodgeram1
dodgers1
dodgeviper
dodo1234
dodobird
dodododo
dodol123
dog12345
dog4life
dogandcat
dogbert1
dogbreath
dogdogdog
dogeatdog
dogface1
dogfight
dogfood1
doggie12
doggie123
doggies1
doggy123
doggydog
doggystyle
doghouse
doghouse1
doglover
doglover1
dogpound
dogs1234
dogsdogs
dogshit1
dogsrock
dogsrule
dogsrule1
doilathe
dokidoki
dolcevita
dolemite
dolittle
dollar123
dollarbill
dollars1
dollbaby
dollface
dollhouse
dolly123
dolomite
dolores1
dolphin1
dolphin10
dolphin11
dolphin12
dolphin123
dolphin13
dolphin2
dolphin3
dolphin4
dolphin5
dolphin7
dolphin8
dolphin9
dolphine
dolphins
dolphins1
dolphins12
dolphins13
dolphins2
domain123
domek123
domenica
domenico
domestic
dominant
dominate
domination
domination101
dominator
domingo1
domingos
dominguez
dominic1
dominic12
dominic123
dominic2
dominica
dominican
dominican1
dominicana
dominicano
dominick
dominick1
dominik1
dominik11
dominik12
dominik123
dominik13
dominik5
dominika
dominika1
dominion
dominiqu
dominique
dominique1
domino01
domino11
domino12
domino123
dominoes
domonique
donald01
donald11
donald12
donald123
donaldduck
donarudo
donatella
donatello
donatelo
donbosco
doncaster
doncaster1
dondondon
dong1234
dongdong
donkey11
donkey12
donkey123
donkey69
donkeykong
donna123
donnelly
donotenter
donovan1
donquijote
donsun123
dont4get
dontaskme
dontcare
dontdoit
dontforget
dontforget1
donthack
donthackme
donthate
dontknow
dontknow1
dontlook
dontpanic
donttell
donttouch
dontworry
doodle12
doodle123
doodlebug
doodlebug1
doodles1
doolittle
doom1234
doomdoom
doomhammer
doomsayer
doomsayer.2.7mords
doomsayer.2.7mords.v
doomsayer.2.7mords.vv
doomsday
doomsday1
doorbell
doorknob
dopamine
doppiofallo
doradora
doraemon
doraemon1
doraemonn
doragonn
dorayaki
dorchester
doremi123
doremifa
dorgen2014
doris123
dorothea
dorothee
dorothy1
dortmund
dortmund09
dortmund1
dossantos
dotadota
dothedew
dothingocthuy
double07
douchebag
douchebag1
doudoune
doughboy
doughboy1
doughnut
doughnuts
douglas1
douglas12
douglas123
douglas2
douglass
downfall
downhill
download
download1
download123
downloads
downtown
downtown1
downunder
doxdioro
dp10t17b10
dps11i7fyo
dq5uo52zih
dqx719gp
dr.pepper
dr0wssap
dr123456
draco123
dracomalfoy
draconian
draconis
dracula1
drafting
drago123
dragon00
dragon001
dragon007
dragon01
dragon02
dragon03
dragon04
dragon05
dragon06
dragon07
dragon08
dragon09
dragon10
dragon100
dragon101
dragon11
dragon111
dragon12
dragon123
dragon1234
dragon12345
dragon13
dragon14
dragon15
dragon16
dragon17
dragon18
dragon19
dragon1988
dragon20
dragon2000
dragon21
dragon22
dragon23
dragon24
dragon25
dragon26
dragon27
dragon28
dragon29
dragon30
dragon31
dragon32
dragon321
dragon33
dragon34
dragon42
dragon420
dragon44
dragon45
dragon47
dragon52
dragon54
dragon55
dragon56
dragon64
dragon65
dragon66
dragon666
dragon67
dragon68
dragon69
dragon71
dragon72
dragon75
dragon76
dragon77
dragon777
dragon78
dragon79
dragon80
dragon81
dragon82
dragon83
dragon84
dragon85
dragon86
dragon87
dragon88
dragon89
dragon90
dragon91
dragon92
dragon93
dragon94
dragon95
dragon96
dragon97
dragon98
dragon99
dragon999
dragonage
dragonball
dragonball1
dragonball123
dragonball2
dragonballgt
dragonballz
dragonballz1
dragonborn
dragonboy
dragoncity
dragondragon
dragones
dragonfable
dragonfire
dragonfire1
dragonfly
dragonfly1
dragonforce
dragonheart
dragonite
dragonking
dragonknight
dragonlady
dragonlance
dragonlord
dragonman
dragonmaster
dragonoid
dragonrider
dragonrojo
dragons1
dragons12
dragons123
dragons2
dragons5
dragons7
dragonslayer
dragoon1
dragoon2
dragoons
dragoste
dragoste123
dragrace
dragstar
dragster
dragunov
drake123
drakebell
drakonas
dramaqueen
dreadlord
dream123
dreambig
dreambox
dreamboy
dreamcast
dreamcast1
dreamcatcher
dreamer1
dreamer123
dreamer2
dreamers
dreamgirl
dreaming
dreaming1
dreamjob
dreamland
dreamlover
dreams06
dreams123
dreamteam
dreamtheater
dreamweaver
dreamworld
dreizehn
dresden1
dressage
drew1234
drewdrew
drewdy54
drifter1
drifting
driftking
driftwood
drilling
drink7up
drinking
drive330
driver12
driver123
drjynfrnt
drm199019902323
drogba11
dropdead
dropdead1
dropkick
dropzone
drowssap
drowssap1
drowssap123
drp3pp3r
drpepper
drpepper1
drpepper12
drpepper23
drugfree
drumandbass
drumline
drumline1
drummer1
drummer123
drummerboy
drummers
drumming
drummond
drumnbass
drums123
drumstick
drusilla
ds123456
ds23wwe22
dsadsadsa
dsaewq321
dsdsdsds
dsew56ht
dsk43594
dsrt47mbujil
dt123456
dtgx2aw18j
dthjybrf
dthjybrf90
dthyjcnm
dtkjcbgtl
dtxyjcnm
dualcore
duanyu1000
dubai123
dublin22
dubrovnik
duc12bs577
ducati1098
ducati748
ducati916
ducati996
ducati998
ducati999
duchess1
duchesse
duck1234
duckduck
duckhunt
duckhunter
duckling
duckman1
ducksoup
ducktape
ducky123
ducttape
dude1234
dudedude
dudelove
dudeman1
dudu1234
dudududu
duffbeer
duisburg
duke1234
duke9fq578
dukeduke
dukenukem
dukester
dulcemaria
dulcinea
dumbass1
dumbdumb
dumbfuck
dumbledore
dumbshit
dumdidum
dummkopf
dummy123
dumnezeu
dumpling
dumpster
dumptruck
duncan12
duncan123
duncan21
dune2000
dungdung
dungeon1
dungeon91
dungeons
dunkerque
duomaxwell
duong123
dupa1234
dupa12345
dupablada
dupadupa
dupadupa1
dupajasia
dupeczka
dupont24
duracell
durandal
duranduran
durango1
dustin01
dustin12
dustin123
dustin72192
dusty123
dustydog
dutchess
dutchess1
dutchman
duykhanh
dvcfghyt
dwsteam123
dwyanewade
dxfgdfgd1
dylan123
dylan1234
dylandog
dynabook
dynamic1
dynamics
dynamite
dynamite1
dynasty1
dynomite
dzd37w9cdz
dzxtckfd
e10adc3949ba59abbe56
e1234567
e123456789
e123456789e
e1e2e3e4
e1ephant
e2345678
e23456789
e3r4t5y6
e42o6ekezo
e6pz84qfcj
e7s1gar5vg
e8szn4e5zc
e99g9azvhc
e9yt1dhy4y
eagle123
eagleeye
eagleman
eagleone
eagles01
eagles05
eagles07
eagles08
eagles09
eagles10
eagles11
eagles12
eagles123
eagles13
eagles20
eagles21
eagles22
eagles23
eagles36
earendil
earlgrey
earnhardt
earnhardt3
earth123
earthbound
earthquake
earthworm
eason2010
easports
east1999
eastcoast
eastenders
eastern1
eastland
eastside
eastside1
eastwest
eastwood
eastwood1
easy1234
easyas123
easycafe
easyeasy
easymoney
easynote
easypass
easyrider
easyspiro
easytocrack1
eatadick
eatme123
eatmenow
eatmyass
eatmyshorts
eatpussy
eatshit1
ebayebay
ebels123
ebenezer
ebony123
ec6adiy154
ecaterina
echizen18
echoecho
eclectic
eclipse1
eclipse2
eclipse99
economia
economic
economics
economie
economist
ecuador1
ecureuil
ed123456
edalwin12
edcrfvtgb
edcvfr45
edcvfrtgb_1
edcwsxqaz
eddie123
eddie666
eded3434
edelweis
edelweiss
edgar123
edgewood
edinburgh
edinburgh1
edmonton
eduardo1
eduardo10
eduardo12
eduardo123
education
education1
edward01
edward10
edward11
edward12
edward123
edward13
edward14
edward17
edward21
edward22
edward23
edward99
edwardcullen
edwards1
edwin123
ee1234ee
eeeeeeee
eeeeeeeeee
eewk0m6245
efbcapa2010
egdrou1v
egghead1
eggplant
eglantine
egor1998
egor1999
egor2000
egor2001
egor2002
egor2003
egoregor
egr5jy5f9l
egxkc833sw
egyptian
egzwlce194
eh1k9oh335
ehlb3c18tw
eiderdown
eiffel65
eight888
eightball
eighteen
eighteen18
eindhoven
einkaufen
einstein
einstein1
eintracht
eisenbahn
eishockey
eisregen
eistee123
ejn89y7yre
ekaterina
ekmzyjdcr
ektuhi1234
ekx1x3k9bs
el1zabeth
eladnbin1104
elaine123
elbereth
elcamino
eldercarelink
eldiablo
eldorado
eldridge
eleanor1
elearning
election
electra1
electric
electric1
electrical
electrician
electro1
electron
electron1
electronic
electronica
electronics
elefant1
elefante
elefante1
elegance
elektrik
element0
element1
element11
element12
element123
element13
element2
element3
element5
element7
elemental
elemental1
elementary
elemento
elements
elements1
elena123
elenberg
eleonora
eleonore
elephant
elephant1
elephant12
elephant123
elephant2
elephant3
elephant7
elephants
elephants1
elevation
elevator
eleven11
elfenlied
elfriede
elias123
elie3173
elijah01
elijah07
elijah11
elijah12
elijah123
eliminator
elisa123
elisabet
elisabeth
elisabeth1
elisabetta
elisbc54
elise123
elite123
elizabet
elizabeth
elizabeth1
elizabeth12
elizabeth123
elizabeth2
elizabeth3
elizabeth4
elizabeth5
elizabeth7
elizabeth8
elizabeth9
elizaveta
ellabella
ellaella
ellarose
ellegarden
ellehcim
elleinad
ellen123
ellie123
elliedog
elliemae
elliemay
ellington
elliott1
ellipsis
ellis123
ellsworth
elmaster
elmatador
elmejor1
elmhurst
elminster
elmo1234
elmoelmo
eloelo123
eloelo320
elputoamo
elsalvador
elshadai
elshaddai
eltonjohn
elvis123
elvis1977
elvislives
elvispresley
elzbieta
em123456
emachine
emachine1
emachines
emachines1
email123
emailonly
emanuel1
emanuel123
emanuela
emanuele
emanuelle
embassy1
embroidery
emekanan
emerald1
emerald7
emeralds
emeraude
emergency
emerica1
emerson1
emil1234
emilemil
emiliana
emiliano
emilio123
emily123
emily1234
emily2005
emilyann
emilyjane
emilyrose
emilyw1010
eminem00
eminem01
eminem10
eminem11
eminem12
eminem123
eminem1234
eminem13
eminem18
eminem21
eminem22
eminem23
eminem313
eminem69
eminem88
eminem89
eminem99
eminemd12
eminescu
emirates
emma1234
emma2000
emma2002
emma2003
emma2004
emma2005
emma2006
emma2007
emma2008
emma2009
emma2010
emmaemma
emmagrace
emmajane
emmajean
emmalouise
emmanuel
emmanuel1
emmanuel12
emmanuel123
emmanuella
emmanuelle
emmarose
emmawatson
emmeline
emmitt22
emo4ever
emo4life
emoemoemo
emogirl1
emogurl1
emolove1
emolover
emopunk1
emotional
emotional1
emotions
emperador
emperor1
empire11
empire12
empire123
employment
empoleon
emre1234
emre123456
emreemre
emulator
emyeuanh
enamorada
enamorado
enchanted
encounter
encyclopedia
endeavor
endeavour
ender123
enderman
endless1
endlesslove
endurance
endymion
energizer
energy123
energystar
enesenes
enfermagem
enfermera
enforcer
engel123
engelchen
engineer
engineer1
engineerin
engineering
engineers
england1
england10
england11
england12
england123
england1966
england2
england66
england7
englisch
english1
english12
english123
enhancer
enigma12
enigma123
enigma13
enigmatic
enilorac
enjoylife
enois123
enrique1
enriquez
ensemble
ensenada
ensicptfcorp
enter123
enter1234
enterenter
entering
enternow
enterpri
enterprise
enterprise1
enterprise1701
entersandman
entertainment
entrance
entropia
entu6ea64h
envelope
environment
envision
envision1
eny2zbn853
enzoenzo
eoce59cl9u
eouthmjb
epicfail
epicness
epiphany
epiphone
epiphone1
episode1
episode3
eppipiqr74
epsilon1
epson123
eqes606898
equilibrium
equitation
equitydev
er123456
er2sizo241
eragon11
eragon12
eragon123
eraserhead
erdbeere
erdem123
erection
ereiamjh
erererer
eric1234
eric12345
erica123
ericeric
erick123
erickson
ericsson
ericsson1
erik1234
erik2002
erika123
erikerik
eriksson
erinerin
ernestina
ernestine
ernesto1
ernie123
errereer
error123
error404
ersguterjunge
ertyuiop
eruption
erwin123
erzengel
erzincan
erzurum25
esazznim
esb5vp7r2h
escaflowne
escalade
escalade1
escalante
escalera
escapethefate
escargot
escobar1
escola123
escorpiao
escorpio
escorpion
esguerra
esj8sf89
esmeralda
esmeralda1
esoteric
espagnol
espanhol
espanola
especial
esperanca
esperance
esperanto
esperanza
esperanza1
espinosa
espinoza
espiritu
esposito
espresso
esraesra
essence1
essendon
essential
essptfcorp
establish
esteban1
esteban123
estefani
estefania
estefany
estelle1
esther12
esther123
estrada1
estranged
estrelas
estrelinha
estrella
estrella1
estrellas
estrellita
estudante
estudiante
estupido
eternal1
eternity
eternity1
ethan123
ethereal
ethernet
ethiopia
etienne1
etoif328jo
etudiant
eu123456
euamodeus
euamojesus
euamominhamae
euamovoce
eucalyptus
eudlekb645
eunaosei
euphonium
euphoria
euro2000
euro2004
euro2008
euro2012
eurogunz
euronics
european
eurostar
eusoufoda
eusoulinda
eusoulindo
euteamomuito
ev3g42oqfd
ev967wqygf
evamaria
evanescence
evangelina
evangeline
evangelion
evangelion01
evangelion1
evangelist
evangelista
evar9ef898
evaristo
evelyn12
evenflow
evenstar
everafter
everclear
everest1
everett1
everfree
evergreen
evergreen1
everlast
everlast1
everlastin
everlasting
everlong
evermore
everquest
everquest1
everquest2
everton01
everton1
everton10
everton12
everton123
everton1878
everton2
everton9
evertonfc
evertonfc1
everybody
everyday
everyone
everything
everytime
everywhere
evgeniya
evidence
evilclown
evildead
evildead2
evildick
evilevil
evolution
evolution1
evolution7
evolution8
evolution9
evu24ez5yj
ewankoba
ewankosau
ewankosayo
ewelina1
ewelinka
ewqdsacxz
ewunia2000ewa
ex50867212
exalg123
excaliber
excalibur
excalibur1
excellence
excellent
excellent1
excelsior
exchange
exclusive
excuseme
executive
executor
exequiel
exercise
exit_window
exorcist
expansion
expedition
expensive
experience
experiment
expert12
explicit
exploited
explore1
explorer
explorer1
explosion
explosive
express1
express2008
express2010
expression
expresso
extension
extra300
extreme1
extreme123
exx51821
eyeball1
eyeballs
eyecandy
eyeliner
eyeshield
eyeshield2
eyeshield21
eyesonme
ez7jnbg751
ezekiel1
ezequiel
ezj63llo5a
f00tb4ll
f00tba11
f00tball
f1234567
f12345678
f123456789
f14tomcat
f15eagle
f16falcon
f18hornet
f1f2f3f4
f1f2f3f4f5
f1uuhza723
f22raptor
f246865h
f2ptieh399
f3kvvm3f
f56hdglg2i
f6h2l8chxf
f8r7s6wbki
f9wetr24zl
fa123456
fabian11
fabian12
fabian123
fabienne
fabietto
fabio123
fabiola1
fable123
fabolous
fabolous1
fabregas
fabregas1
fabregas4
fabricio
fabrizio
fabulous
fabulous1
face2face
faceb00k
facebook
facebook.com
facebook1
facebook11
facebook12
facebook123
facedown
faceface
faceless
faceoff1
fade2black
fadetoblack
fafafafa
faggot123
fahad123
fahjlbnf
fahrenheit
failsafe
fairbanks
fairfield
fairlady
fairlane
fairmont
fairplay
fairview
fairways
fairways1
fairy123
fairydust
fairyland
fairytail
fairytale
faisal123
faisalabad
faith101
faith123
faith777
faithful
faithful1
faithfull
faithfully
faithless
faizonline
fake1234
fakefake
fakename
fakepass
fakepassword
falcon01
falcon10
falcon11
falcon12
falcon123
falcon13
falcon16
falcon21
falcon22
falcon69
falconer
falcons1
falcons7
falighthouse
fallen11
fallen12
fallen123
fallen13
fallenangel
fallforyou
fallinlove
fallout1
fallout123
fallout2
fallout3
fallout4
falloutboy
falmouth
falstaff
famiglia
familia1
familia10
familia123
familia4
familia5
familiar
familie1
families
family01
family04
family05
family06
family07
family08
family09
family10
family101
family11
family12
family123
family1234
family13
family1st
family22
family99
familyfirst
familyguy
familyguy1
familyguy123
familylove
familyof4
familyof5
familyof6
familytree
famous12
famous123
fancypants
fandango
fang2008
fangfang
fanny123
fanta123
fantasia
fantasia1
fantasista
fantasma
fantastic
fantastic1
fantastic4
fantastico
fantasy1
fantasy11
fantasy12
fantasy123
fantasy13
fantasy2
fantasy7
fantasy8
fantasy9
fantomas
fantomen
farah123
farewell
farfadet
farfalla
farfallina
farhan123
faris123
farmacia
farmerama
farmgirl
farmhouse
farmville
farscape
farscape1
farside1
fart1234
fartface
fartfart
farthead
fashion1
fashion101
fashion12
fashion123
fashion2
fashiondiva
fashionfantasy
fashiongirl
fashionist
fashionista
fashionrocks
fashions
fastback
fastball
fastcar1
fastcars
fastfast
fastfood
fastlane
fastrack
fasttrack
faszfej1
fatal1ty
fatalbert
fatality
fatamorgana
fatbastard
fatboy01
fatboy12
fatboy123
fatboy69
fatboyslim
fatcat12
fatcat123
fatdaddy
fathead1
father12
father123
fatih123
fatima12
fatima123
fatman12
fatman123
fatoumata
fatpussy
fatty123
faulkner
faustina
faustine
faustino
faut3k8r7y
favored1
favorite
favorite1
favorites
favourite
fayefaye
fazer600
fb123456
fb1907fb
fb7gxl2264
fbi11213
fbu89bxx5f
fc81a2dwcg
fcbarcelona
fcbarcelona1
fcbayern
fcbayern1
fckgwrhqq2
fcmart-227228
fcnantes
fcschalke04
fdfyufhl
fdgfgytt
fdsa1234
fdsa4321
fdsafdsa
feadsf3dw
fearless
fearless1
feather1
feathers
febbraio
februari
february
february1
february13
february14
february21
february24
fedefede
feder_1941
federal1
federation
federer1
federica
federico
federico1
fedorova
feedback
feelgood
feelings
feelmylove
feifei521
felicia1
feliciano
felicidad
felicidade
felicita
felicitas
felicity
felicity1
felipe01
felipe10
felipe11
felipe12
felipe123
felipe1234
felipe13
felix007
felix123
felixcat
felixthecat
fellatio
fellowes
fellowship
fender01
fender11
fender12
fender123
fender69
fenderstrat
fendt936
fener123
fener1907
fenerbah
fenerbahce
fenerbahce19
fenerbahce1907
fengfeng
fengshui
fenix123
fenomeno
ferdinand
ferdinand1
ferdinando
ferguson
ferguson1
fericire
feridax082012
fernand0
fernanda
fernanda1
fernanda123
fernande
fernandes
fernandez
fernandez1
fernandito
fernando
fernando1
fernando10
fernando12
fernando123
fernando9
fernandotorres
fernanfloo
ferndale
fernseher
ferrari01
ferrari1
ferrari10
ferrari11
ferrari12
ferrari123
ferrari2
ferrari3
ferrari355
ferrari360
ferrari430
ferrari458
ferrari5
ferrari7
ferrarienzo
ferrarif1
ferrarif40
ferrarif430
ferrarif50
ferraris
ferreira
festival
fettsack
feuer112
feuerwehr
feuerwehr112
feuerzeug
fevereiro
feyenoord
feyenoord1
ff123456
ffantasy
ffffffff
fffffffff
ffffffffff
ffffffffffff
ffshrine
fgfgfgfg
fgfr56hfve6
fghfghfgh
fgjfdj04th
fgjrfkbgcbc
fgrade12
fgrd58es24
fgte5e4d
fgtkmcby
fh1hm1wl
fhntv1998
fhutynbyf
fhvfutljy
fhvx256jly
fi2r2fb3pr
fiat126p
fiatpunto
fibonacci
fickdich
fickdich1
fickdich123
ficken00
ficken100
ficken12
ficken123
ficken2009
ficken69
ficken88
fidelidade
fidelity
fidodido
fidofido
fiesta123
fietsbel
fifa2000
fifa2001
fifa2002
fifa2003
fifa2004
fifa2005
fifa2006
fifa2007
fifa2008
fifa2009
fifa2010
fifa2011
fifa2012
fifa2013
fifafifa
fifteen15
fiftycent
fight123
fightclub
fightclub1
fighter1
fighter123
fighters
fighting
figueroa
fij3v75onn
filefront
filhodaputa
filip123
filipe123
filipek1
filipina
filipino
filipino1
filippo1
fillmore
filmmaker
filomena
filosofia
filsdepute
final123
finalfan
finalfanta
finalfantasy
finalfantasy1
finalfantasy10
finalfantasy12
finalfantasy13
finalfantasy7
finalfantasy8
finalflash
finally1
finance1
financial
find1234
find_pass
findajob
findaupair007
findingnemo
findlaw10
finger11
fingers1
fingerweg
fingolfin
finished
finland1
finlandia
finnegan
finnigan
finnland
fiona123
fiorella
fiorellino
fiorentina
fire1234
fireandice
fireball
fireball1
fireballs
firebird
firebird1
fireblade
fireblade1
fireblast
firebolt
firecracker
firedragon
fireemblem
firefighter
firefire
firefire1
fireflies
firefly1
firefox1
firefox123
firegirl
firehawk
fireheart
firehouse
firelord
fireman1
fireman2
fireplace
firepower
firestar
firestarter
firestone
firestorm
firestorm1
firetruck
firetruck1
firewall
firewall1
firewater
firewire
firewolf
firewood
firework
fireworks
fireworks1
firstblood
firstborn
firstlove
firstone123
firsttime
firulais
fisch123
fischer1
fischkopf
fish1234
fishandchips
fishbait
fishball
fishbone
fishbowl
fishcake
fisher12
fisher123
fisherman
fisherman1
fishface
fishfish
fishfood
fishhead
fishing1
fishing12
fishing123
fishing2
fishlips
fishman1
fishpond
fishstick
fishstick1
fishsticks
fishtank
fishtank1
fishy123
fisioterapia
fit4life
fitness1
fitzgerald
fivefive
fivekids
fivestar
fj5tx19hit
fjfjfjfj
fjqzcjz8
fjroknpdwk
fk3456abc
fk8o1v3syo
fkbyjxrf
fkf9ts6f2s
fkg7h4f3v6
fkmnthyfnbdf
fktrc162534
fktrcfylh
fktrcfylh1
fktrcfylhf
fktrcfylhjdbx
fktrcfylhjdyf
fktrctq1
fktyeirf
fktyjxrf
flame123
flameboy
flamenco
flamengo
flamengo1
flamengo10
flamengo123
flames12
flames123
flamingo
flamingo1
flanagan
flanders
flanker7
flapjack
flaquita
flaquito
flash123
flashback
flashflash
flashlight
flashman
flashpoint
flatbush
flateric
flathead
flatland
flatline
flatron1
flatron123
flawless
fledermaus
fleetwood
fleming1
flemming
fletcher
fletcher1
flexible
flhtyfkby
flight23
flintstone
flipflip
flipflop
flipflop1
flipflops
flipmode
flipper1
flippers
flipside
flomaster
flooring
floortje
flora123
florcita
florcoon
flordeliza
florence
florence1
florencia
florencio
florentin
florentina
florentino
flores123
floresta
florian1
florian12
florian123
floriana
floriane
floricienta
florida09
florida1
florida11
florida12
florida123
florida2
florida3
florida5
florida7
florinda
florinel
florzinha
flossie1
flounder
flounder1
flower01
flower10
flower11
flower12
flower123
flower1234
flower13
flower14
flower18
flower21
flower22
flower23
flower69
flower99
flowergirl
flowerpot
flowerpower
flowers1
flowers12
flowers123
flowers2
flowers3
flowers7
flowerss
floyd123
flubber1
fluffy01
fluffy10
fluffy11
fluffy12
fluffy123
fluffy13
fluffy22
fluffybunny
flugzeug
fluminense
flushing
flutterby
fluttershy
fluturas
flvbybcnhfnjh
flyers88
flyfishing
flyforfun
fmnchhg786
fnkfynblf
foamyzit11
focus123
folklore
folletto
followme
fontaine
foobar123
food1234
foodfood
foodisgood
foofighter
foofighters
foolish1
foolproof
foolycooly
foosball
footba11
football
football0
football00
football01
football06
football07
football08
football09
football1
football10
football101
football11
football12
football123
football1234
football13
football14
football15
football16
football17
football18
football19
football2
football20
football21
football22
football23
football24
football25
football26
football27
football28
football3
football30
football31
football32
football33
football34
football35
football4
football40
football42
football44
football45
football5
football50
football51
football52
football53
football54
football55
football56
football58
football6
football62
football64
football65
football66
football67
football68
football69
football7
football72
football73
football74
football75
football76
football77
football78
football8
football80
football81
football84
football87
football88
football89
football9
football90
football93
football95
football96
football97
football98
football99
footballer
foothill
footlong
footloose
footprints
forbidden
ford1234
fordescort
fordf150
fordf250
fordf350
fordfiesta
fordfocus
fordfocus1
fordford
fordgt40
fordmondeo
fordmustang
fordranger
fordtruck
forensic
forensics
foreplay
foresight
foreskin
forest01
forest11
forest12
forest123
forester
forestgump
forestry
forever0
forever1
forever10
forever11
forever12
forever123
forever13
forever14
forever15
forever16
forever17
forever18
forever2
forever21
forever22
forever23
forever25
forever27
forever3
forever4
forever5
forever7
forever8
forever9
foreveralone
foreverandalways
foreverlov
foreverlove
foreverme
forevermor
forevermore
foreveryou
foreveryoung
foreveryours
forget12
forget123
forgetful
forgetful1
forgetit
forgetit1
forgetme
forgetmenot
forgiveme
forgiven
forgiven1
forgot123
forgotit
forgotten
forgotten1
forklift
formation
formentera
formula1
formule1
forrest1
forsaken
forsaken1
forsberg
forsberg21
forsythe
fortaleza
forthehorde
forthewin
fortitude
fortknox
fortminor
fortress
fortuna1
fortuna95
fortunate
fortunato
fortune1
fortuner
fortytwo
forum123
forum159
forumpass
forumpass1
forward1
forzainter
forzaitalia
forzajuve
forzalazio
forzamilan
forzanapoli
forzaroma
forzatoro
foshizzle
fosters1
fotboll1
fotograf
fotografia
foucault
foufoune
foundation
fountain
four4444
fourboys
fourfour
fourkids
fournier
fourteen
fourteen14
fourtwenty
foxfire1
foxglove
foxhound
foxmulder
foxracing
foxracing1
foxtrot1
foxygirl
foxylady
foxylady1
foxyroxy
fozl864ayd
fpna23aas1
fqrg7cs493
fraggle1
fragile1
fragment
fragolina
fragrance
framboise
francais
france01
france12
france123
france98
frances1
francesc
francesca
francesca1
francesco
francesco1
franchesca
francheska
franchise
francine
francine1
francis1
francis123
francis2
francisc
francisca
francisco
francisco1
francisco123
francism
franco12
franco123
francois
francois1
francoise
franfran
frank123
frank1234
frankenstein
frankfurt
frankfurt1
frankie01
frankie1
frankie11
frankie12
frankie123
frankie2
frankie3
frankiero
franklampard
franklin
franklin1
franklyn
frankreich
frankzappa
frantisek
franziska
fratello
frdfhbev
freak123
freak666
freakazoid
freakout
freakshow
frechdachs
freckles
freckles1
fred1234
fred1994
fredbear
fredderf
freddie1
freddie123
freddie2
freddurst
freddy01
freddy11
freddy12
freddy123
freddy13
frederic
frederic1
frederick
frederick1
frederico
frederik
frederik1
frederique
fredfred
fredfred1
fredperry
fredrick
fredrick1
free1234
free2bme
free2play
free2rhyme
free4all
free4ever
freeadd1
freeagent
freeatlast
freebeemart
freebeer
freebiejeebies
freebies
freebird
freebird1
freecell
freedom0
freedom01
freedom07
freedom08
freedom09
freedom1
freedom10
freedom101
freedom11
freedom12
freedom123
freedom13
freedom2
freedom21
freedom22
freedom23
freedom3
freedom34
freedom4
freedom4me
freedom5
freedom6
freedom69
freedom7
freedom77
freedom8
freedom9
freedom99
freedoms
freedoom
freefall
freeforall
freefree
freegame
freegames
freehome
freelance
freelancer
freeland
freelander
freelife
freelove
freemail
freeman1
freemason
freemind
freemoney
freemusic
freepass
freeporn
freeport
freeride
freerider
freeshit
freespace
freespirit
freestuff
freestyle
freestyle1
freestyler
freetime
freetown
freetrial
freeuser
freeway1
freewill
freewilly
freeworld
freeze112
freeze12
freezing
freibier
freiburg
freightliner
freiheit
freiheit89
freitag13
frenchfries
frenchfry
frenchhorn
frenchie
frenchkiss
frenchy1
fresh123
fresh2def
freshman
freshman1
freshmen
freshstart
frettchen
freunde1
freundin
freundschaft
freya123
frfltvbz
friction
friday11
friday12
friday123
friday13
fridolin
friedchicken
friedman
friedrice
friedrich
friend12
friend123
friendly
friendly1
friends01
friends1
friends10
friends11
friends12
friends123
friends13
friends2
friends3
friends4
friends4ev
friends4ever
friends4life
friends5
friends6
friends7
friends8
friends9
friendsfor
friendsforever
friendship
friendship1
friendss
friendster
friendster1
frighten
frijoles
frijolito
frikandel
frimousse
fripouille
frisco415
fritz123
frodo123
frog1234
frogfrog
frogger1
frogger2
froggie1
froggies
froggy11
froggy12
froggy123
froglegs
frogman1
fromhell
front242
frontech
frontera
frontier
frontline
frost123
frostbite
frosty123
froufrou
frozenfish
frqafder
frqasder
fruitbat
fruitcake
fruitcake1
fruitloop
fruitloops
fruitsbasket
frumusica
frusciante
fsd9shtyut
fsdfvsdf4
fsn9bj5z2d
fsnm3654
ft6hc2gk2x
ftbfrvlg17
ftiq5a27us
ftrcvh5732
fu082508251
fubar123
fuck1234
fuck12345
fuck1you
fuckaduck
fuckbitches
fuckbook
fuckedup
fuckemall
fucker11
fucker12
fucker123
fucker13
fucker666
fucker69
fuckers1
fuckface
fuckface1
fuckfuck
fuckfuck1
fuckfuckfuck
fuckhead
fucking1
fucking123
fuckingbitch
fuckingshit
fuckit123
fuckit69
fuckitall
fucklife
fucklife1
fucklove
fucklove1
fucklove13
fuckme11
fuckme12
fuckme123
fuckme69
fuckmehard
fuckmenow
fuckmyass
fuckmylife
fuckoff!
fuckoff1
fuckoff11
fuckoff12
fuckoff123
fuckoff13
fuckoff2
fuckoff22
fuckoff3
fuckoff420
fuckoff666
fuckoff69
fuckofff
fuckshit
fuckshit1
fuckstick
fucktard
fuckthat
fuckthat1
fuckthemall
fuckthepolice
fuckthesystem
fucktheworld
fuckthis
fuckthis1
fuckthisshit
fucku123
fuckuall
fuckubitch
fuckyeah
fuckyou!
fuckyou.
fuckyou0
fuckyou00
fuckyou01
fuckyou08
fuckyou09
fuckyou1
fuckyou10
fuckyou101
fuckyou11
fuckyou12
fuckyou123
fuckyou1234
fuckyou13
fuckyou14
fuckyou17
fuckyou2
fuckyou21
fuckyou22
fuckyou23
fuckyou3
fuckyou4
fuckyou420
fuckyou5
fuckyou6
fuckyou666
fuckyou69
fuckyou7
fuckyou77
fuckyou8
fuckyou88
fuckyou9
fuckyou99
fuckyouall
fuckyoubitch
fuckyouman
fudge123
fugitive
fujifilm
fujifuji
fujimoto
fujitsu1
fujitvpass
fujiwara
fujiyama
fuk19600
fullback
fullclip
fullerton
fullhouse
fullmetal
fullmetal1
fullmoon
fullmoon1
fumanchu
fumifumi
function
funeral1
funfunfun
fungible
funhouse
funky123
funkymonkey
funkytown
funmilayo
funny123
funnybone
funnyboy
funnybunny
funnyface
funnygames
funnygirl
funnyguy
funnyman
funstuff
funtime1
funtimes
furball1
furikuri
furious1
furkan123
furniture
fusion123
fussball
fussball1
futbol10
futbolista
futebol1
futebol10
futebol123
futurama
futurama1
future12
future123
futyn007
fuzzball
fuzzbutt
fuzzy123
fuzzywuzzy
fvcnthlfv
fxnocp14
fxzz75$yer
fxzz75yer
fybvtfybvt
fyfcnfcbz
fyfcnfcbz1
fyfnjkbq
fyfnjkbq777
fyfrjylf
fylhtq123
fylhtqrf
fynjy123
fynjybyf
fyutkbyf
fyutkjxtr
fze15fr51
g00dluck
g00dpa$$w0rd
g0dzilla
g0hoggm854
g0ldf1sh
g0ldfish
g1234567
g12345678
g123456789
g13916055158
g1g2g3g4
g2syajv31z
g38s9kskmt
g551tixsit
g56gr8eb5
g785ozcytj
g9369mail
g9l2d1fzpy
gaara123
gabbiano
gabby123
gabi1234
gabigabi
gabriel01
gabriel05
gabriel07
gabriel08
gabriel09
gabriel1
gabriel10
gabriel11
gabriel12
gabriel123
gabriel1234
gabriel12345
gabriel13
gabriel14
gabriel15
gabriel2
gabriel21
gabriel22
gabriel23
gabriel3
gabriel5
gabriel7
gabriel8
gabriel9
gabriel98
gabriel99
gabriela
gabriela1
gabriela123
gabriele
gabriele1
gabrielito
gabriell
gabriella
gabriella1
gabrielle
gabrielle1
gabrysia
gabrysia1
gabygaby
gadugadu
gadzooks
gagagaga
gagandeep
gagokaba
gaiaonline
galactic
galactica
galactus
galadriel
galaktika
galapagos
galatasaray
galatasaray1
galatasaray1905
galaxies
galaxy12
galaxy123
galaxy23
galaxys2
galileo1
gallagher
gallagher1
gallardo
gallardo1
gallegos
gallery1
galletas
gallifrey
galloway
galodoido
galoucura
galveston
gamaliel
gambler1
game1234
gameboy1
gameboy12
gameboy123
gameboy2
gamecock
gamecocks
gamecocks1
gamecube
gamecube1
gamefreak
gamefreak1
gamegame
gameking
gamemaster
gamemaster1
gamemode
gameover
gameover1
gameover2012
gameplay
gameplayer
gamer101
gamer123
gamer1234
gamer4life
gamerboy
gamerzplanet
games123
games354
games4me
gamesgames
gameshark
gamespot
gamestar
gamestop
gametime
gamezone
gaming123
gamma123
gammaray
ganapathi
ganapathy
ganapati
gandaako
gandako1
gandakoh
gandalf1
gandalf123
gandalf2
gandalf7
ganesh123
ganesha1
ganeshji
gangbang
ganggang
gangsta1
gangsta12
gangsta123
gangsta13
gangsta2
gangstah
gangstar
gangstar1
gangstarr
gangster
gangster1
gangster12
gangster123
gangster13
gangster2
gangsters
ganja123
ganja420
ganjaman
ganjubas
ganndamu
gannibal
ganondorf
ganster1
ganteng1
ganteng123
ganymede
gaojie5300
garbage1
garcia10
garcia12
garcia123
gardener
gardenia
gardening
gardiner
gardner1
garena123
garfeild
garfield
garfield1
garfield12
garfield123
garfield2
gargamel
gargoyle
garibaldi
garland1
garnett21
garrett1
garrett123
garrett2
garrison
gary1234
garygary
gasolina
gasoline
gatecrasher
gatekeeper
gateway1
gateway12
gateway123
gateway2
gateway2000
gateway7
gateways
gathering
gatinha123
gato1234
gatogato
gatoloco
gatonegro
gator123
gatorade
gatorade1
gatorbait
gators01
gators12
gators15
gattonero
gatubela
gauloises
gauntlet
gaurav123
gauthier
gavin123
gavroche
gayathri
gaygaygay
gaylord1
gaypride
gaziantep
gb15kv99
gbgbcmrf
gbhfvblf
gblfhfcs
gbljhfcs
gbpackers
gcheckout
gd73ht5fes
gearhead
gears123
gearsofwar
gearsofwar2
gearsofwar3
geburtstag
gecko123
geenidee
geetanjali
gefccgag
geforce4
geheim01
geheim12
geheim123
geheimnis
geibcnbr
geibcnbr1994
geilesau
gektvtn47
geli9988
gemini01
gemini11
gemini12
gemini123
gemini13
gemini21
gemini22
gemini23
gemini69
gemma123
gemstone
gendarme
gendut80
genealogy
general01
general1
general123
generale
generallee
generals
generals1
generation
generator
generic1
generoso
generous
genesis01
genesis1
genesis11
genesis12
genesis123
genesis2
genesis7
genetics
genevieve
genevieve1
genius11
genius12
genius123
geniusnet
genkidama
genoa1893
genocide
genoveva
gentleman
geob3o2x1i
geob3o2x9o
geoffrey
geoffrey1
geoffroy
geografia
geography
geometra
geometry
geordie1
george00
george01
george06
george08
george10
george11
george12
george123
george1234
george13
george14
george15
george21
george22
george23
george69
george77
george99
georgeta
georgetown
georgette
georgia1
georgia12
georgia123
georgia2
georgian
georgiana
georgie1
georgina
georgina1
geovanna
geppetto
gerald123
geraldin
geraldine
geraldine1
geranium
gerard123
gerard32
gerardo1
gerardway
gerardway1
gerlinde
germaine
german12
german123
germania
germany1
germany123
geronimo
geronimo1
gerrard08
gerrard1
gerrard123
gerrard4
gerrard8
gershwin
gertrude
gertrude1
gesundheit
get2work
getajob1
getalife
getbackers
getfucked
getitnow
getlost1
getlove123
getmoney
getmoney1
getrdone
getready
getright
getsmart
getsome1
gettherefast
gettysburg
gewinner
gf65hhg56
gfccdjhl
gfgfgfgf
gfgfvfvf
gfhfljrc
gfhjkbot
gfhjkm00
gfhjkm007
gfhjkm01
gfhjkm11
gfhjkm111
gfhjkm12
gfhjkm123
gfhjkm1234
gfhjkm12345
gfhjkm13
gfhjkm1998
gfhjkm22
gfhjkm666
gfhjkm777
gfhjkmgfhjkm
gfhjkmrf
gfhjkmxbr
gfhjkzytn
gfhkfvtyn
gfhnbpfy
gfjg2og76578
gfyby1983
gfyt63gd
gfzkmybr1987
gg123456
gggggggg
ggggggggg
gggggggggg
gggggggggggg
ghana123
ghbdtn11
ghbdtn12
ghbdtn123
ghbdtn16
ghbdtnbr
ghbdtnbr1
ghbdtnbrb
ghbdtndctv
ghbdtnekmrb
ghbdtnghbdtn
ghbdtngjrf
ghbdtnrfrltkf
ghbjhbntn
ghblehjr
ghblehrb
ghbrjkbcn
ghbrjkmyj
ghbywtccf
gheorghe
ghghghgh
ghhh47hj7649
ghislain
ghislaine
ghjcnbnenrf
ghjcnj123
ghjcnjgfhjkm
ghjcnjkjk
ghjcnjnfr
ghjcnjqgfhjkm
ghjcnjrdfibyj
ghjcnjrdfif
ghjdthrf
ghjghjghj
ghjghjghj9
ghjnjnbg
ghjnjrjk
ghjuhfvvbcn
ghjuhfvvf
ghjuhtcc
ghkdlxld
ghkt542hgh
ghost123
ghost666
ghostbusters
ghostdog
ghostface
ghostman
ghostrecon
ghostrider
ghrtu9y64i
ghtdtl123
ghtktcnm
ghtpbltyn
gi9iejp26l
giacomino
giancarlo
gianfranco
giangcoi
gianluca
gianmarco
giants10
giants11
giants123
giants21
giants25
giants56
giappone
gibraltar
gibson12
gibson123
gibsonsg
gibsonsg1
gide11ok9b
gigabyte
gigagames
giggles1
giggsy11
gigi1234
gigigigi
gilardino
gilbert1
gilberto
gilchrist
gilgalad
gilgamesh
gilipollas
gillespie
gillette
gillian1
gilligan
gillingham
gilmore1
gimnasia
gimnazjum
ginagina
ginger00
ginger01
ginger07
ginger08
ginger10
ginger11
ginger12
ginger123
ginger13
ginger14
ginger15
ginger16
ginger18
ginger21
ginger22
ginger23
ginger33
ginger69
ginger77
ginger88
ginger99
gingerale
gingerbread
gingernut
gingersnap
gingging
ginogino
ginola14
gintonic
ginuwine
gioconda
giordano
giorgi123
giorgio1
giovanna
giovanni
giovanni1
giovanni123
giovanny
giraffe1
giraffes
girasole
girassol
giratina
giresun28
girl1234
girlfriend
girlgirl
girlpower
girls123
girlsrock
girlsrule
girlygirl
girlygirl1
girondins
giselle1
gismo123
gisselle
gitrdone
giuditta
giuliana
giuliano
giulietta
giuseppa
giuseppe
giuseppe1
giuseppina
givenchy
gizmo123
gjhjctyjr
gjkbyjxrf
gladbach
gladiador
gladiator
gladiator1
gladiatore
gladiatus
gladiolus
gladstone
glamdring
glamorous
glamorous1
glamour1
glasgow1
glass123
glasses1
glasshouse
glassjaw
glassman
glc20130716
glendale
glenn123
glenwood
glitter1
glittering
global123
globol123
glock9mm
glorfindel
gloria123
glorioso
glorious
glory123
glory2god
glorytogod
gloucester
glouglou
glowworm
glqmvn8676
gm718422
gm718422@
gmail.com
gmail123
gmail12345
gn9gu44s
go123456
go4broke
go4itnow
goalkeeper
goatcheese
goatgoat
gobears1
gobigred
gobraves
gobrowns
gobucks1
god12345
god4ever
god4life
godawgs1
godbless
godbless1
godblessme
godblessu
godblessus
godblessyou
godchild
goddamnit
goddess1
godfather
godfather1
godfather2
godfirst
godfrey1
godgodgod
godhelpme
godisable
godisdead
godisgood
godisgood1
godisgr8
godisgreat
godislove
godislove1
godisone
godjesus
godknows
godlike1
godloveme
godloves
godlovesme
godofwar
godofwar1
godofwar123
godofwar2
godofwar3
godrocks
godrules
godsaves
godschild
godsgift
godsgirl
godsgrace
godslove
godslove1
godsmack
godsmack1
godspeed
godspeed1
godswill
godverdomme
godzilla
godzilla1
godzilla2
goeagles
goforit1
gofuckyourself
gogators
gogators1
gogetassj4
gogetter
gogiants
gogo1234
gogo7188
gogogirl
gogogo123
gogogogo
gohabsgo
gohan123
goirish1
goku1234
gokugoku
gokussj3
gokussj4
golakers
gold1234
goldberg
goldberg1
goldcoast
golddigger
golddust
golden01
golden10
golden11
golden12
golden123
golden22
goldenboy
goldeneye
goldeneye007
goldeneye1
goldengate
goldengirl
goldensun
goldensun1
goldensun2
goldfinger
goldfisch
goldfish
goldfish1
goldfish2
goldflake
goldgold
goldie12
goldie123
goldilocks
goldleaf
goldmember
goldmine
goldorak
goldrake
goldrush
goldsmith
goldstar
goldstar1
goldwing
goleafsgo
golf1234
golfball
golfcart
golfclub
golfcourse
golfer01
golfer11
golfer12
golfer69
golfgolf
golfgti1
golfing1
golfinho
golfpro1
golfstar
golgotha
goliath1
golibu123
golkel21
gomagoma
gomenasai
gomez123
goncalves
gondolin
gonefishing
gonggong
gonzaga1
gonzales
gonzales1
gonzalez
gonzalez1
gonzalito
gonzalo1
gonzo123
gonzo1982
goober12
goober123
good1234
good12345
good123456
good123654
good4now
good4you
goodboy1
goodboy123
goodbye1
goodcharlotte
goodchina2
goodco05
goodday1
goodday85s
goodeats
goodfella
goodfellas
goodfood
goodfriend
goodgame
goodgirl
goodgirl1
goodgod1
goodgood
goodies1
goodison
goodlife
goodlife1
goodlooking
goodlord
goodlove
goodluck
goodluck1
goodluck123
goodman1
goodmans
goodmen85s
goodmorning
goodness
goodness1
goodnews
goodnight
goodrich
goodstuff
goodtime
goodtimes
goodtimes1
goodtogo
goodwill
goodwood
goody2shoes
goodyear
goofball
goofy123
google.com
google01
google10
google101
google11
google12
google123
google1234
google123google
google13
google21
google22
google23
google55
google99
googlecheckout
googlechrome
googlemail
googleme
googleplex
googoodolls
goonies1
goose123
goosebumps
gooseman
gopackgo
gopinath
gordinho
gordo123
gordon12
gordon123
gordon24
gorgeous
gorgeous1
gorgonzola
gorgoroth
gorigori
gorilla1
gorillas
gorillaz
gorillaz1
gorod312
gorogoro
gosiaczek
gossamer
gossipgirl
gostosao
gotenks1
gothgirl
gothic12
gothic123
gothic666
gotigers
gotmilk1
gotohell
gotohell1
gouranga
government
governor
goyj2010
gpdmwanq0
gr33nday
grace123
grace4me
grace777
graceann
graceful
graceland
gracie01
gracie11
gracie12
gracie123
gracie13
graciela
gracious
grad2006
grad2010
graduate
graduation
graffiti
graffiti1
graham12
grainger
granada1
grand123
grandad1
grandam1
grandchase
grandchildren
grandfather
grandia2
grandkids
grandkids3
grandkids4
grandkids5
grandma1
grandma2
grandma3
grandma4
grandma5
grandmaster
grandmom
grandmother
grandpa1
grandprix
grandslam
grandson
grandson1
grandtheft
grandtheftauto
granite1
grant123
granturismo
granville
grapeape
grapefruit
grapes12
grapevine
graphics
graphics1
graphite
grass123
grasshopper
grateful
grateful1
gratis123
gratitude
gravedigger
graveyard
gravitation
gravity1
grayson1
graywolf
graziano
graziella
great123
great1234
greatdane
greatday
greatday1
greatday2
greatest
greatest1
greatgod
greatman
greatness
greatone
greatwhite
greedisgo123
greedisgood
green100
green101
green111
green123
green1234
green12345
green321
green420
green777
greenapple
greenbay
greenbay1
greenbean
greenblue
greenboy
greenbud
greencard
greenday
greenday1
greenday11
greenday12
greenday123
greenday13
greenday2
greenday21
greenday3
greenday7
greendog
greendragon
greeneggs
greeneye
greeneyes
greeneyes1
greenfield
greenfrog
greengirl
greengrass
greengreen
greenhill
greenhouse
greenland
greenlantern
greenleaf
greenlight
greenman
greenman1
greenpeace
greenrose
greentea
greentea1
greenthumb
greentree
greenville
greenwave
greenway
greenwich
greenwood
greenwood1
greetings
greg1234
greggreg
gregoire
gregorio
gregory1
gregory2
gremio10
gremio123
gremio1903
gremista
gremlin1
gremlins
gremlins1
grenadier
grenadine
grendel1
grenoble
grenouille
grepolis
greshnik
gretchen
gretchen1
gretzky99
greygoose
greyhound
greyhound1
greywolf
gribouille
griffey24
griffin1
griffith
griffiths
grimlock
grimmjow
grimreaper
grindcore
grisa1993
griselda
grisette
grizzly1
grjh89yx9x
groningen
groovychick
groqel9696
grosminet
groucho1
grounded
groundhog
groundzero
groupd2013
gryffindor
gryzelda
grzegorz
grzegorz1
grzesiek
grzesiek1
gs123456
gsfh8dsss
gsjxjvt822
gsx1300r
gsxr1000
gsxr1100
gsxr1300
gt749fh99eh8
gta12345
gtagtagta
gtasanandreas
gtavicecity
gthtcnhjqrf
gtkmvtyb
gtkmvtym
gtnhjczy
gtnhjdbx
gtnhjdf100808
gtxtymrf
gu1nness
guacamole
guadalajara
guadalupe
guadalupe1
guadeloupe
guaiguai
guardian
guardian1
guardian101
guardians
guatemala
guatemala1
gucci123
guccimane
guderian
gudzv99x3n
guebanget
guenther
guerilla
guernica
guernsey
guerreiro
guerrero
guerrero1
guerrier
guess123
guessthis
guessthis1
guesswhat
guesswho
guest123
guevarra
guglielmo
gui12345
gui123456
guidance
guigui123
guildwars
guildwars1
guildwars2
guilherme
guilherme1
guilherme123
guillaume
guillaume1
guillermo
guillermo1
guimaraes
guimauve
guineapig
guiness1
guinness
guinness1
guitar01
guitar10
guitar101
guitar11
guitar12
guitar123
guitar13
guitar21
guitar22
guitar69
guitarhero
guitarhero3
guitarist
guitarman
guitarman1
guitarra
guitars1
gujunpyo
gulliver
gumamela
gumball1
gumdrops
gummybear
gummybear1
gummybears
gumption
guna7979
gunblade
gunbound
gundam00
gundam0079
gundam0083
gundam01
gundam12
gundam123
gundamseed
gundamwing
gungrave
gunit123
gunner01
gunner11
gunner12
gunner123
gunners1
gunsandroses
gunsguns
gunslinger
gunsmoke
gunsnroses
gunther1
guntles99
gurpreet
guru1234
guruguru
gurunanak
guruseo1
gusanito
gustavo1
gustavo10
gustavo12
gustavo123
gutentag
gutierrez
gutierrez1
guwahati
guybrush
guyg56fghf
guyssuck
gv5235523532
gwada971
gwapaako
gwapako1
gwapings
gwapo123
gwapoako
gwapoako1
gwapoko1
gwapoko123
gwenaelle
gwendoline
gwendolyn
gwerty123
gwiazda1
gwiazdka
gx39v3izhs
gy3yt2rgls
gymnasium
gymnast1
gymnastics
gypsy123
gyqk8giz1p
gyu6vik857
gzdw14556wee
gznybwf13
h1234567
h12345678
h123456789
h1992iding
h1h2h3h4
h1xp2z2duk
h2522026
h2r68gsulb
h2tmc4g358
h36js3ggof
h3ep9z2tjz
h4rdc0r3
h54rsjrf5j
h54rsjrf5j123
h54rsjrf5j46788998
h9bl9obr4x
ha123456
habanero
habbo123
habbohotel
habdichlieb
habkeins
hacienda
hacked123
hacker007
hacker01
hacker101
hacker11
hacker12
hacker123
hacker1234
hacker69
hacker99
hackerowned123
hackers1
hackhack
hacking1
hackthis
hadassah
hades666
hadouken
hafiz123
hagakure
hagehage
haha1234
haha12345
haha123456
hahaha11
hahaha12
hahaha123
hahahaha
hahahaha1
hahahahaha
hahahehe
hahahihi
hahalol1
hahalol123
haiduong
haifisch
hailey01
hailey12
hailey123
hailhail
hailmary
hailsatan
haiphong
hairball
hairbrush
hairdresser
hairspray
hakan123
haker123
hakim123
hakkinen
hakunamatata
halamadrid
halathaiz
haleluja
haleluya
haley123
halflife
halflife1
halflife2
halfmoon
halfpint
halfpipe
halifax1
halla123
halleluja
hallelujah
halligalli
hallihallo
halliwell
hallmark
hallo007
hallo111
hallo121
hallo123
hallo1234
hallo12345
hallo123456
hallo321
hallodu1
halloduda
hallohallo
hallohallo1
hallombn001
halloween
halloween1
halo1234
halo12345
halo2000
halo3odst
halo3rocks
halo3rules
halo4life
halohalo
halomaster
haloodst
haloreach
haloreach1
halorocks
halowars
halowars1
hamahama
hamasaki
hambone1
hamburg1
hamburger
hamburger1
hamburgersv
hamilton
hamilton1
hamish123
hammarby
hammer01
hammer11
hammer12
hammer123
hammer69
hammerfall
hammerhead
hammers1
hammertime
hammond1
hammy123
hampshire
hampster
hampton1
hamradio
hamster1
hamster12
hamster123
hamster2
hamster3
hamsters
hamtaro1
hamuhamu
hamza123
hanachan
hanahana
hanakimi
hanakuso
hanamaru
hanamichi
handanba
handayani
handbags
handball
handball1
handboll
handbook
handbook14
handicap
handoivodoi
handsoff
handsome
handsome1
handsomeboy
handyman
hangar18
hanger18
hangloose
hangover
hanhphuc
hanihani
hankster
hankyung
hanna123
hannah00
hannah01
hannah02
hannah03
hannah04
hannah05
hannah06
hannah07
hannah08
hannah09
hannah10
hannah101
hannah11
hannah12
hannah123
hannah1234
hannah13
hannah14
hannah15
hannah16
hannah17
hannah18
hannah19
hannah20
hannah21
hannah22
hannah23
hannah24
hannah77
hannah88
hannah95
hannah96
hannah97
hannah98
hannah99
hannahmont
hannahmontana
hannamontana
hannelore
hannes123
hannibal
hannibal1
hannover
hannover96
hanoi123
hans1234
hanshans
hansi123
hansolo1
hanspeter
hanswurst
hanswurst1
hantu123
hanuman1
hanumanji
hao123456
haohan01234
haohan0635
hapiness
happening
happiest
happines
happiness
happiness1
happy007
happy100
happy101
happy111
happy123
happy1234
happy12345
happy2000
happy2008
happy2009
happy2010
happy2day
happy420
happy4ever
happy4me
happy777
happy999
happybirthday
happyboy
happybunny
happycat
happyday
happyday1
happydays
happydays1
happydog
happyface
happyface1
happyfamily
happyfeet
happyfeet1
happygirl
happygolucky
happyguy
happyhappy
happyhome
happyhour
happyjoy
happyland
happylife
happylove
happyman
happymeal
happyness
happynewyear
happyone
happytime
hapshepsut
harajuku
harakiri
harbinger
hardaway
hardball
hardbody
hardc0re
hardcock
hardcore
hardcore1
hardcore12
hardcore123
hardcore2
hardcore666
hardcore69
hardcore88
harddick
harddisk
hardflip
hardhead
harding1
hardrock
hardrock1
hardstyle
hardstyle1
hardware
hardwood
hardwork
hardy123
hardyboyz
harekrishna
harekrsna
harerama
hariharan
harihari
haris123
harlekin
harlequin
harley00
harley01
harley02
harley03
harley04
harley05
harley06
harley07
harley08
harley09
harley10
harley11
harley12
harley123
harley13
harley21
harley22
harley23
harley69
harley77
harley88
harley883
harley98
harley99
harleydavidson
harleydog
harmonia
harmonica
harmonie
harmony1
harold123
haroldgx
harpreet
harriet1
harrington
harris123
harrison
harrison1
harry007
harry123
harry1234
harryboy
harrycat
harrydog
harrypotte
harrypotter
harrypotter1
harrypotter123
harrypotter7
harrystyles
harsh123
harshini
harshita
hartford
hartlepool
hartmann
hartnett
haruharu
harusame
harvard1
harvest1
harvester
harvestmoon
harvey01
harvey12
harvey123
harvick29
hasan123
hasbullah7
hasegawa
hashimoto
hasilein
haslo123
haslo1234
haslohaslo
hasnainraza
hassan12
hassan123
hastalavista
hastings
hastings1
hastings1066
hatebreed
hatehate
hatelife
hatelove
hateyou1
hatfield
hathaway
hatice123
hatsunemiku
hatteras
hattrick
hausaufgaben
haustier
havaianas
haveaniceday
havefaith
havefun1
havelock
havingfun
hawaii01
hawaii11
hawaii12
hawaii123
hawaii50
hawaii808
hawaiian
hawaiian1
hawk1020
hawkeye1
hawkeyes
hawkins1
hawkmoon
hawkwind
hawthorn
hawthorne
hay39j3fgy
hayabusa
hayabusa1
hayastan
hayden01
hayden07
hayden11
hayden12
hayden123
haydoiday
hayleigh
hayley12
hayley123
hazel123
hazeleyes
hazelnut
hd764nw5d7e1vb1
hdoewpe841
he123456
headache
headbanger
headhunter
headphones
headsh0t
headshot
headshot1
headstrong
healthcare
healthy1
heart123
heartache
heartagram
heartbeat
heartbreak
heartbreak1
heartbreaker
heartbroke
heartbroken
heartland
heartless
heartless1
hearts12
hearts123
hearts1874
heatblast
heather01
heather1
heather11
heather12
heather123
heather13
heather2
heather21
heather3
heather4
heather5
heather69
heather7
heather9
heathers
heatwave
heaven01
heaven07
heaven11
heaven12
heaven123
heaven17
heaven77
heaven777
heavenly
heavenly1
heavensent
heavyarms
heavymetal
hebrides
heckfyxbr
hector12
hector123
hedgehog
hedgehog1
hedimaptfcorp
heelflip
heeroyuy
heffalump
hehehaha
hehehe123
hehehehe
heidelberg
heidi123
heilhitler
heimdall
heineken
heineken1
heinlein
heinrich
hej12345
hejhej12
hejhej123
hejhejhej
hejmeddig
hejsa123
hejsan12
hejsan123
helen123
helena123
helicopter
helikopter
hell0kitty
hell1234
hellangel
hellbent
hellbound
hellboy1
hellboy123
hellboy2
hellboy666
hellfire
hellfire1
hellfire666
hellgate
hellgirl
hellhell
hellhole
hellhound
hello007
hello100
hello101
hello111
hello123
hello1234
hello12345
hello123456
hello2010
hello2me
hello2you
hello321
hello666
hello777
hello999
helloall
hellobaby
hellobob
hellobye
hellodolly
hellogoodbye
hellohello
hellohello1
hellojoe
hellokitty
hellokitty1
hellokitty12
hellokitty123
hellokity
helloman
hellome1
hellomom
hellomoto
hellomoto1
hellomotto
hellopeople
hellothere
hellothere1
helloween
helloworld
helloworld1
helloyou
hellraiser
hellsbells
hellscream
hellsing
hellsing1
hellspawn
hellyeah
hellyeah1
help1234
helpdesk
helphelp
helpless
helpme11
helpme12
helpme123
helpmegod
helpmenow
helsinki
hemalatha
hemicuda
hemingway
hemmelig
henderson
henderson1
hendrica
hendrick
hendrik1
hendrix1
hendrix69
hengsha_2_23
hennepinc
hennessy
henrietta
henriette
henrik123
henrique
henrique1
henrique123
henry123
henrydog
hentai123
heracles
herbalife
herbert1
herbie53
hercules
hercules1
hereford
herename25
heretic1
herewego
herisson
heritage
heritage1
herkules
herman123
hermanos
hermawan
herminia
hermiona
hermione
hermione1
hermitage
hermosillo
hernandez
hernandez1
hernando
hero1234
herobrine
heroes123
herohero
herohonda
herpderp
herrderringe
herrera1
herrmann
hershey1
hershey123
hersheys
herthabsc
herzchen
heslo123
hesloheslo
hesloveslo456
hesoyam1
hesoyam12
hesoyam123
hesoyama
hesoyamhesoyam
hester23
hetfield
hevhk43n9j
hewlett1
hey12345
heyhey12
heyhey123
heyheyhey
heyheyhey1
heyitsme
heysen123
heythere
heythere1
hezekiah
hfcgbplzq
hfvd3425f
hfwp4z7w5y
hgf4h3fhf
hgrfqg4577
hgxnewx11
hh123456
hhhhhhhh
hhhhhhhhh
hhhhhhhhhh
hhhhhhhhhhhh
hi123456
hiawatha
hibernia
hibernian
hibernian1
hibiscus
hibs1875
hide1213
hideaway
hidehide
hidenori
hideyuki
higgins1
highbury
highbury1
highfield
highfive
highgate
highheels
highjump
highland
highland1
highlander
highlander1
highlands
highlife
highlight
highschool
highschoolmusical
highscreen
highspeed
hightech
hightimes
hightower
highway1
highway61
highwind
higurashi
higurasi
hihihaha
hihihi12
hihihi123
hihihihi
hihihihihi
hijaudaun
hijodeputa
hijoputa
hilaryduff
hilaryduff1
hildegard
hilfiger
hillary1
hillbilly
hillbilly1
hillcrest
hillside
hillsong
hilltop1
hillview
hilton123
hiltonptfcorp
himachal
himalaya
himanshu
himawari
himynameis
hinagiku
hinahina
hinata12
hinata123
hindikoalam
hindustan
hindustani
hipeople
hiphop01
hiphop101
hiphop11
hiphop12
hiphop123
hipolito
hipopotamo
hippo123
hirakegoma
hirakhan
hiraschool
hirofumi
hirohiro
hirokazu
hirondelle
hironori
hiroshima
hirosima
hirotaka
hiroyuki
hisgrace
histoire
historia
history1
history278
hiszpania
hitachi1
hitchcock
hitech123
hithere1
hitler12
hitler123
hitler88
hitman11
hitman12
hitman123
hitman22
hitman23
hitman47
hitokiri
hitsugaya
hiuyt75f
hiyf9dy367
hj6se4ij6n
hjcnbckfd
hjkhjkhjk
hjpoz3jj5
hjr5175po
hjt8kst89
hjvfhjvf
hjvfirf1
hjvfyjdf
hjvfynbrf
hk123456
hlin123456789
hmfc1874
hoahongden
hoang123
hoanganh
hoangdung
hoanghai
hoanghon
hoanghuy
hoanglan
hoanglinh
hoanglong
hoangminh
hoangnam
hoangphuong
hoangson
hoangviet
hoangyen
hobgoblin
hobiecat
hochiminh
hochzeit
hockey01
hockey08
hockey09
hockey10
hockey101
hockey11
hockey12
hockey123
hockey13
hockey14
hockey15
hockey16
hockey17
hockey18
hockey19
hockey20
hockey21
hockey22
hockey23
hockey24
hockey25
hockey26
hockey27
hockey30
hockey31
hockey33
hockey44
hockey55
hockey66
hockey69
hockey77
hockey87
hockey88
hockey91
hockey97
hockey99
hockeyman
hocuspocus
hoffman1
hoffmann
hoffnung
hogehoge
hogwarts
hogwarts1
hohohoho
hoihoi123
hoihoihoi
hoilamgi
hokkaido
hokuspokus
hola1234
hola12345
hola123456
holacomoestas
holahola
holahola1
holakase
holaquehace
holaquetal
holasoygerman
holbrook
holden05
holden123
holdenv8
holeinone
holiday1
holiday123
holiday2
holidays
holidays1
holidaysecure123
holidaysecure123$
holiness
holla123
hollaback
holland1
holland123
holliday
hollie123
hollister
hollister1
hollister2
hollisterd
holloway
hollowman
holly123
hollyann
hollydog
hollydog1
hollyoaks
hollyoaks1
hollywoo
hollywood
hollywood1
hollywood2
hollywoodundead
holocaust
hologram
holstein
holybible
holycow1
holycrap
holycrap1
holycross
holyghost
holygrail
holyholy
holymoly
holyshit
holyshit1
holyspirit
holywood
holzwurm
home0401
home1234
home12345
home123456
homealone
homealone123
homebase
homeboy1
homebrew
homedepot
homegirl
homegrown
homehome
homeland
homeless
homemade
homeopathy
homepage
homer123
homerjay
homersimpson
homerun1
homeschool
homesick
homeslice
homestar
homestead
homestuck
homesweethome
hometown
homewood
homework
homework1
homeworld
homicide
homosexual
honda100
honda123
honda125
honda2000
honda250
honda400
honda450
honda500
honda600
honda750
hondaaccord
hondacbr
hondacbr600
hondacity
hondacivic
hondacr125
hondacr250
hondacrv
hondacrx
hondahonda
hondas2000
hondavfr
honduras
honduras1
honestly
honesty1
honey123
honey1234
honey143
honeybabe
honeybaby
honeybear
honeybear1
honeybee
honeybee1
honeybun
honeybun1
honeybunch
honeybunny
honeycoh
honeycomb
honeydew
honeydog
honeygirl
honeyhoney
honeyko1
honeykoh
honeylove
honeymoon
honeypie
honeypot
honeyqoh
honeywell
honghanh
honghong
hongkong
hongkong1
hongngoc
hongnhung
hongphuc
hongquan
honkhonk
honolulu
honorine
hoobastank
hoochie1
hookah21
hooligan
hooligan1
hooligans
hoopster
hoosier1
hoosiers
hooters1
hoothoot
hope1234
hopeful1
hopefull
hopehope
hopeless
hopeless1
hopewell
hopkins1
hopscotch
horizon1
horizons
hornet600
hornets1
horohoro
horoscope
horrible
horse123
horsegirl
horselover
horseman
horsemen
horsepower
horses01
horses10
horses101
horses11
horses12
horses123
horses22
horseshit
horseshoe
hortense
hospital
hospital1
hostmaster
hot2trot
hotbabes
hotcakes
hotchick
hotchick1
hotchicks
hotchocolate
hotdog11
hotdog12
hotdog123
hotdog22
hotdog69
hotdog99
hotdogs1
hotel123
hotgirl1
hotgirls
hothothot
hotlove123
hotmail.com
hotmail007
hotmail1
hotmail11
hotmail12
hotmail123
hotmail2
hotmailcom
hotmails
hotmama1
hotmama123
hotmamma
hotmomma
hotohori
hotpants
hotpink1
hotpussy
hotrod123
hotsauce
hotsauce1
hotsex69
hotshot1
hotshots
hotspurs
hotstuff
hotstuff1
hottie01
hottie101
hottie11
hottie12
hottie123
hottie13
hottie69
hottopic
hotty123
hotwater
hotwheel
hotwheels
hotwheels1
hotwings
houdini1
houghton
hounddog
hourglass
house123
housemusic
housewife
houston1
houston713
hovnokleslo
howard12
howard123
howareyou
howudoin
hp123456
hppavilion
hq2zw7p49q
hrrygn1837
hrvatska
hs123456
hs16andi3z
hs7nzbx229
hsbc12345
hshfd4n279
htg46itgm
htt//members.cumfiesta.com/
htt//members.oxpassport.com
htt//members.oxpassport.com/
htt//members.ztod.com/
htt//www.just18.com/members/
htubcnhfwbz
hu123456
hu2v7yang
hu5250337
huahong159
huamao603
huang123
huangjin1987
huangwei
huanhuan
hubabuba
hubbabubba
hubert12
hubert123
hubertus
huckleberry
huddersfield
huf7dkgd
hugeskisses
huggybear
hugo1234
hugoboss
hugohugo
hugsalot
huguette
huhbbhzu78
huhu123456
huhuhuhu
huizhang
hujciwdupe
hujhujhuj
huko2356
hulaanmo
hulagirl
hulahoop
hulahula
hulkhogan
hulkster
hullcity
hullcity1
hum1berto
human123
humanity
humanoid
humberto
humboldt
humility
hummer12
hummer123
hummerh1
hummerh2
hummerh3
hummingbird
humphrey
humphrey1
humsafar1
hundekuchen
hundesohn
hungdaica
hungergames
hunghung
hunnybun
hunnybunny
hunsafar1
hunter00
hunter001
hunter01
hunter02
hunter03
hunter04
hunter05
hunter06
hunter07
hunter08
hunter09
hunter10
hunter101
hunter11
hunter12
hunter123
hunter1234
hunter13
hunter14
hunter15
hunter16
hunter17
hunter18
hunter19
hunter20
hunter21
hunter22
hunter23
hunter24
hunter25
hunter27
hunter33
hunter34
hunter44
hunter45
hunter55
hunter66
hunter666
hunter69
hunter77
hunter88
hunter89
hunter95
hunter96
hunter97
hunter98
hunter99
hunterhunter
hunters1
hunterxhunter
hunting1
huntington
huntress
huntup12
hurensohn
hurensohn1
hurensohn123
hurrican
hurricane
hurricane1
hurricanes
husband1
hushhush
huskers1
huskies1
husqvarna
hussain1
hussain123
hussain786
hustler1
hutchins
hutchinson
huy123456
huy45kmpcav
huyenthoai
huyentrang
huyhoang
hv5fjgb48f
hvpd6ya25v
hwl23uot3x
hwoarang
hx171423
hx171423ccc
hx28o9e646
hx5tme0775
hyacinth
hyderabad
hyderabad1
hydrogen
hydroptfcorp
hyper123
hyperion
hyperlite
hypnotic
hysteria
hyundai1
i love you
i-dressup
i1234567
i123456789
i2345678
i23456789
i234i234i234
i28l2pyzqt
i2cxes96ul
i6r25rxdcf
i75npih6tn
i7w88wvyoa
i84avh9lti
i97kijhy9x
iam2cool
iamagirl
iamalone
iamawesome
iamawsome
iambatman
iamblessed
iambored
iamcool1
iamcool123
iamcool2
iamcrazy
iamgreat
iamhappy
iaminlove
iamlegend
iamlucky
iamnumber1
iamsexy1
iamsmart
iamsocool
iamsorry
iamstupid
iamthebest
iamthebest1
iamtheboss
iamthegame
iamtheking
iamthelaw
iamtheman
iamtheman1
iamtheone
iamtheone1
iamwhatiam
iamwhoiam
ianuarie
ibelieve
ibraheem
ibrahim1
ibrahim123
ibrahima
ibrahimovic
icandoall
icandoit
iceberg1
icebreaker
icecold1
icecream
icecream1
icecream11
icecream12
icecream123
icecream2
icecream7
icecube1
icedearth
icedragon
icehockey
icehouse
iceicebaby
iceland1
iceman01
iceman11
iceman12
iceman123
iceman21
iceman22
iceman23
iceman69
iceprincess
icequeen
icestorm
icewater
ichbincool
ichbinda
ichbingeil
ichbinich
ichhassedich
ichiban1
ichichich
ichigo100
ichigo123
ichigo15
ichimaru
ichiro51
ichliebe
ichliebedich
ichliebedich1
ichliebemich
ichunddu
icu811035
icxkyb7972
id6c3wr6un
iddqd123
iddqdiddqd
iddqdidkfa
identity
idiot123
idlewild
idonotknow
idontcare
idontcare1
idonthave1
idontkno
idontknow
idontknow1
idontknow2
idressup
idspispopd
ieee1394
ifeoluwa
ifoptfcorp
iforget1
iforgot1
iforgot2
iforgotit
ifuckyou
ig4abox4
igetmoney
iglesias
ignacio1
ignatius
ignition
ignorance
igor1234
igor12345
igor1996
igor1998
igor2001
igorigor
igromania
ihateboys
ihatehackers
ihatelife
ihatelove
ihatemen
ihatemylife
ihatemyself
ihatepasswords
ihateschool
ihatethis
ihateyou
ihateyou1
ihateyou12
ihateyou123
ihateyou2
iheartyou
iiiiiiii
iiiiiiiiii
ijrjkflrf
ikaa4kr257
ikariam1
ikawlang
ikbencool
ikbengek
ikbenhet
ike02banaa
ikechukwu
ikhouvanjou
ikickass
ikillyou
ikkeikke
il0v3y0u
il0vey0u
il0veyou
ilia16739
ilikecake
ilikecheese
ilikechicken
ilikeeggs
ilikefood
ilikegirls
ilikepie
ilikepie1
ilikepie12
ilikepie123
ilikepie2
ilikepizza
ilikesex
iliketrains
iliketurtles
ilikeyou
illidan1
illinois
illinois1
illmatic
illuminati
illuminator
illusion
illusion1
illusions
ilono4ka
ilov3you
ilove123
ilove420
iloveaaron
iloveadam
ilovealex
ilovealex1
iloveallah
iloveamber
iloveamy
iloveandrew
iloveandy
iloveangel
iloveanimals
iloveanime
iloveanna
iloveashley
ilovebaby
ilovebeer
ilovebella
iloveben
ilovebill
ilovebilly
iloveblue
ilovebob
ilovebobby
iloveboobies
iloveboobs
ilovebooks
iloveboys
ilovebrad
ilovebrandon
ilovebrian
ilovecake
ilovecandy
ilovecars
ilovecat
ilovecats
ilovecats1
ilovechad
ilovecheese
ilovechocolate
ilovechris
ilovecock
ilovecody
ilovecookies
ilovedad
ilovedad1
ilovedaddy
ilovedan
ilovedance
ilovedaniel
ilovedanny
ilovedave
ilovedavid
ilovedick
ilovedogs
ilovedylan
iloveemily
iloveemma
iloveemo
iloveeric
ilovefashion
ilovefood
ilovefootball
ilovegames
ilovegelia98
ilovegirls
ilovegod
ilovegod1
ilovegod2
ilovegreen
ilovegreg
ilovehannah
iloveharry
iloveher
iloveher1
iloveher2
ilovehim
ilovehim1
ilovehim12
ilovehim2
ilovehorses
iloveian
iloveindia
ilovejack
ilovejacob
ilovejake
ilovejames
ilovejamie
ilovejason
ilovejay
ilovejeff
ilovejen
ilovejenny
ilovejess
ilovejesse
ilovejessica
ilovejesus
ilovejesus1
ilovejim
ilovejimmy
ilovejoe
ilovejoe1
ilovejoey
ilovejohn
ilovejon
ilovejordan
ilovejose
ilovejosh
ilovejosh1
ilovejustin
ilovejustinbieber
ilovekate
ilovekatie
ilovekelly
iloveken
ilovekevin
ilovekim
ilovekyle
ilovelaura
ilovelee
iloveleo
ilovelife
ilovelife1
ilovelisa
iloveliz
ilovelove
ilovelucy
ilovelucy1
iloveluke
ilovemama
ilovemanga
ilovemark
ilovemary
ilovemath
ilovematt
ilovematt1
ilovemax
iloveme!
iloveme1
iloveme12
iloveme123
iloveme13
iloveme2
iloveme3
ilovemegan
ilovemel
ilovemen
ilovemichael
ilovemike
ilovemike1
iloveminecraft
ilovemom
ilovemom1
ilovemom2
ilovemommy
ilovemoney
ilovemum
ilovemummy
ilovemusic
ilovemybaby
ilovemycat
ilovemydad
ilovemydaddy
ilovemydog
ilovemyfam
ilovemyfamily
ilovemyfriends
ilovemyindia
ilovemykids
ilovemylife
ilovemymom
ilovemymommy
ilovemymother
ilovemymum
ilovemysel
ilovemyself
ilovemyson
ilovemywife
ilovenick
ilovenick1
ilovenicole
ilovenikki
iloveno1
iloveparis
ilovepat
ilovepaul
ilovepie
ilovepie1
ilovepink
ilovepink1
ilovepizza
iloveporn
ilovepussy
ilovered
iloverob
iloverobert
iloverock
iloveryan
iloveryan1
ilovesam
ilovesam1
ilovesara
ilovesarah
iloveschool
ilovescott
ilovesean
ilovesex
ilovesex1
ilovesex69
iloveshane
iloveshoes
ilovesoccer
ilovesos
ilovesteve
ilovesummer
ilovetaylor
ilovethisgame
ilovetim
ilovetom
ilovetony
ilovetyler
iloveu11
iloveu12
iloveu123
iloveu13
iloveu1314
iloveu143
iloveu21
iloveu22
iloveu23
iloveu4ever
iloveubaby
iloveumom
iloveweed
ilovewill
ilovey0u
iloveyaoi
iloveyou
iloveyou!
iloveyou.
iloveyou0
iloveyou00
iloveyou01
iloveyou02
iloveyou03
iloveyou05
iloveyou07
iloveyou08
iloveyou09
iloveyou1
iloveyou10
iloveyou101
iloveyou11
iloveyou12
iloveyou123
iloveyou1234
iloveyou12345
iloveyou13
iloveyou1314
iloveyou14
iloveyou143
iloveyou15
iloveyou16
iloveyou17
iloveyou18
iloveyou19
iloveyou2
iloveyou20
iloveyou21
iloveyou22
iloveyou23
iloveyou24
iloveyou25
iloveyou26
iloveyou27
iloveyou28
iloveyou29
iloveyou3
iloveyou33
iloveyou4
iloveyou4ever
iloveyou5
iloveyou6
iloveyou69
iloveyou7
iloveyou77
iloveyou8
iloveyou88
iloveyou89
iloveyou9
iloveyou99
iloveyou<3
iloveyouba
iloveyoubabe
iloveyoubaby
iloveyouforever
iloveyouma
iloveyoumom
iloveyouso
iloveyousomuch
iloveyouto
iloveyoutoo
iloveyouu
iloveyoux3
iloveyuo
ilovezac
ilovezach
ilshofen0926
ilt30yag
iluvatar
iluvjesus
iluvmyself
iluvu4ever
iluvyou1
iluvyou2
ily4ever
ilya2002
imabeast
imabitch
imagination
imagine1
imaloser
imation1
imawesome
imawesome1
imawsome
imbroglio
imcool123
imdabest
imhungry
iminlove
iminlove1
imissyou
imissyou1
immaculate
immanuel
immortal
immortal1
imnottelling
imnumber1
impala64
impala67
impalass
imperator
imperatore
imperial
imperial1
imperium
important
important1
importante
imposible
impossible
impresora
impression
impretty
impreza1
impulse1
impulse101
imran123
imran786
imrankhan
imsingle
imsocool
imsocool1
imsocute
imsosexy
imthebest
imthebest1
imtheking
imtheman
imtheman1
imtheone
inalienability
inavvl831n
inazuma11
inception
inchallah
inchrist
incognito
incoming
incomplete
incorrect
incorrect1
increase
incredible
incubus1
indaclub
indahouse
independen
independence
independent
independiente
index0088
india123
india1234
india12345
india123456
india1947
india321
india@123
indiaindia
indian123
indiana1
indianajones
indianalib
indianer
indians1
indochine
indonesia
indonesia1
indonesia123
indovina
industrial
industry
indya123
indya123d
ineedajob
ineedhelp
ineedmoney
ineedyou
inextremo
infamous
infamous1
infantry
infantry1
infected
infection
infernal
infernape
inferno1
inferno123
inferno666
infernus
infierno
infinite
infinite1
infiniti
infiniti1
infinito
infinity
infinity1
infinity8
infirmier
infirmiere
inflames
inflames1
info1234
infoinfo
informatica
informatik
informatika
informatio
information
information1
informatique
infotech
infrared
ingeborg
ingegnere
ingenieria
ingeniero
ingenieur
ingenting
inglaterra
inglewood
ingoditrust
ingodwetrust
initiald
initiald09
inkheart
inkognito
inmaculada
inmortal
innebandy
innocence
innocent
innocent1
innocuous
innovation
innovative
innovision
innuendo
inova123
inquisitor
insanity
insanity1
insecure
inshallah
insideout
insignia
insomnia
insomnia1
insomniac
inspector
inspiracija1
inspiration
inspired
inspiron
inspiron1
instinct
institut
institute
instructor
instrument
insurance
intactinfo
integra1
integral
integrity
integrity1
intel123
intelcore
inteligente
intelinside
intellego
intelligence
intelligent
inter123
inter1908
inter4ever
interact
interactive
interceptor
interchim
intercom
interdit
interest
interesting
interests
interface
interior
interiors
interiors1
interista
interlude
intermilan
internacional
internal
internat
internatio
international
internazionale
internet
internet01
internet1
internet11
internet12
internet123
internet15
internet2
internet5
interpals
interpol
interpol1
interval
intervention
interview
intheend
inthemix
intranet
intrepid
intrepid1
intrigue
intruder
intuition
inuyasha
inuyasha1
inuyasha11
inuyasha12
inuyasha123
inuyasha13
inuyasha2
inuyasha7
invader1
invaderzim
invasion
inventor
inverness
investment
investor
invictus
invierno
invincible
invisible
inyourface
iodjfdjwd
ioioioio
iojsjd9887
ioriyagami
iosonoio
ipconfig
iphone123
iphone3g
iphone3gs
iphone4s
ipod1234
ipodnano
ipodnano1
ipodtouch
ipofag43
ipswich1
iqbal123
ireland1
ireland123
ireland2
ireland7
irene123
irfan123
irgendwas
irina123
irish123
irishman
irisiris
irlandia
irock123
ironchef
irondoor
ironfist
ironhead
ironhide
ironhorse
ironmaiden
ironmaiden1
ironmaiden666
ironman1
ironman12
ironman123
ironman2
ironman3
ironmike
ironside
ironwood
irule123
is7k1d9834
isaac123
isabel01
isabel12
isabel123
isabela1
isabelita
isabell1
isabella
isabella1
isabella12
isabella123
isabella2
isabella3
isabelle
isabelle1
isaiah12
isaiah123
iscool!!
iscool123
iseedeadpeople
isengard
isgh5shg8oe
ishikawa
iskandar
iskander
iskender
islam123
islam786
islamabad
islander
islanders
islandgirl
islcollective
ismail123
ismail321
israel12
israel123
istanbul
istanbul05
istanbul1
istanbul1453
istanbul34
isthebest
isyankar
itachi123
itachiuchiha
itadakimasu
italia10
italia11
italia123
italia2006
italia90
italian1
italiana
italiano
italo123
italy123
itdxtyrj
itexamstube
itexamstule
itickets
itsallgood
itsasecret
itsme123
itsmylife
ittybitty
iubireamea
iuytrewq
iv6s2sp3ag
ivan1234
ivan12345
ivan1980
ivan1987
ivan1989
ivan1990
ivan1991
ivan1992
ivan1993
ivan1994
ivan1996
ivan1997
ivan1998
ivan2000
ivan2001
ivan2002
ivan2003
ivan2004
ivan2010
ivancito
ivanivan
iverson03
iverson1
iverson3
ivonete10
ivor631996
iw14fi9jwqa
iw14fi9jxl
iwantsex
iwantyou
iwashere
iwillkillyou
iwillwin
iwj7wdq256
ix15i2rljt
ixkv1t7p1b
iy75jgjq1p
izabela1
izabella
izabella1
izabelle
izmocars
j0nathan
j1234567
j12345678
j123456789
j1j2j3j4
j1ulf360ovi
j2161777
j38ifubn
j3947267
j3nn1f3r
j3nnif3r
j3nnifer
j3qq4h7h2v
j43y3ypfsx
j78ydz2cjp
j8675309
ja123456
jaaneman
jabalpur
jabbawocke
jabbawockeez
jabberwocky
jabroni1
jabulani
jacaranda
jacek123
jack1234
jack12345
jack123456
jack2000
jack2001
jack2002
jack2003
jack2004
jack2005
jack2006
jack2007
jack2008
jack2009
jack2010
jack5225
jackandjill
jackaroo
jackass1
jackass11
jackass12
jackass123
jackass2
jackass3
jackass69
jackbauer
jackblack
jackdaniel
jackdaniels
jackdog1
jackeline
jackfrost
jackfruit
jackhammer
jackie01
jackie10
jackie11
jackie12
jackie123
jackie13
jackie22
jackie69
jackiechan
jackinthebox
jackjack
jackjack1
jackjill
jacko123
jackpot1
jackrabbit
jackrussel
jackryan
jackson01
jackson09
jackson1
jackson10
jackson11
jackson12
jackson123
jackson13
jackson2
jackson21
jackson22
jackson3
jackson4
jackson5
jackson6
jackson7
jackson8
jackson9
jacksons
jacksonville
jacksparrow
jackster
jacky123
jacob123
jacob1234
jacobblack
jacobsen
jacobson
jacqueline
jacqueline1
jacquelyn
jacques1
jadakiss
jade1234
jade2000
jadejade
jaden123
jadensmith
jaejoong
jaffacake
jaffacakes
jafjkshf7y6w34rjd
jagannath
jaguar11
jaguar12
jaguar123
jaguares
jaguars1
jaguarxj6
jahangir
jahbless
jaiganesh
jaigurudev
jaihanuman
jailbird
jailbreak
jaimatadi
jaimataki
jaime123
jaime4040
jaisairam
jaishriram
jaisriram
jaja1234
jajaja123
jajajaja
jajeczko
jakarta1
jakarta10
jakarta11
jakarta123
jake1234
jake12345
jake2000
jake2001
jake2008
jake5253
jakedog1
jakejake
jakejake1
jakelong
jakeryan
jakester
jakethedog
jakethesnake
jakeyboy
jakmania
jakob123
jakub123
jalapeno
jalisco1
jallajalla
jamaica1
jamaica12
jamaica123
jamaica2
jamaican
jamal123
jamalsaumay
jamboree
james001
james007
james100
james101
james111
james123
james1234
james12345
james2000
james321
james666
jamesbond
jamesbond0
jamesbond007
jamesbond1
jamesbrown
jamesdean
jamesjames
jameslee
jameson1
jamestown
jamesyap
jamie123
jamie1234
jamielee
jamielynn
jamieson
jamil123
jamiroquai
jamison1
jammu@123
jamshedpur
jan12345
janajana
janakpur
jancok123
jandikkz
jane1234
janejane
janek123
janelle1
janet123
janette1
janganlupa
jangkrik
jangofett
janice123
janjan123
janjanjan
jannedaarc
jansport
january1
january10
january11
january12
january13
january14
january15
january16
january17
january18
january19
january2
january20
january21
january22
january23
january24
january25
january26
january27
january28
january29
january3
january30
january31
january4
january5
january6
january7
january8
january9
japan123
japanese
japanese1
japierdole
jaqueline
jaramillo
jared123
jaredleto
jarek123
jarhead1
jaroslav
jaroslaw
jarrett1
jarrett88
jasamcar
jasmin01
jasmin12
jasmin123
jasmine01
jasmine07
jasmine08
jasmine09
jasmine1
jasmine10
jasmine101
jasmine11
jasmine12
jasmine123
jasmine13
jasmine14
jasmine15
jasmine16
jasmine18
jasmine2
jasmine21
jasmine22
jasmine23
jasmine3
jasmine4
jasmine5
jasmine6
jasmine7
jasmine8
jasmine9
jasmine99
jason123
jason1234
jason12345
jasonjason
jasonkidd
jasonlee
jasper01
jasper10
jasper11
jasper12
jasper123
jasper13
jasper14
jasper21
jasper22
jasper23
jasper99
jaspreet
jaspyb1990
javajava
javascript
javatpoint
javier11
javier12
javier123
jawbreaker
jax3602832
jay12345
jay123456
jayanthi
jayashree
jayasree
jaybird1
jayden01
jayden04
jayden05
jayden06
jayden07
jayden08
jayden09
jayden10
jayden11
jayden12
jayden123
jayhawk1
jayhawks
jayhawks1
jayjay10
jayjay11
jayjay12
jayjay123
jayjayjay
jaymataji
jayshree
jayson123
jazmine1
jazz1234
jazzbass
jazzjazz
jazzman1
jazzmine
jazzy123
jb123456
jbond007
jc123456
jd123456
jd39nea7ia
jd74jajw4
jdfgfjh9m
jdheh421
jdidnnde
jdnazp972x
jean1234
jeancarlos
jeanclaude
jeanette
jeanette1
jeanjean
jeanlouis
jeanmarc
jeanmarie
jeanmichel
jeannette
jeannie1
jeannine
jeanpaul
jeanpierre
jeanvilar
jebacina
jedidiah
jedijedi
jediknight
jedimaster
jeepjeep
jeepster
jeetkunedo
jeferson
jeff1234
jefferson
jefferson1
jefferson123
jeffery1
jeffgordon
jeffhardy
jeffhardy1
jeffjeff
jeffrey1
jeffrey12
jeffrey123
jeffrey2
jegersej
jehovah1
jello123
jelly123
jellybaby
jellybean
jellybean1
jellybeans
jellybelly
jellyfish
jellyfish1
jellytots
jemoeder
jemoeder1
jemoeder123
jenesaispas
jengjeng
jenifer1
jeniffer
jenkins1
jenn1fer
jenn5366
jenna123
jennelyn
jennifer
jennifer01
jennifer1
jennifer10
jennifer11
jennifer12
jennifer123
jennifer13
jennifer2
jennifer21
jennifer22
jennifer23
jennifer3
jennifer5
jennifer69
jennifer7
jennifer8
jennilyn
jennings
jennjenn
jenny123
jennyfer
jennylyn
jennyrose
jeopardy
jeremiah
jeremiah1
jeremiah29
jeremiah2911
jeremias
jeremy01
jeremy10
jeremy11
jeremy12
jeremy123
jeremy13
jeremy21
jeremy22
jeremy23
jeremy69
jericho1
jerkface
jermaine
jermaine1
jerome01
jerome12
jerome123
jeronimo
jerrey232x
jerry123
jerrylee
jerseygirl
jerusalem
jesaispas
jesper123
jess1234
jessamae
jesse123
jessejames
jessemac
jessemccartney
jessica0
jessica01
jessica02
jessica04
jessica05
jessica06
jessica07
jessica08
jessica09
jessica1
jessica10
jessica11
jessica12
jessica123
jessica13
jessica14
jessica15
jessica16
jessica17
jessica18
jessica19
jessica2
jessica20
jessica21
jessica22
jessica23
jessica24
jessica25
jessica27
jessica3
jessica4
jessica5
jessica6
jessica69
jessica7
jessica8
jessica88
jessica89
jessica9
jessica99
jessicaalba
jessicas
jessie01
jessie10
jessie11
jessie12
jessie123
jessie13
jessie21
jessie22
jessie23
jessjess
jessy123
jester01
jester12
jester123
jesucristo
jesucristo1
jesuisla
jesus001
jesus007
jesus100
jesus101
jesus111
jesus123
jesus1234
jesus12345
jesus143
jesus1st
jesus2000
jesus2009
jesus2010
jesus247
jesus316
jesus333
jesus4ever
jesus4life
jesus4me
jesus666
jesus777
jesuschris
jesuschrist
jesuschrist1
jesuscrist
jesuscristo
jesusfreak
jesusgod
jesusis1
jesusislor
jesusislord
jesusislord1
jesusislove
jesusito
jesusjesus
jesuslives
jesuslord
jesuslove
jesusloveme
jesusloves
jesuslovesme
jesusmary
jesusmeama
jesusrocks
jesusrules
jesussaves
jesusteama
jesusteamo
jetaime1
jetbalance
jetblack
jetstream
jettavr6
jewel123
jezebel1
jfgvcqbuzug
jgthfnjh
jh123456
jh5thrwgefsdf
jh5thrwgefsdfs
jhanzaib
jhayjhay
jhnjgtl12
jhonatan
jhoncena
jhonjhon
jhunjhun
ji394su3
ji3g4go6
ji3g4gp6
jiang123
jiang520
jiang7579
jiangjun
jiangwei
jianjian
jiaojiao
jiefang007
jiefang998
jiggaman
jigglypuff
jihoy111
jijijiji
jillian1
jilljill
jillybean
jimbeam1
jimbo123
jimbob123
jimenez1
jimihendrix
jimjimjim
jimjones
jimmie48
jimmorrison
jimmy007
jimmy123
jimmy1234
jimmyboy
jimmyjimmy
jimmypage
jinass101
jing1030
jingjing
jingke88
jingke99
jinglebells
jingles1
jingling
jinkazama
jinmin12345
jitendra
jitterbug
jiujitsu
jiushiaini
jj123456
jj_1234567
jjaayy31
jjjjjjjj
jjjjjjjjj
jjjjjjjjjj
jjohnson
jjqwxbz618
jjusvux826
jk123456
jkflty12
jkjkjkjk
jkljkljkl
jkluio789
jlbyjxrf
jlbyjxtcndj
jledfyxbr
jlkalm19
jm123456
jne990pq23
joaninha
joanna123
joanne123
joao1234
joao12345
joao123456
joaopaulo
joaopedro
joaovictor
joaovitor
joaozinho
joaquin1
jobhunt1
jobhunter
jobhunting
jobsahead
jobsearch
jobsearch1
jobseeker
jobshop2002
jobsjobs
joceline
jocelyn1
jocelyne
jodie123
joe12345
joeblack
joeboxer
joebuilder
joejoe12
joejoe123
joejoejoe
joejonas
joejonas1
joel1234
joeljoel
joelle76
joemama1
joemomma
joey1234
joeyjoey
jogabonito
jogjakarta
johan123
johanna1
johannes
johannes1
johansen
johansson
john!20130605at1753
john0316
john1010
john1234
john12345
john123456
john2000
john2345
john5646
john7502gee
johnathan
johnathan1
johnathon
johnboy1
johncarlo
johncena
johncena1
johncena12
johncena123
johncena54
johndavid
johndeer
johndeere
johndeere1
johngalt
johnhenry
johnjohn
johnjohn1
johnlennon
johnlloyd
johnmark
johnmayer
johnmichae
johnmiller123.
johnnie1
johnny01
johnny11
johnny12
johnny123
johnny13
johnny22
johnny23
johnny69
johnny99
johnnyboy
johnnycash
johnnydepp
johnpaul
johnpaul1
johnsmith
johnson1
johnson12
johnson123
johnson2
johnson3
johnson4
johnson48
johnson5
johnsons
johnston
johnterry
johnwayne
johny123
jojo1234
jojo12345
jojojojo
jokejoke
joker007
joker101
joker123
joker1234
joker2244
joker666
joker777
jokerjoker
jokerman
jollibee
jolly123
jollyrancher
jollyroger
jon12345
jonalyn1
jonas123
jonas1234
jonasbroth
jonasbrothers
jonasjonas
jonathan
jonathan01
jonathan1
jonathan10
jonathan11
jonathan12
jonathan123
jonathan13
jonathan14
jonathan18
jonathan2
jonathan21
jonathan23
jonathan3
jonathan5
jonathan7
jonathon
jonathon1
jonbonjovi
jones123
jong1230
jongjong
jonjon123
jonny123
jonnyboy
jopajopa
jor23dan
jordan00
jordan01
jordan02
jordan03
jordan04
jordan05
jordan06
jordan07
jordan08
jordan09
jordan10
jordan101
jordan11
jordan12
jordan123
jordan1234
jordan13
jordan14
jordan15
jordan16
jordan17
jordan18
jordan19
jordan20
jordan21
jordan22
jordan23
jordan2323
jordan2345
jordan24
jordan25
jordan26
jordan27
jordan33
jordan45
jordan67
jordan69
jordan77
jordan88
jordan92
jordan93
jordan94
jordan95
jordan96
jordan97
jordan98
jordan99
jordans23
jordison
jordy123
jorge123
jorgeluis
jormiler
jormungand
jose1234
jose12345
jose123456
jose1995
joseangel
joseantonio
josecarlos
josef123
josefina
josefine
josejose
joseline
joselito
joselon69
joseluis
joseluis1
josemanuel
josemari
josemaria
josemiguel
joseph01
joseph02
joseph03
joseph05
joseph07
joseph08
joseph09
joseph10
joseph11
joseph12
joseph123
joseph13
joseph14
joseph15
joseph16
joseph19
joseph20
joseph21
joseph22
joseph23
joseph24
joseph25
joseph88
joseph99
josephine
josephine1
josesito
josh1234
josh12345
joshjosh
joshua00
joshua01
joshua02
joshua03
joshua04
joshua05
joshua06
joshua07
joshua08
joshua09
joshua10
joshua11
joshua12
joshua123
joshua1234
joshua13
joshua14
joshua15
joshua16
joshua17
joshua18
joshua19
joshua20
joshua2000
joshua21
joshua22
joshua23
joshua24
joshua25
joshua26
joshua27
joshua28
joshua3006
joshua69
joshua77
joshua88
joshua89
joshua92
joshua94
joshua95
joshua96
joshua97
joshua98
joshua99
josie123
josselin
josue123
journalist
journey1
jowjow00
joyce123
joyceann
joyjoyjoy
joystick
jp123456
jpf89q6666
jq4t9y6sek
jqknthwe
jqkvob256h
jr021284
jr123456
jr1234567
jrcfyjxrf
jrrtolkien
js123456
juan1234
juan123456
juancarlos
juancito
juandavid
juandiego
juanita1
juanito1
juanjose
juanjuan
juanluis
juanmanuel
juanmiguel
juanpablo
juasjuas
jubilee1
judaspriest
judgement
juehws1996
juggalo1
juggalo17
juggalo420
juggalo4life
juggalo69
juggernaut
juice123
juicebox
juiceman
juicy123
juicyfruit
juju1234
jujubean
jujujuju
julemand
jules123
julia123
julia1234
juliajulia
julian01
julian10
julian11
julian12
julian123
julian13
juliana1
juliana123
julianna
julianna1
julianne
julie123
julieann
julieann1
julieanne
juliebar
julienne
juliet123
julietta
juliette
juliette1
julio123
juliocesar
julius123
july1234
july1985
july1987
july1989
july1991
july1994
july1995
july1997
july2006
july2007
july2008
july2801!
julyjuly
jumbo123
jumbojet
jumelles
jump4joy
jumpjump
jumpman23
jumprope
jumpstart
jumpstyle
junction
jundian2011xr
jundian2012xr
june1234
june1980
june1982
june1984
june1985
june1986
june1987
june1988
june1989
june1990
june1991
june1992
june1993
june1994
june1995
june1996
june1997
june1998
june1999
june2000
june2001
june2002
june2003
june2005
june2006
june2007
june2008
june2009
junebug1
junejune
jungfrau
jungle7th
junglist
juninho10
juninho123
junior00
junior01
junior02
junior03
junior04
junior05
junior06
junior07
junior08
junior09
junior10
junior11
junior12
junior123
junior1234
junior13
junior14
junior15
junior16
junior17
junior18
junior19
junior21
junior22
junior23
junior24
junior25
junior69
junior77
junior88
junior99
juniper1
junjunjun
junkfood
junkjunk
junkmail
junkyard
jupiter1
jupiter12
jupiter123
jupiter2
jupiter5
jupiter7
jupiter8
jupitermx
jupiterz
jurassic
jurassic5
just4fun
just4now
just4you
justcause2
justdance
justdoit
justdoit1
justforfun
justforme
justforyou
justice1
justice12
justice123
justice2
justicia
justified
justin bieber
justin00
justin01
justin02
justin03
justin04
justin05
justin06
justin07
justin08
justin09
justin10
justin101
justin11
justin12
justin123
justin1234
justin13
justin14
justin15
justin16
justin17
justin18
justin19
justin20
justin2000
justin21
justin22
justin23
justin24
justin25
justin26
justin69
justin77
justin88
justin89
justin94
justin95
justin96
justin97
justin98
justin99
justinbeiber
justinbieb
justinbieber
justinbieber1
justinbieber123
justincase
justindrewbieber
justine1
justine123
justine9
justintime
justjack
justkidding
justlooking
justlove
justme123
justmine
justsmile
justyna1
justynka
juve1897
juve4ever
juvenile
juventino
juventus
juventus1
juventus10
juventus1897
juvis1234
juyuan2012
jvaurtq542
jya0pdc895
jyq20giz9p
jza90supra
k0keoi5puo
k1234567
k12345678
k123456789
k1k2k3k4
k1k2k3k4k5
k1ngk0ng
k43a5vztox
k47rizxt2g
k4hvdq9tj9
k5f8vyt7qd
k5u1wgq1aq
k7777777
k8wzq49dph
k99k7kljva
k9g2xpce1e
ka123456
ka86ye4nte
ka_djkhjsy6
kabouter
kacamata
kaciukas
kacper11
kacper12
kacper123
kacperek
kacperek1
kaczorek
kaczuszka
kadiatou
kadir123
kagamine
kagandahan
kahitano
kahraman
kaibigan
kaikaikai
kain123456
kaiser12
kaiser123
kaitlin1
kaitlyn1
kaitlynn
kaitokid
kaka1234
kaka12345
kaka123456
kakakaka
kakalaka
kakamaka
kakapipi
kakaroto
kakarott
kakarotto
kakashi1
kakashi12
kakashi123
kakashka
kakikukeko
kakka123
kaktus123
kaktusas
kalafior
kalahari
kalaivani
kalakala
kalakutas
kalamata
kalamazoo
kalambur
kalashnikopf
kalashnikov
kaleb123
kaleigh1
kalendar
kalender
kalhonaho
kaliber44
kalifornia
kaligula
kalikali
kalimantan
kalimdor
kalimera
kalimero
kalinina
kaliningrad
kalle123
kalleanka
kalleanka1
kalleballe
kallekalle
kalokohan
kamakama
kamakazi
kamakura
kamal123
kamandag
kamasutra
kamasutra1
kamatayan
kambing1
kamehame
kamehameha
kamekame
kameleon
kamenrider
kameron1
kamikadze
kamikami
kamikase
kamikaze
kamikaze1
kamikazee
kamikazi
kamil123
kamil1234
kamila123
kamilek1
kamilek123
kamilka1
kaminari
kamisama
kamloops
kammoula
kamongumi
kampioen
kamran123
kanagawa
kanakana
kanarya1907
kanazawa
kanchana
kandinsky
kanekane
kangar00
kangaroo
kangaroo1
kangaroos
kangkang
kangkong
kangourou
kaninchen
kanishka
kanjani8
kankalar
kanker123
kansascity
kantutan
kanyewest
kapamilya
kappa123
karabela
karachi1
karachi123
karadeniz
karadut-
karaganda
karakara
karakartal
karakter
karambol
karamelka
karan123
karandash
karanfil
karaoke1
karate11
karate12
karate123
karatedo
karateka
karatekid
karawang
kardelen
kardinal
karebear
karekano
karen123
karencita
karenina
karikari
karim123
karina01
karina11
karina12
karina123
karina333
karishma
karla123
karlchen
karlheinz
karlkani
karlmarx
karlsruhe
karlsson
karma123
karnataka
karol123
karolcia
karolek1
karolina
karolina1
karolina12
karolina123
karoline
karolinka
karolinka1
kartal1903
karthick
karthika
kartofel
kartoffel
kartoshka
karukera
kas89a93
kasabian
kasachstan
kasandra
kashi650
kashmir1
kashmiri
kashmoney1
kasia123
kasienka
kasiunia
kasparov
kasper12
kasper123
kaspersky
kassandra
kassandra1
kassidy1
kastamonu
kaszanka
katalina
katamaran
katamari
katana123
katarina
katarina1
katarzyna
katarzyna1
katasandi
katastrofa
kate1234
katekate
katelyn1
katelynn
katelynn1
katemoss
katerina
katerina1
katerine
katerinka
katharina
katharina1
katharine
katherin
katherine
katherine1
kathleen
kathleen1
kathmandu
kathmandu1
kathrina
kathrine
kathryn1
kathy123
katiarti
katie123
katieann
katiebug
katiebug1
katiedog
katmandu
katowice
katrina1
katrina123
katya123
katya1991
katyakatya
katyperry
katze123
katzenklo
kaufmann
kaugummi
kavanagh
kawakami
kawamura
kawasaki
kawasaki1
kawasaki12
kawazaki
kayakaya
kayaking
kaydence
kaydenlee
kaykay123
kayla123
kaylee01
kaylee12
kaylee123
kayleigh
kayleigh1
kayseri38
kazakhstan
kazanova
kazantip
kazekage
kazoom2344
kazu0924
kazuhiko
kazuhiro
kazukazu
kazumasa
kazunari
kazunori
kazuyuki
kbgkbgkbg1
kbnthfnehf
kbumat6162
kcbdscmh45
kcchiefs
kcj9wx5n
kd141yidrw
kd189nlcih
kdwcnpa362
kebab123
keepitreal
keepout1
keepsmiling
keerthana
kehuydiet
keineahnung
keinplan
keith123
kelantan
kelloggs
kelly123
kelly1234
kellyann
kellykelly
kelsey11
kelsey12
kelsey123
keluarga
kelvin123
kemal123
kenan123
kendall1
kendrick
kendrick1
kengkeng
kenji123
kenkenken
kennedy1
kennedy123
kenneth1
kenneth12
kenneth123
kenneth2
kennwort
kennwort1
kenny123
kenpachi
kenseth17
kenshin1
kenshin123
kenshiro
kensington
kentarou
kentkent
kentucky
kentucky1
kenwood1
kenworth
kenworth1
kenyatta
kenzie14
keona1987
kepompong
kepth1717
kerberos
kerem123
keremm123
keren5345
kernel32
kerochan
kerokero
kerplunk
kerrang1
kerrigan
kerry123
kerstin1
ketamine
ketchup1
kettering
kevin007
kevin101
kevin111
kevin123
kevin1234
kevin12345
kevin1991
kevin1992
kevin1993
kevin1994
kevin1995
kevin1996
kevin1997
kevin1998
kevin2000
kevin2001
kevin2002
kevin777
kevinkevin
kevinlee
keyblade
keyblade1
keyboard
keyboard1
keychain
keylargo
keysersoze
keyshawn
keystone
keystone1
keywest1
kfcnjxrf
kfvgjxrf
kgh27ct6ay
khadijah
khaled123
khalid123
khan1234
khang123
khanh123
khanhlinh
khankhan
kharisma
khongbiet
khongcogi
khongnho
khongnoi
khongyeu
khuljasimsim
khunglong
khushboo
khvw116huu
kiara123
kickass1
kickass123
kickball
kickboxer
kickboxing
kickbutt
kickflip
kickflip1
kicksass
kidrock1
kids1234
kidskids
kidsrule
kiekeboe
kielbasa
kieran12
kieran123
kiersten
kifj9n7bfu
kikakika
kiki1234
kikikiki
kikilala
kikimora
kikiriki
kiko1234
kikokiko
kikoolol
kikoulol
kikumaru
kiler123
kilikili
kilimanjaro
kilkenny
kill1234
kill4fun
killa123
killabee
killacam
killbill
killbill1
killbill2
killemall
killemall1
killer00
killer007
killer01
killer06
killer07
killer08
killer09
killer10
killer100
killer101
killer11
killer111
killer112
killer12
killer123
killer1234
killer12345
killer13
killer14
killer15
killer16
killer17
killer18
killer187
killer19
killer1994
killer1997
killer20
killer2000
killer21
killer22
killer23
killer24
killer25
killer27
killer29
killer32
killer321
killer33
killer34
killer42
killer420
killer44
killer45
killer456
killer47
killer55
killer56
killer65
killer66
killer666
killer69
killer77
killer777
killer78
killer87
killer88
killer89
killer90
killer91
killer911
killer92
killer93
killer94
killer95
killer96
killer97
killer98
killer99
killer999
killerbee
killerbees
killerboy
killerkiller
killerking
killerloop
killerman
killerman1
killerpilze
killers1
killers123
killersmil
killerwhale
killian1
killing1
killingspree
killjoy1
killkenny
killkill
killkill1
killkillkill
killme12
killme123
killmenow
killshot
killswitch
killthem
killthemall
killyou1
killzone
killzone1
killzone2
killzone3
kilogram
kilokilo
kim12345
kimba123
kimbas13
kimber45
kimberlee
kimberley
kimberley1
kimberly
kimberly1
kimberly12
kimerald
kimhyunjoong
kimikimi
kimimaro
kimkibum
kimkim123
kimkimkim
kimmy123
kimokimo
kimpossible
kimsangbum
kinder123
kinderen
kindergarten
kindness
king1234
king12345
king123456
king2000
king7499
kingarthur
kingcobra
kingdavid
kingdom1
kingdom12
kingdom123
kingdom2
kingdom7
kingdomheart
kingdomhearts
kingdomhearts2
kingdoms
kingfish
kingfisher
kingjames
kingjames23
kingkhan
kingkiller
kingking
kingking1
kingkong
kingkong1
kingkong12
kingkong123
kingkong2
kinglion
kinglove
kingmaker
kingofking
kingofkings
kingofpop
kingpin1
kings123
kingshit
kingsize
kingsley
kingster
kingston
kingston1
kingstone
kingsway
kingswood
kingtiger
kinkikids
kinokino
kinomoto
kinshasa
kira1234
kirakira
kiran123
kirankumar
kirayamato
kirby123
kirikiri
kirill11
kirill12
kirill123
kirill12345
kirill1990
kirill1996
kirill1997
kirill1998
kirill1999
kirill2000
kirill2001
kirill2002
kirill2003
kirill98
kirill99
kirkland
kirkwood
kirsten1
kisakisa
kisaragi
kiss1234
kissa123
kissable
kissarmy
kisscool
kisses12
kisses123
kisses4u
kisskiss
kisskiss1
kisslove
kissme12
kissme123
kissme22
kissmebaby
kissmenow
kissmoko
kissmyass
kissmyass1
kissmyass2
kissthis
kitagawa
kitakita
kitamura
kitchen1
kitchens
kitesurf
kitkat11
kitkat12
kitkat123
kitsune1
kitten01
kitten10
kitten11
kitten12
kitten123
kitten13
kitten22
kitten69
kittens1
kittens123
kittens2
kitties1
kitty101
kitty123
kitty1234
kitty666
kittycat
kittycat1
kittycat12
kittycat123
kittycat2
kittycats
kittygirl
kittyhawk
kittykat
kittykat1
kittykitty
kittylove
kiwikiwi
kiyokiyo
kj7gt65f
kjhgfdsa
kjkszpj1
kjkszpj123
kjrjvjnbd
kjsa71k92mss
kk123456
kkkkkkkk
kkkkkkkkk
kkkkkkkkkk
kl098709
kl123456
kl6lw9h565
klaipeda
klapaucius
klapaucius1
klarinet
klaudia1
klaus123
klawiatura
kleb7rh924
kleeblatt
kleopatra
klettern
klimenko
klingon1
klklklkl
klobalis
klokloklo
klondike
klootzak
klopapier
klopklop
klp9a9jt5f
klubnika
kluivert
km123456
km1gg4a584
kmzwa88saa
kmzwa8awaa
kmzway87aa
knickers
knicks33
knight01
knight11
knight12
knight123
knight13
knightmare
knightrider
knights1
knitting
knockers
knockknock
knockout
knopka123
knopo4ka
knopochka
knowledge
knowledge1
knoxville
knuckles
knuckles1
knuddels
ko7vng4962
koala123
koalabear
kobakoba
kobayashi
kobayasi
kobebryant
kobebryant24
kobekobe
kochamcie
kochamcie1
kochanie
kochanie1
kodabear
kodaira523
koelkast
koenigsegg
koenllb433
kohinoor
kojikoji
kojkhjhjk78
kokakola
kokakola1
koki1992
kokikoki
koko1234
kokoko123
kokokoko
kokolino
kokoloko
kokololo
kokopelli
kokororo
kokos123
kokosnuss
kokot123
kokotina
kokowawa
kol561788
kol5u9lk6i
kolakola
kolawole
kolejorz
kolkata123
kollegah
kolokolo
kolovrat
komal123
komandir14
komandos
komarova
komekome
komltptfcorp
kompjuter
komputer
komputer1
komputer12
komputer123
konakona
konfetka
kongkong
konichiwa
konijntje
konnichiwa
konrad12
konrad123
konstantin
kontol123
kool1234
koolaid1
kooldude
koolkat1
koolkid1
koolkool
koolsavas
kopa1961
kopernik
kopretina
korea123
korn1234
kornelia
kornkorn
korokoro
korokozabr
koroleva
korosuke
koshechka
kosova12
kosova123
kostenlos
kostroma
kostya123
koteczek
koteczek1
kotek123
kotobuki
kottayam
kournikova
kourtney
koutarou
kovalenko
kowal123
kowalski
kozak123
kp144vzful
kp9v1ro7lh
kpz1fu92za
kr353oits
kr6sjhs412
kraftwerk
krakatoa
kralbenim
krasav4ik
krasavica
krasnodar
krasotka
kreditka
kriminal
kris1234
krish123
krishana
krishna1
krishna123
krishnaa
krishnan
kristall
kristel1
kristen1
kristian
kristian1
kristie1
kristijan
kristin1
kristina
kristina1
kristina12
kristina123
kristine
kristine1
kristinka
kristofer
kristoffer
kristopher
kroatien
krokodil
krokodyl
krombacher
krowa123
krypton1
kryptonite
krystal1
krystian
krystian1
krystina
krystyna
krzysiek
krzysiek1
krzysiek12
krzysiu1
krzysztof
ks7solj7
ksh21788
ksuhav2010
ksusha2896abc
ktnj2010
ktybyuhfl
kuba1234
kuba12345
kuba2000
kuba2001
kuba2002
kubakuba
kubus123
kucing123
kucingku
kukareku
kuken123
kukukuku
kukuruku
kukuruza
kukushka
kula5500
kulangot
kulkarni
kumakuma
kumamoto
kumar123
kumar1989
kumikumi
kunal123
kundalini
kungfupanda
kunikuni
kuningan
kunoichi
kuntilanak
kupa1234
kupakupa
kupukupu
kurac123
kurakura
kurapika
kurczak1
kurdistan
kurgan71
kurikuri
kurniawan
kurochan
kurogane
kurokuro
kuroneko
kurosaki
kurosawa
kuroshitsuji
kurtcobain
kurtkurt
kurukuru
kurwa123
kurwamac
kurwamac1
kusanagi
kutas123
kvartira
kvartira001
kw4c8x5uaj
kwiatek1
kwiatuszek
kxb585fevo
kyle1234
kylekyle
kylie123
kyokushin
kyoshiro
kyousuke
kyung123
l0ckd0wn
l0g1t3ch
l0gitech
l0ll0ll0l
l0llip0p
l0llipearl3
l0vel0ve
l1234567
l12345678
l123456789
l1l2l3l4
l1nk3d1n
l1o2v3e4
l1qoh9wq2u
l1v3rp00l
l1verp00l
l1verpool
l27nsl7plj
l2guy4p7dh
l2he9tt4pl
l2t5bq8cju
l33hjsduf
l33th4x0r
l33tsupa
l33tsupah4x0r
l3xo78vjut
l58jkdjp!m
l6fmujiyd
l6ho3tg7wb
l6ud1tb693
l@f0vrnwa0myu
laaa1234
laaa3333
labas123
labirint
laboratorio
laboratory
labrador
labrador1
labtec123
labyrinth
lacey123
lachance
lachelle
lachesis
lachlan1
lacoste1
lacrimosa
lacrosse
lacrosse1
lacrosse12
lada2107
ladder49
ladiesman
ladiesman217
ladislav
lady1234
ladybird
ladybird1
ladyblue
ladybug1
ladybug11
ladybug12
ladybug123
ladybug2
ladybug3
ladybug7
ladybugs
ladygaga
ladygaga1
ladygaga123
ladygirl
ladyhawk
ladyinred
ladyjane
ladykiller
ladylady
ladylove
ladyluck
ladypink
laetitia
laezcf8934
lafamilia
lafamille
lafayette
laffytaffy
lafouine
lafrance
lagartija
lagrange
lagrimas
lagunasc
lagwagon
lahore123
lai130515
laila123
laithethang
lakehouse
lakeisha
lakeland
lakers01
lakers08
lakers09
lakers10
lakers11
lakers12
lakers123
lakers13
lakers21
lakers22
lakers23
lakers24
lakers32
lakers34
lakeshore
lakeside
laketahoe
lakeview
lakewood
lakewood1
lakilaki
lakoliamoo
lakshman
lakshmi1
lala1234
lala12345
lalakers
lalakers1
lalala11
lalala12
lalala123
lalala99
lalalala
lalalala1
lalalalala
lalaland
lalaland1
laleczka
lalilulelo
lalka123
lalolalo
lamalama
lambchop
lambert1
lambo123
lambofgod
lambofgod1
lamborghini
lamborghini1
lamborgini
lambretta
lambretta1
lamer123
lamination
lamongan
lampa123
lampadina
lampard08
lampard1
lampard123
lampard8
lamppost
lampshade
lampshade1
lanalana
lanalang
lancaster
lancaster1
lance123
lancelot
lancelot1
lancer123
lancerevo
lanciano
landcruiser
landlord
landmark
landrover
landrover1
landscape
landser88
lanfeust
langford
langjunlei
langkawi
langlang
langston
langthang
language
lanhlung
lanhuong
lanparty
lansing1
lanzarote
laopo520
laopo521
lapdance
lapierre
lapochka
lapointe
laptop12
laptop123
laptop21
laracroft
laracroft1
laralara
larasati
larcenciel
larissa1
larissa123
larkspur
larochelle
larousse
larry123
larrybird
larryboy
larsson1
larsson7
laser123
laserjet
laska123
lasombra
lasosoloio
laspalmas
lasse123
lassmichrein
lastchance
lastchaos
lastkiss
lasto4ka
lastochka
lastresort
lastride
lasttime
lasvegas
lasvegas0123
lasvegas1
lateralus
latforum
latinlover
latinoheat
latitude
latrice1
laughing
laughter
laura123
laura1234
lauralaura
lauralee
lauren01
lauren06
lauren07
lauren08
lauren10
lauren11
lauren12
lauren123
lauren13
lauren14
lauren15
lauren16
lauren17
lauren18
lauren2000
lauren21
lauren22
lauren23
lauren98
lauren99
laurence
laurence1
laurent1
laurente
laurentiu
lauretta
laurette
lauriane
laurinha
lausanne
lavalamp
lavalamp1
lavander
lavender
lavender1
lavezzi7
lavidaloca
lavieestbelle
lawnmower
lawrence
lawrence1
lawschool
lax4life
laxamana
layla123
lazarus1
lazio1900
lb82eon2ne
lbfyjxrf
lbhtrnjh
lbvflbvf
lc123456
lc519qlpuu
lctstens
lcv7bry1cf
ldpdha882c
leader123
leadership
leagueoflegends
leamarie
leandro1
leandro123
leanne123
leapfrog
learning
leather1
leavemealo
leavemealone
lebanon1
lebedeva
lebesgue
lebowski
lebron23
lebronjame
lebronjames
lebronjames23
leckmich
lectures
leducnam
ledzeppelin
lee12345
leeds123
leedsunited
leedsunited1
leedsutd
leedsutd1
leelee12
leelee123
leeminho
leeminho1
leeminhoo
leet1337
lefebvre
left4dead
left4dead2
leftbehind
lefthand
legalize
legend01
legend12
legend123
legenda1
legendary
legendary1
legendas
legendkiller
legends1
legia123
legia1916
legion88
legioner
lego1234
legocity
legoland
legoland1
legolas1
legolas12
legolas123
legolas2
legolego
legoman1
legostarwars
leicester
leicester1
leigh123
leighann
leighanne
leighton
leighton1
leila123
leilani1
leiseiwe87
lekkerding
lelelele
lelouch1
lelya1993
lemieux66
lemmings
lemon123
lemonade
lemonade1
lemondrop
lemonhead
lemonlime
lemonpie
lemons12
lemons123
lemontea
lemontree
lena1234
lena2010
lenalena
lengleng
leningrad
lenny123
lenochka
lenovo123
leo12345
leo123456
leoleo123
leoleoleo
leomessi
leomessi10
leon1234
leon2503
leonard0
leonard1
leonarda
leonardo
leonardo1
leonardo10
leonardo12
leonardo123
leoncino
leoncito
leonel123
leonessa
leonhart
leonheart
leonidas
leonidas1
leonleon
leonnayr25
leopard1
leopard2
leopardo
leopards
leopold1
leopoldo
leothelion
leozinho
leprechaun
lera2000
lera2001
lera2002
leralera
lerkalerka16
lerochka
lerolero
leroy123
lesbian1
lesbians
leslie01
leslie12
leslie123
lespaul1
lessthan3
lester123
leticia1
leticia123
letmein!
letmein0
letmein01
letmein1
letmein11
letmein12
letmein123
letmein2
letmein22
letmein3
letmein69
letmein7
letmein9
letmein99
letmeinnow
letmeout
letmepass
letmesee
leto2010
letsdance
letsdoit
letsdoit123
letsfuck
letsplay
letsrock
letterbox
letterboxing
letters1
leverkusen
levesque
leviatan
leviathan
levis501
leviticus
levski1914
lewis123
lexalexa
lexie123
lexington
lexmark1
lexmark123
lexor123
lexus123
lexus300
lexusis300
lexx2944
lf3fo3b4fw
lfc4ever
lfc4life
lff888888
lfiekmrf
lfitymrf
lfplhfgthvf
lgthegreat
lhbjkjubz2957704
lhc72zad4i
lhdepql623
li123456
li7ghszopf
li9z94ucyu
liaisons
liam1234
liamliam
liampayne
liang123
liangliang
liarliar
libby123
libellule
libelula
liberate
liberation
liberdade
libertad
libertas
libertin
libertine
libertine1
liberty1
liberty123
liberty2
liberty7
libra123
librarian
library1
lichking
lickme69
licorice
liebherr
liebling
liekfu313
lietuvis
lieutenant
life1234
lifeboat
lifegoeson
lifeguard
lifehouse
lifeisgood
lifeislife
lifeless
lifelife
lifeline
liferocks
lifesaver
lifesgood
lifestyle
lifesuck
lifesucks
lifesucks1
lifetime
lifetime1
light123
light168
lightblue
lightbulb
lightbulb1
lightening
lighter1
lightfoot
lighthouse
lighthouse1
lightimes
lighting
lightnin
lightning
lightning1
lightning129
lightsaber
lightsaber1
lightspeed
lightyear
lihui1022
likeaboss
likelike
likemike
likewhoa
lilalila
lilangel
lilbitch
lilchris
lildevil
lili1234
lili5678
liliana1
lilianna
lilibeth
lililili
lilirose
lillebror
lilleman
lillian1
lilliana
lilliput
lilly123
lillypad
lilmama1
lilmama12
lilmama123
lilman123
lilmomma
lilolilo
lilromeo
lilsaint
lilwayne
lilwayne1
lilwayne12
lilwayne123
lily1234
lilylily
lilyrose
limabean
limalima
limaperu
limegreen
limegreen1
limelight
limerick
limestone
limewire
limewire1
limited1
limonada
limonade
limousine
limpbizkit
lin12345
lin123456
lin456321
linalina
lincogo1
lincogoa1
lincoln1
linda0511
linda123
lindalinda
lindberg
lindemann
lindinha
lindo123
lindros88
lindsay1
lindsey1
lineage1
lineage2
linebacker
linegie987
linfield
lingerie
lingling
linhlinh
linhtinh
linjiang
link07232011
link1234
link123456
linkbuild1
linkbuilding
linkbuilding01
linkedin
linkedin1
linkedin123
linkedin2011
linkin12
linkin123
linkinpark
linkinpark1
linkinpark123
linklink
links123
links2323a
links234
linksys1
linkwork1
linus123
linux123
lion1234
lion12345
lionelmessi
lionelmessi10
lionhart
lionheart
lionheart1
lionking
lionking1
lionlion
lions123
lipgloss
lipgloss1
lipstick
lipstick1
lisa1234
lisalisa
lisamarie
lisandro
lisbon67
liselotte
lissette
listopad
literacy
literatura
literature
lithium1
lithuania
litterbox
little12
little123
littleangel
littlebear
littlebit
littlebit1
littleboy
littledevil
littledog
littlefoot
littlegirl
littleguy
littlejoe
littlejohn
littlelady
littleman
littleman1
littlemiss
littleone
littlered
littlerock
littlestar
littlewing
liu123456
liudu88888
liuyifei
live2die
live2love
live2ride
live4ever
live4god
live4him
live4life
live4love
liveforever
livefree
liveincha0s
livelaughlove
livelife
livelife1
livelong
livelove
livelovelaugh
liverp00l
liverpol
liverpoo
liverpool
liverpool0
liverpool01
liverpool05
liverpool07
liverpool08
liverpool09
liverpool1
liverpool10
liverpool11
liverpool12
liverpool123
liverpool13
liverpool1892
liverpool2
liverpool21
liverpool23
liverpool3
liverpool4
liverpool5
liverpool6
liverpool7
liverpool8
liverpool9
liverpool99
liverpoolfc
liverpoolfc1
livestrong
livewire
liveyourlife
livingston
liza2000
liza2001
liza2002
liza2003
liza2005
lizabeth
lizaliza
lizard12
lizard123
lizardking
lizaveta
lizottes
lizzard1
lizzie12
lizzie123
lizzy123
lj123456
lj352d1ib31
ljames23
ljfsg171rv
ljhjattd
ljubezen
ljubljana
ljxtymrf
lk123456
lkj65b6666
lkjhgfds
lkjhgfdsa
lkjhgfdsa1
ll123456
llabtoof
llama123
llewellyn
llllllll
lllllllll
llllllllll
lloyd123
lloydbanks
lm292979
lmaolmao
lmfao123
lmnop123
lo10499ve
lo9ctk82w7
loading1
lobolobo
lobster1
lobsters
localadmin
localoca
location
lochness
lockdown
lockdown1
lockhart
lockheart
lockheed
locklock
locksmith
lockwood
loco1234
locoloco
locomotion
locomotive
locoroco
loesek428
logan123
logcabin
logical1
login123
logistics
logistik
logitech
logitech1
logitech12
logitech123
logitech2
logitechg15
loirinha
loislane
lokaloka
loki1234
lokijuhy
lokiloki
lokoloko
lokoloko1
lokomoko
lokomotiv
lokomotiva
lokomotive
lokomotywa
lol123123
lol123321
lol12345
lol123456
lol1234567
lol123456789
lol123lol
lol123lol123
lol1lol1
lol1lol2
lol4ever
lola1234
lola4lola
lolalola
lolalola1
lolas123
lolazo123
lolbroek
lolcakes
lolcats1
lolcats123
loldongs
loleczek
lolek123
lolek1234
lolek321
loler123
lolik123
loliloli
lolipop0
lolipop00
lolipop1
lolipop12
lolipop123
lolipop2
lolipops
lolita12
lolita123
lolka123
lollakas
lolled123
loller123
lolliepop
lollip0p
lollipop
lollipop0
lollipop1
lollipop12
lollipop123
lollipop2
lollipop9
lollipops
lollo123
lollol11
lollol12
lollol123
lollol22
lollollol
lollollol1
lollollol123
lollollollol
lolly123
lollypop
lollypop1
lollypop12
lollypop123
lollypops
lolman12
lolman123
lolmaster
lolnoob1
lolo1234
lolo12345
lolol123
lololo123
lololol1
lolololo
lolololol
lololololo
lololoshka
lololowka
lolomg123
lolopopo
lolowned
lolpassword
lolpop123
lolsmileyface
loltroll
lolwtf123
lolwut123
lolxd123
lolxdlol
lolz1234
lolzlolz
lombardi
lombardo
london00
london01
london05
london06
london07
london08
london09
london10
london11
london12
london123
london1234
london13
london15
london1997
london20
london2008
london2009
london2010
london2012
london21
london22
london23
london24
london44
london55
london66
london77
london88
london99
londoner
londonuk
loneliness
lonelyboy
lonelygirl
lonesome
lonestar
lonestar1
lonewolf
lonewolf1
long1234
long123456
longbeach
longbeach1
longboard
longdick
longdong
longfellow
longhair
longhorn
longhorn1
longhorns
longhorns1
longinus
longisland
longjohn
longlegs
longlife
longlive
longlong
longshot
longsword
longtime
longview
longwood
lonmemay
lonsdale
lonsdale1
lookatme
looking1
looking4
looklook
lookout1
looneytunes
loop0917ssdsff
loop1206ssdsff
loop1207b
loophole
looploop
loopyloo
loosee123
looser123
lopas123
lopes123
lopez123
loploplop
loquendo
loquesea
loquillo
lord1234
lordjesus
lordlord
lordoftherings
lordshiva
lordvader
loredana
lorena12
lorena123
lorencia
lorenita
lorenzo1
lorenzo123
lorenzo99
loretta1
lorraine
lorraine1
losangeles
losdeabajo
losenord
loser101
loser123
loser1234
loser7771
loserface
loserkid
loserloser
losetime577
lospiojos
lost1234
lost4815162342
lostboys
lostlost
lostlove
lostplanet
lostprophets
lostsoul
lostworld
lothlorien
lottery1
lottie123
lotus123
lotuselise
lotusnotes
louie123
louis123
louise01
louise10
louise11
louise12
louise123
louise13
louise14
louise21
louise22
louise23
louisiana
louisiana1
louisville
louisvuitton
loulette
loulou01
loulou11
loulou12
loulou123
loulou13
loulou22
loulou69
louloulou
louloute
louloutte
lourdes1
lourenco
lovable1
love0000
love1004
love1010
love1111
love1122
love1212
love1234
love12345
love123456
love123456789
love1314
love1314520
love1314a
love1980
love1982
love1984
love1985
love1986
love1987
love1988
love1989
love1990
love1991
love1992
love1993
love1994
love1995
love1996
love1997
love1998
love1999
love2000
love2001
love2002
love2003
love2004
love2005
love2006
love2007
love2008
love2009
love2010
love2011
love2012
love2013
love2dance
love2hate
love2live
love2love
love2read
love2shop
love2you
love4all
love4eva
love4ever
love4god
love4life
love4love
love4you
love5201314
love5683
love6969
love7777
loveable
loveable1
loveallah
lovealways
loveandhate
loveandpeace
loveangel
lovebaby
lovebear
lovebird
lovebirds
lovebites
loveboat
lovebug1
lovebug12
lovebug123
lovebug2
lovebugs
lovebunny
lovecats
lovechild
lovecraft
lovedance
lovedetoi
lovedogs
lovedove
lovefamily
lovefashion
lovefool
loveforeve
loveforever
lovegame
lovegames
lovegirl
lovegod1
lovegood
loveguru
lovehate
lovehate1
loveheart
lovehim1
lovehina
lovehina1
lovehurt
lovehurts
lovehurts1
loveindia
loveisall
loveisblind
loveisgod
loveisgood
loveisintheair
loveislife
loveislove
loveispain
lovejesus
lovejones
lovejoy1
lovekids
lovekills
lovekiss
lovekita
lovekoto
lovelace
loveland
loveless
loveless1
loveletter
lovelife
lovelife1
loveline
lovelisa
lovelive
lovelost
lovelove
lovelove1
lovelove12
lovelove123
lovelove2
lovelovelove
lovely01
lovely09
lovely10
lovely11
lovely12
lovely123
lovely13
lovely14
lovely16
lovely18
lovely21
lovely22
lovely23
lovelyboy
lovelyday
lovelygirl
lovelylady
lovelyme
lovemama
loveme01
loveme08
loveme09
loveme10
loveme101
loveme11
loveme12
loveme123
loveme1234
loveme13
loveme14
loveme143
loveme21
loveme22
loveme23
loveme24
loveme4ever
loveme4me
loveme69
loveme99
lovemebaby
lovemedo
lovemenot
lovemenow
lovemetal
lovemike
lovemom1
lovemommy
lovemoney
lovemonkey
lovemusic
lovemykids
lovemylife
lovemyself
loveofmylife
lovepeace
lovepink
lovepussy
lover101
lover123
lover1234
loverboi
loverboy
loverboy1
loverboy12
lovergirl
lovergirl1
lovergurl
loverman
loverock
loverose
lovers11
lovers12
lovers123
lovers143
lovers69
loves123
lovesexy
lovesick
lovesong
lovespell
lovestar
lovestinks
lovestory
lovestory1
lovestruck
lovesuck
lovesucks
lovesucks1
lovesyou
loveteam
loveu123
loveu4ever
loveuall
loveumom
loveydovey
loveyou1
loveyou11
loveyou12
loveyou123
loveyou13
loveyou1314
loveyou2
loveyou22
loveyou3
loveyou4ever
loveyou7
loveyoubaby
loveyouforever
lovezp1314
loving123
lovingit
lovinglife
lovingly
lovingme
lovingyou
lovingyou1
lovinlife
lowrider
lowrider1
loxpider
loyalty1
lozinka1
lp123456
lp2568cskt
lppnldtzx
lpz93kqw8q
lpz93ssskqw8q
lqb88ces6g
lqfg4hwt
ls02371228
ls123456
lsia9dnb9y
lsutigers
lsutigers1
lthgfhjkm
ltybc123
lu123456
luana123
luansantana
lubieplacki
luca1234
lucaluca
lucario1
lucas007
lucas100
lucas123
lucas1234
lucas12345
lucas123456
lucas123456789
lucas157
lucas1994
lucas1996
lucas1997
lucas1998
lucas2000
lucas2002
lucas2003
lucas2008
lucas2009
lucas2010
lucaslucas
lucatoni
lucerito
lucia123
luciana1
luciano1
lucienne
lucifer1
lucifer6
lucifer666
lucifero
lucille1
lucinda1
lucky007
lucky100
lucky101
lucky111
lucky123
lucky1234
lucky666
lucky777
lucky888
lucky999
luckyboy
luckycat
luckycharm
luckycharms
luckyday
luckydog
luckydog1
luckyduck
luckygirl
luckylady
luckylucky
luckyluke
luckyman
luckyme1
luckyone
luckystar
luckystrike
luckyyou
lucozade
lucozade1
lucrecia
lucretia
lucrezia
lucy1234
lucybell
lucydog1
lucygirl
lucylucy
ludacris
ludacris1
ludhiana
ludivine
ludmilla
ludovica
ludovico
lufthansa
luftwaffe
luge789514
luigi123
luis1234
luis12345
luis123456
luisalberto
luisangel
luiscarlos
luisfelipe
luisfigo
luisluis
luismiguel
lukaluka
lukas123
lukasz12
lukasz123
lukaszek
luke1234
lukeluke
lukinhas
lulu1234
lulu889jdddd
lulubell
lulubelle
lulululu
luluzinha
lumberjack
luminita
luminous
luna1234
luna2000
luna2008
lunallena
lunaluna
lunamoon
lunarossa
lunatic1
lunatica
lunchbox
lunchbox1
lunettes
lupalagi
lupalupa
luquinhas
luscious
luseiw574
lutheran
lutscher
luv2dance
luv2shop
luv4ever
luv4life
luvu4ever
lv80066368
lvbnhbq1
lwf1681688
lwf1681988
lwf1988688
lxf4zo1797
lxfn3bg952
lxlu4l5u9s
ly123456
ly8xzt1z4w
lyce9rpani
lydcc20091314
lydia123
lyh520ni
lyndsey1
lynette1
lynnette
lynnlynn
lyonnais
lysander
lytwa813ib
lyudmila
lz110110
lzhan16889
lzhan1689
lzz100200
m00nlight
m0n0p0ly
m0t0r0la
m1234567
m12345678
m123456789
m1234567890
m123456m
m1996m2928443
m1ch3ll3
m1chelle
m1cr0s0ft
m1dn1ght
m1garand
m1i2k3e4
m1m1m1m1
m1m2m3m4
m1m2m3m4m5
m1n2b3v4
m2g7u6o397
m3k8m3k8
m3tallica
m4a1ak47
m4carbine
m7777777
m8913001
m9fccfb795
ma123456
ma5m2ae8
maasikas
mabinogi
mac123456
macaco123
macarena
macarong
macaroni
macaroni1
macarrao
macattack
macbeth1
macbook1
macbookpro
macchina
macdaddy
macdaddy1
macdonald
macedonia
macgregor
macgyver
macherie
machine1
machinegun
machinehead
machines
machines1
machoman
machupichu
maciek11
maciek12
maciek123
macilaci
macintosh
macintosh1
mackdaddy
mackenzie
mackenzie1
mackmack
maclaren
macromedia
macross1
macross7
madafaka
madafaka1
madagascar
madagaskar
madalena
madalina
madapaka
madara123
madarchod
maddalena
madden06
madden07
madden08
madden09
madden10
madden11
madden12
maddie01
maddie10
maddie11
maddie12
maddie123
maddison
maddison1
maddog123
maddog2020
maddux31
maddy123
madeinchina
madelaine
madeleine
madeleine1
madeline
madeline1
madelyn1
madelynn
mademoiselle
madhatter
madhavan
madhouse
madhu123
madinina
madinina972
madison01
madison02
madison03
madison04
madison05
madison06
madison07
madison08
madison09
madison1
madison10
madison11
madison12
madison123
madison13
madison2
madison22
madison3
madison4
madison5
madison6
madison7
madison8
madison9
madison99
madman12
madman123
madmax12
madmax123
madness1
madness7
madonna1
madrid10
madrid123
madridista
madrigal
madworld
maelstrom
maestro1
maeteamo
mafamille
mafia123
mafiawars
magalhaes
magaling
magallanes
magalona
maganda1
magandaako
magandaako1
magandako
magazine
magbanua
magda123
magdalena
magdalena1
magdalene
magdeburg
mage1991
magelang
magellan
magenta1
maggie00
maggie01
maggie02
maggie03
maggie05
maggie06
maggie07
maggie08
maggie09
maggie10
maggie11
maggie12
maggie123
maggie13
maggie14
maggie16
maggie21
maggie22
maggie23
maggie24
maggie33
maggie77
maggie88
maggie99
maggiedog
maggiemae
maggiemay
maggiemay1
maggiemoo
maggot666
magic101
magic123
magic1234
magic666
magical1
magicaroma
magician
magician1
magicien
magicmagic
magicman
magicman1
magicworld1
magister
magnavox
magnesium
magnetic
magnificent
magnifico
magnolia
magnolia1
magnum12
magnum123
magnum357
magnum44
magnus123
magodeoz
magpies1
magritte
mahadewi
mahal143
mahalakshmi
mahalaxmi
mahalcoh
mahalkita
mahalkita1
mahalkita143
mahalkita2
mahalko1
mahalkoh
mahalkoh1
mahalnamah
mahalqoh
mahanzhong
maharaja
maharani
maharlika
mahaveer
mahendra
mahesh123
maheswari
mahimahi
mahindra
mahogany
mai03qor16
maiden666
maihuong
mail1234
mailbox1
mailinator2009
mailkuliev
mailmail
mailman1
maimaiyeuem
maimouna
maimuta123
mainboard
mainframe
mainmain
mainstreet
maintain
maintenance
maio0767
maiphuong
maisarah
maitreya
maiyeuanh
maiyeuem
maiyeuminhem
maiyeunguoi
majamaja
majeczka
majestic
majestic1
majestic12
majesty1
majinbuu
major123
makamaka
makarena
makaroni
makarova
makassar
makaveli
makaveli1
makaveli7
makavelli
makayla1
makbool1
makeawish
makedonija
makeitso
makelele
makelove
makemoney
makemoney1
makemyday
makenna1
makenzie
makenzie1
makeover
makermoney
makimaki
makingmoney
makomako
maks1234
maks12345
maks1995
maks1998
maks1999
maks2000
maks2001
maks2002
maks2003
maks2005
maks2010
maksim12
maksim123
maksim2002
maksim2425
maksimka
maksimus
maksmaks
makulit1
malachi1
malaguti
malaikat
malakai1
malakas1
malakian
malamute
malandro
malatya44
malavika
malayalam
malaysia
malaysia1
malboro1
malcolm1
malcolmx
maldini3
maldita1
malditah
maldives
maldonado
malgorzata
malgosia
malhotra
malik123
malik786
malika123
malinois
malishka
malkavian
malkin71
mallard1
mallorca
mallorca1
mallory1
mallrats
malmalmal
malmsteen
malteser
malwarebytes
mama0107415613
mama1111
mama1212
mama1234
mama12345
mama123456
mama123456789
mama1950
mama1960
mama1961
mama1963
mama1964
mama1965
mama1966
mama1970
mama1972
mama1973
mama1974
mama1975
mama1976
mama1977
mama1978
mama1979
mama1980
mama1981
mama1995
mama1996
mama1997
mama1998
mama1999
mama2000
mama2001
mama2002
mama2003
mama2004
mama2008
mama2009
mama2010
mama2011
mama2012
mamababa
mamabear
mamacita
mamadada
mamae123
mamaitata
mamaliga
mamalove
mamamama
mamamama1
mamamary
mamamia1
mamamia123
mamamija
mamamiya
maman123
mamancherie
mamanjetaime
mamanjtm
mamanpapa
mamapapa
mamapapa1
mamapapa12
mamapapa123
mamasboy
mamasgirl
mamasita
mamasita1
mamatata
mamatata1
mamateamo
mamaundpapa
mamaypapa
mamemame
mami1992
mamimami
mamipapi
mamma123
mammamamma
mammamia
mammamia1
mammapappa
mammoth1
mamochka
mamomamo
mamounette
mamusia1
man12345
man123456
management
manager1
manager123
manamana
manansala
manatee1
manbearpig
manchest
manchester
manchester1
manchester12
manchester123
manchester7
manchesterunited
manchild
manchita
manchitas
mancity1
mandalay
mandalina
mandarin
mandarina
mandarine
mandarinka
mandarino
mandingo
mandolin
mandragora
mandrake
mandy123
mandymoore
maneater
manfred1
manga123
mangalore
mangatraders
mangekyou
mango123
mangusta
manhater
manhattan
manhattan1
manhcuong
manhhung
manhtuan
mani1234
maniek12
maniek123
manifest
manikandan
manimani
maninblack
maninder
manisa45
manish123
manitoba
manju123
manjunath
manjusha
mankind1
manloloko
manman12
manman123
manmanman
mannheim
manning1
manning10
manning18
manny123
manocska
manofgod
manofsteel
manoj123
manojkumar
manojmanoj87
manolete
manolito
manolo123
manomano
manorama
manouche
manowar1
manpower
manpreet
mansfield
mansikka
manson666
mantap0101
mantap87654
mantaray
mantas123
manticore
manu1234
manu4eva
manu4ever
manu4life
manuchao
manuel01
manuel10
manuel11
manuel12
manuel123
manuel13
manuela1
manuelito
manuella
manumanu
manunited
manunited1
manunited7
manutd01
manutd07
manutd08
manutd09
manutd10
manutd11
manutd12
manutd123
manutd1999
manutd99
manutdfc
manwhore
manyakis
manzanita
maomao123
mapagmahal
mapet123
mapet123456
maple123
mapleleaf
mapleleafs
maplesea
maplestory
maplestory1
maplewood
mar0120mar
maracaibo
maracana
maracuja
maradona
maradona1
maradona10
marajade
marakana
maramara
maranata
maranatha
maranello
marasigan
marathon
marathon1
marauder
maravilha
maravilla
marazali
marbella
marbles1
marc1234
marcel01
marcel11
marcel12
marcel123
marcela1
marcelina
marcelinho
marcelino
marcelita
marcelka
marcella
marcella1
marcelle
marcello
marcellus
marcelo1
marcelo10
marcelo123
march123
marchand
marchewka
marching
marciano
marcin11
marcin12
marcin123
marcin13
marcinek
marcinek1
marcmarc
marco123
marco1234
marcoantonio
marcolino
marcomarco
marcopolo
marcopolo1
marcos10
marcos12
marcos123
marcus01
marcus10
marcus11
marcus12
marcus123
marcus13
marcus1988
marcus21
marcus22
marcus23
marcus99
mardigras
mardin47
mareczek
marek123
maremare
margaret
margaret1
margareta
margarete
margareth
margarette
margarida
margarita
margarita1
margera1
margherita
margosha
margotte
marguerite
mari1234
maria123
maria1234
maria12345
maria200
maria2000
mariachi
mariaclara
mariaeduarda
mariaelena
mariafernanda
mariagrazia
mariah12
mariah123
mariahcarey
mariajose
marialuisa
marialuiza
mariam123
mariamaria
marian12
marian123
mariana1
mariana12
mariana123
marianela
mariangela
marianita
marianna
marianna1
marianne
marianne1
mariano1
mariapia
mariarita
mariarosa
mariateresa
mariatkm
maribel1
maribeth
maricar1
maricarmen
maricel1
maricela
maricopac
maricris
marie123
marielaure
mariella
marielle
mariemarie
marietta
mariette
marigold
mariguana
marihuana
marihuana1
marijana
marijane
marijuana
marijuana1
marijuana420
marikina
marilena
marilene
marillion
marilyn1
marilynmanson
marimar1
marimari
marina01
marina10
marina11
marina12
marina123
marina13
marina2010
marina22
marina55
marina777
marina88
marine01
marine11
marine12
marine123
marine13
marinecorps
marinela
marinella
marinero
mariners
mariners1
marines1
marinette
marino13
mario007
mario123
mario1234
mario12345
mariobros
mariokart
marioluigi
marioman
mariomario
marion123
marionette
mariposa
mariposa1
mariposas
marisela
marishka
marisol1
marissa1
marissa123
maritess
maritime
maritza1
marius12
marius123
mariusz1
marivic1
mariwana
marjorie
marjorie1
mark1234
mark12345
mark123456
mark1998
mark_963
markangelo
markanthon
markanthony
marketing
marketing1
markjohn
markjoseph
marklester
markmark
marko123
markopolo
markpogi
marksman
markus12
markus123
markymark
marlb0r0
marlboro
marlboro1
marlena1
marlene1
marley01
marley10
marley11
marley12
marley123
marley420
marlins1
marlon123
marmaduke
marmalade
marmalade1
marmaris
marmaris48
marmelad
marmelada
marmelade
marmite1
marmolada
marmotta
marmotte
maroc2010
marocain
marocaine
maromaro
marosszeme5
marouane
marquette
marquez1
marquis1
marquise
marrakech
marriage
marriage1
married1
married2
marriott
mars1234
marsbar1
marsbars
marseill
marseillais
marseille
marseille1
marseille13
marsha11
marshal1
marshall
marshall1
marshmallow
marshmellow
marsmars
marsupilami
marsvolta
marta123
martello
martes13
martha123
martin01
martin06
martin08
martin09
martin10
martin11
martin12
martin123
martin1234
martin13
martin14
martin15
martin16
martin18
martin19
martin20
martin21
martin22
martin23
martin24
martin69
martin77
martin87
martin88
martin98
martin99
martina1
martina123
martine1
martinek
martines
martinez
martinez1
martinez123
martinha
martini1
martinique
martinka
martinko
martins1
martinus
martusia
martusia1
marty123
martyna1
martynas
martynka
maruchan
marumaru
maruyama
marvel123
marvellous
marvelous
marvin01
marvin11
marvin12
marvin123
mary1234
maryam123
maryann1
maryanne
marybeth
maryellen
marygrace
marygrace1
maryjane
maryjane1
maryjane420
maryjean
maryjoy1
marykate
maryland
maryland1
maryline
marymary
marypoppins
maryrose
maryrose1
marysia1
marzena1
marzipan
marzocchi
masafumi
masaharu
masahiko
masahiro
masakari
masakazu
masamasa
masamune
masamune1
masanori
masataka
masayuki
mascotte
maserati
mash4077
masha123
masha1998
mashamasha
mashenka
mashimaro
masina123
masinuta
masivers
maslo123
mason123
masquerade
massacre
massage1
masseffect
masseffect2
massilia
massimiliano
massimo1
massive1
masssitessd
master00
master001
master007
master01
master02
master04
master06
master07
master08
master09
master10
master100
master101
master11
master111
master117
master12
master123
master1234
master12345
master13
master14
master15
master16
master17
master18
master19
master20
master2000
master2005
master2006
master21
master22
master23
master24
master25
master27
master28
master32
master321
master33
master44
master45
master55
master555
master56
master66
master666
master69
master77
master777
master79
master85
master86
master87
master88
master89
master90
master92
master93
master99
master999
masterb8
masterbate
masterblaster
masterboy
mastercard
masterchef
mastercheif
masterchief
masterchief1
masterchief117
masterkey
masterkiller
masterking
masterman
mastermaster
mastermind
mastermind1
masterp1
masterpiece
masterplan
masterpogi
masters1
mastersword
masteryoda
masturbate
masuk123
masukaja
masya2023232
masyanya
mataclsea86
matador1
matahari
matahariku
matalino
matamata
matchbox
matchbox20
matematica
matematicas
matematik
matematika
matematyka
mateo123
materazzi
material
mateus12
mateus123
mateusz1
mateusz11
mateusz12
mateusz123
mateusz2
mateuszek
mateuszek1
math1234
mathematic
mathematics
mathematicszx3d56
matheus1
matheus10
matheus12
matheus123
mathew123
mathias1
mathias123
mathieu1
mathilda
mathilde
mati1234
matias12
matias123
matilda1
matisse1
matkhau1
matkhau123
matonline
matrimonio
matrix00
matrix007
matrix01
matrix10
matrix11
matrix12
matrix123
matrix13
matrix21
matrix22
matrix23
matrix666
matrix69
matrix77
matrix88
matrix99
matsumoto
matt1234
matt6288
matterhorn
matthardy
matthew0
matthew01
matthew02
matthew03
matthew04
matthew05
matthew06
matthew07
matthew08
matthew09
matthew1
matthew10
matthew11
matthew12
matthew123
matthew13
matthew14
matthew15
matthew16
matthew17
matthew18
matthew19
matthew2
matthew21
matthew22
matthew23
matthew24
matthew25
matthew3
matthew4
matthew5
matthew6
matthew7
matthew8
matthew9
matthew95
matthew97
matthew98
matthew99
matthews
matthews1
matthias
matthias1
matthieu
matthijs
mattingly
mattmatt
matttt24
matty123
matumoto
matveeva
maulwurf
maureen1
maurice1
mauricette
mauricio
mauricio1
mauritius
maurizio
mauro123
mausi123
mausilein
mausmaus
mautauaja
maver1ck
maverick
maverick1
maverick12
maverick123
maverick7
mavericks
mavericks1
max12345
max123456
max123456789
maxamillion
maxi1234
maxie123
maxiking
maxim123
maxim1935
maxim2002
maxim2005
maximaxi
maxime123
maximilian
maximilian1
maximiliano
maximilien
maximillian
maximillion
maximka12
maximum1
maximus1
maximus123
maximus2
maxmax11
maxmax12
maxmax123
maxmaxmax
maxmotives
maxpayne
maxpayne1
maxpayne2
maxpoeikl
maxpower
maxpower1
maxsteel
maxthecat
maxthedog
maxwell1
maxwell11
maxwell12
maxwell123
maxwell2
maxwell7
maya1234
mayamaya
maybelle
mayberry
mayfair1
mayfield
mayflower
maynard1
mayumayu
mazafaka
mazahaka
mazatlan
mazda123
mazda323
mazda323f
mazda626
mazdamx3
mazdamx5
mazdamx6
mazdarx7
mazdarx8
mazeltov
mazinger
mba2010p4
mc123456
mccarthy
mccartney
mccormick
mcdaniel
mcdonald
mcdonald1
mcdonalds
mcdonalds1
mcdonals
mcdowell
mcfadden
mcflurry!
mcfly123
mcgrady1
mcgregor
mchammer
mcintosh
mcintyre
mckenna1
mckenzie
mckenzie1
mckinley
mckinney
mcknight
mclaren1
mclarenf1
mclaughlin
mclovin1
mcmaster
mcmillan
mcpherson
mdoredma
mdxpaeikl
me123456
meaculpa
meandyou
meandyou1
meangirls
meatball
meatball1
meatballs
meathead
meathead1
meatloaf
meatloaf1
meatwad1
mecanica
mecanico
mechanic
mechanic1
mechanical
mechelle
mechwarrior
medalofhonor
medecine
medeiros
medellin
media123
mediacontact
mediapro
medical1
medicina
medicine
medicine1
medieval
medievil
medion12
medion123
meditate
meditation
mediterraneo
medvedev
medvidek
meenakshi
meepmeep
mega1234
megabass
megabyte
megadeath
megadeth
megadeth1
megalodon
megaman0
megaman1
megaman12
megaman123
megaman2
megaman3
megaman7
megaman8
megamanx
megamanx1
megamanx8
megamanzero
megamega
megamind
megan123
megan1234
meganfox
megaparol
megaparol12345
megapolis
megasecret
megastar
megatest
megatron
megatron1
megaware
megumegu
mehmet123
mehmetali
mehmetcan
meinschatz
meister1
meiyoumima
melancholy
melancia
melanie01
melanie1
melanie12
melanie123
melanie2
melapelas
melbourne
melbourne1
melchior
melek123
melendez
melgibson
melimelo
melinda1
melisa123
melissa01
melissa1
melissa10
melissa11
melissa12
melissa123
melissa13
melissa2
melissa21
melissa22
melissa23
melissa3
melissa5
melissa69
melissa7
melissa8
melissa9
mellissa
melocoton
melodies
melody12
melody123
melon123
melonhead
melrose1
meltdown
melusine
melville
melvin123
melzinha
membership
meme1234
mememe123
memememe
mementomori
memomemo
memorex1
memorial
memories
memories1
memphis1
memphis10
memyself
memyselfandi
memyselfi
mendieta
mendiola
mendoza1
mendoza123
meneketehe
menghuan
mengmeng
meninblack
meow1234
meowmeow
meowmeow1
meowmix1
mephisto
mercado1
mercator
mercedes
mercedes1
mercedes12
mercedes123
mercedes2
mercedesbenz
mercedez
mercenary
merchant
mercredi
mercurial
mercurio
mercury1
mercury7
mercutio
merda123
merdaccia
merdamerda
merdeka45
meredith
meredith1
merengue
meridian
meridian1
merijaan
merlin01
merlin10
merlin11
merlin12
merlin123
merlin13
merlin21
merlin22
merlin69
merlin99
mermaid1
mermaids
meromero
merrill1
mersedes
mersin33
mertmert
merve123
merveille
meshmesh
meshuggah
mesmer83
message1
messages
messenger
messenger1
messi100
messi123
messiah1
messier11
metaknight
metal123
metal4ever
metal4life
metal666
metalcore
metalero
metalgear
metalgear1
metalgear4
metalgearsolid
metalhead
metalhead1
metalica
metalica1
metalika
metall1ca
metallic
metallica
metallica0
metallica1
metallica11
metallica12
metallica123
metallica2
metallica3
metallica6
metallica666
metallica7
metallica8
metallica9
metalman
metalslug
metanoia
metatron
meteora1
methodist
methodman
metin123
metro123
metro2033
metroid1
metropol
metropolis
mets1986
mewmewpower
mexicali
mexican1
mexican13
mexicana
mexicano
mexico01
mexico10
mexico11
mexico12
mexico123
mexico13
mexico23
mexico86
mexico99
mezzomix
mfkftrfue1
mh@270481
mhaldita
mhiedhie
mhinekoh
mhineqoh
mi123456
miabella
miami123
miami305
miamibeach
miamiheat
miamiheat1
miamiheat3
miamivice
miankiller
miaomiao
miaumiau
mibansi567
micaela1
micah123
mich3ll3
michael0
michael00
michael01
michael02
michael03
michael04
michael05
michael06
michael07
michael08
michael09
michael1
michael10
michael11
michael12
michael123
michael1234
michael12345
michael13
michael14
michael15
michael16
michael17
michael18
michael19
michael2
michael20
michael21
michael22
michael23
michael24
michael25
michael26
michael27
michael28
michael29
michael3
michael30
michael33
michael4
michael5
michael6
michael69
michael7
michael77
michael8
michael84
michael87
michael88
michael89
michael9
michael90
michael91
michael92
michael93
michael94
michael95
michael96
michael97
michael98
michael99
michaela
michaela1
michaelb
michaelc
michaelj
michaeljac
michaeljackson
michaeljordan
michaell
michaella
michaelm
michaelp
michaels
michal11
michal12
michal123
michal13
michalek
michalka
miche11e
micheal1
micheal123
michel123
michelangelo
michele1
michelin
micheline
michelino
michelle
michelle01
michelle07
michelle08
michelle09
michelle1
michelle10
michelle11
michelle12
michelle123
michelle13
michelle14
michelle15
michelle17
michelle18
michelle19
michelle2
michelle20
michelle21
michelle22
michelle23
michelle24
michelle3
michelle4
michelle5
michelle6
michelle69
michelle7
michelle8
michelle9
michelle99
michelob
michi123
michigan
michigan1
michoacan
micimacko
mickey01
mickey07
mickey08
mickey10
mickey11
mickey12
mickey123
mickey13
mickey14
mickey16
mickey17
mickey21
mickey22
mickey23
mickey69
mickey77
mickey99
mickeymous
mickeymouse
mickeymouse1
mickmick
micky123
mickymouse
micr0s0ft
micro123
microbiology
microchip
microlab
microlab1
micromax
microphone
micros100
microscan
microsof
microsoft
microsoft1
microsoft123
microstar
microtek
microwave
middlesbrough
middleton
midiland
midnight
midnight01
midnight1
midnight12
midnight123
midnight13
midnight2
midnight3
midnight7
midnite1
midnitespot
midomido
miercoles
mierda12
mierda123
mifamilia
mightyman
mightymouse
migrationschool
miguel01
miguel10
miguel11
miguel12
miguel123
miguel13
miguel23
miguel5760
miguelangel
miguelito
mihoaoki
mihomiho
mika1234
mikael123
mikaela1
mikaella
mikamika
mikayla1
mikazuki
mike1234
mike12345
mike123456
mike1980
mike1985
mike1991
mike2000
mike2010
mike6453
mikejones
mikejones1
mikemike
mikemike1
mikeneko
mikeshinoda
miketyson
mikey123
miki1234
mikimaus
mikimiki
mikkel123
mikolaj1
mikomiko
mikrofon
mikumiku
milagros
milagros1
milamber
milamila
milan123
milan1899
milan4ever
milanello
milanesa
milanista
milanisti
milashka
mildred1
mildseven
milehigh
milena123
milenium
miles123
milesdavis
milestone
miley101
miley123
mileycyrus
mileycyrus1
milhouse
miliarde11
militaire
military
military1
milito22
milka123
milkbone
milkduds
milkman1
milkmilk
milko12345677
milkshake
milkshake1
milkyway
milkyway1
millencolin
millenia
millenium
millenium1
millennium
miller01
miller11
miller12
miller123
miller13
miller21
miller22
miller31
miller69
miller99
millerlite
millertime
millhouse
millicent
millie01
millie11
millie12
millie123
milliemoo
milligan
million1
millionaire
millioner
millions
millions1
millonario
millonarios
millos13
millsberry
millwall
millwall1
milly123
millymoo
milo1234
milomilo
milwaukee
mima123456
mimamamemima
mimamima
mimi1234
mimimimi
mimomimo
minadmins
minakshi
minamina
mincraft
mindanao
mindaugas
mindfreak
mindfreak1
mindgame
mindless
mindless1
mindlessbehavior
mindy123
mine1234
mine4ever
minecraa
minecraf
minecraft
minecraft01
minecraft1
minecraft10
minecraft101
minecraft11
minecraft12
minecraft123
minecraft1234
minecraft12345
minecraft13
minecraft2
minecraft2002
minecraft21
minecraft22
minecraft23
minecraft5
minecraft99
minecrafter
minecraftpe
minemine
mineonly
miner123
minerva1
minette1
mingming
minhamae
minhasenha
minhasenha123
minhavida
minhchau
minhhien
minhhieu
minhhoang
minhminh
minhngoc
minhnhat
minhphuong
minhquan
minhquang
minhthanh
minhthuy
minhtien
minhtrang
minhtuan
mini1234
minicalibra
miniclip
miniclip1
minicooper
minidisc
miniman1
minimaus
minime123
minimini
minimoto
minimouse
minimum1
minister
ministry
ministry1
minnesota
minnesota1
minnie01
minnie10
minnie11
minnie12
minnie123
minniemouse
minombre
minomino
minority
minotaur
minotauro
minoucha
minouche
minstrel
mintmint
mirabela
mirabella
mirabelle
miracle1
miracles
miraflores
mirage2000
miramira
miranda1
miranda12
miranda123
mireille
mirko123
mirkwood
mironova
miroslav
miroslava
miroslava1
mirtillo
mirumiru
mirza123
misamisa
misamores
mischief
mischief1
miserable
misfits1
misfits138
misha123
misha1998
misha777
mishamisha
mishijos
mishmish
mishutka
misiaczek
misiaczek1
misiek11
misiek12
misiek123
missing1
missingu
missingyou
mission1
mission123
mission2
missionary
missions
mississipp
mississippi
mississippi1
misskitty
misskitty1
missmiss
missmolly
missoula
missouri
missouri1
misspiggy
misspriss
missthang
missy123
missycat
missydog
missymoo
mister123
misterio
mistigri
mistletoe
mistral1
mistress
misty123
mistyblue
mistycat
mistydog
mistymoo
mitch123
mitchel1
mitchell
mitchell1
mitchell12
mithrandir
miticuta
mitsubishi
mittelerde
mittens1
mittwoch
mixmaster
miyamiya
miyamoto
miyazaki
miyumiyu
miyvarxar
mizhielp
mj123456
mjackson
mjordan23
mju76yhn
mk123456
mkn13vrt
mko09ijn
mko0nji9
mlkjhgfdsq
mm123123
mm123456
mmmmmmmm
mmmmmmmmm
mmmmmmmmmm
mmo110110
mn123456
mnbv1234
mnbvcxz1
mnbvcxz12
mnbvcxz123
mnbvcxza
mnemonic
mnidjwm785
mnmnmnmn
mnopqrs123
mo123456
mobbdeep
mobil123
mobile123
mobilephone
mobilink
mobster1
mobydick
moc.oohay
mocha123
mockingbird
modeling
moderator
modernwarfare
modernwarfare2
modernwarfare3
modified
moemoemoe
mogumogu
moh96kmr000
mohabbat
mohamed1
mohamed12
mohamed123
mohammad
mohammad1
mohammad123
mohammed
mohammed1
mohammed123
mohan123
mohanlal
mohit123
moietmoi
moiettoi
moimoi123
moimoimoi
moinmoin
moises123
mojamama
mojamoja
mojehaslo
mojeheslo
mojisola
mojo1234
mojojojo
mojojojo1
mojokerto
mojomojo
mokamoka
mokomoko
moldovan
molecule
molko24bog
mollie01
mollie12
mollie123
molly100
molly101
molly111
molly123
molly1234
mollyann
mollycat
mollydog
mollydog1
mollygirl
mollymay
mollymolly
mollymoo
mollymoo1
moloko123
mom12345
momanddad
momanddad1
momdad12
momdad123
momentum
mommy101
mommy123
mommy1234
mommydaddy
mommylove
mommyof2
mommyof3
mommyof4
mommysgirl
momo1234
momochan
momomomo
momoney1
momotaro
momotarou
momrocks
momrules
monaghan
monalisa
monalisa1
monaliza
monamona
monamour
monarch1
monarchs
moncheri
monchichi
monchien
monching
moncoeur
monday01
monday11
monday12
monday123
mondragon
mondschein
money007
money100
money101
money111
money123
money1234
money12345
money2009
money420
money4me
money666
money777
money888
moneybag
moneybags
moneyboy
moneymaker
moneymaker1
moneyman
moneyman1
moneymoney
moneypenny
moneytalks
moneytree
mongo123
mongolia
mongoloid
mongoose
mongoose1
monica01
monica10
monica11
monica12
monica123
monica13
monica22
monica69
moniczka
monika11
monika12
monika123
monika13
monimoni
monique1
monique12
monique123
monique2
moniteur
monitor1
monitor123
monjamonja
monkey00
monkey007
monkey01
monkey02
monkey03
monkey04
monkey05
monkey06
monkey07
monkey08
monkey09
monkey10
monkey100
monkey101
monkey11
monkey111
monkey12
monkey123
monkey1234
monkey12345
monkey13
monkey14
monkey15
monkey16
monkey17
monkey18
monkey19
monkey20
monkey21
monkey22
monkey23
monkey234
monkey24
monkey25
monkey26
monkey27
monkey28
monkey29
monkey32
monkey321
monkey33
monkey34
monkey42
monkey420
monkey44
monkey45
monkey55
monkey56
monkey64
monkey66
monkey666
monkey67
monkey69
monkey76
monkey77
monkey777
monkey78
monkey79
monkey80
monkey81
monkey82
monkey83
monkey84
monkey85
monkey86
monkey87
monkey88
monkey89
monkey90
monkey92
monkey93
monkey94
monkey95
monkey96
monkey97
monkey98
monkey99
monkeyass
monkeyballs
monkeybone
monkeyboy
monkeyboy1
monkeybutt
monkeydluffy
monkeyface
monkeygirl
monkeyking
monkeylove
monkeylover
monkeyman
monkeyman1
monkeymonkey
monkeynuts
monkeypoo
monkeys1
monkeys12
monkeys123
monkeys2
monkeys3
monkeyslut
monkfish
monkies1
monkmonk
monmonmon
monmouth
monnhann
monokuro
monolith
monoloco
monomono
mononoke
monopoli
monopoly
monopoly1
monorail
monoxide
monoxide17
monserrat
monsieur
monster0
monster01
monster09
monster1
monster10
monster101
monster11
monster12
monster123
monster1234
monster13
monster17
monster2
monster21
monster22
monster23
monster24
monster3
monster33
monster4
monster45
monster5
monster6
monster666
monster69
monster7
monster77
monster8
monster88
monster9
monster99
monsterenergy
monsterhigh
monsterhunter
monsterkill
monsterman
monstermash
monsters
monsters1
monstertruck
montagna
montagne
montague
montana1
montana12
montana123
montana16
montana2
montanna
montblanc
montecarlo
montecristo
monteiro
montella
montenegro
monterey
monterrey
montessori
montevideo
montezuma
montgom2409
montgomery
montilla
montpellier
montreal
montreal1
montrell
montrose
montserrat
monty123
montydog
montypython
monument
moochie1
moocow12
moocow123
mookie12
mookie123
moomoo11
moomoo12
moomoo123
moomoo22
moomoocow
moomoomoo
moon1234
moonbaby
moonbeam
moonbeam1
moonchild
moondance
moondust
moonface
moonflower
moonglow
moonlight
moonlight1
moonlite
moonmoon
moonraker
moonriver
moonshadow
moonshine
moonshine1
moonspell
moonstar
moonstone
moonwalk
moonwalker
moore123
moorhuhn
moose123
moosehead
mooseman
morales1
morales123
morangos
moranguinho
mordecai
morehead
moremoney
moremore
morenita
moreno123
morfeusz
morgaine
morgan00
morgan01
morgan02
morgan03
morgan04
morgan05
morgan06
morgan07
morgan08
morgan09
morgan10
morgan11
morgan12
morgan123
morgan13
morgan14
morgan21
morgan22
morgan23
morgan24
morgan98
morgan99
morganne
morgenstern
moriarty
morientes
morimori
morimoto
moritz123
morkovka
mormor123
morning1
morning21
morningstar
morocco1
morozova
morpheus
morpheus1
morphine
morrigan
morris123
morrison
morrison1
morrissey
morrissey1
morrowind
morrowind1
mortadela
mortadela1
mortadelo
mortalkombat
mortazza
mortgage
mortgage1
morticia
mortimer
mosaic123
moschino
moscraciun
moses123
moshimonsters
moshimoshi
mosquito
mossberg
mossyoak
mostaganem
mostwanted
mostwanted1
mot2passe
motdepas
motdepass
motdepasse
motdepasse1
mothaiba
mother01
mother11
mother12
mother123
mother1234
mother21
mother22
mother23
motherboard
motherfather
motherfuck
motherfucker
motherfucker1
motherland
motherlode
motherlode1
motherlove
mothermary
motherof2
motherof3
motherof4
motherof5
mothership
motherwell
motion123
motivate
motivation
motleycrue
motocros
motocross
motocross1
motoguzzi
motomoto
motor123
motorbike
motorbike1
motorbikes
motorcross
motorcycle
motorhead
motorhead1
motorola
motorola1
motorola12
motorola123
motorolav3
motorolla
motorrad
motorsport
motylek1
mouhamed
moulinrouge
mouloudia
moumoune
moumoute
mounette
mountain
mountain1
mountaindew
mountaindew1
mountains
mourinho
mouse123
mouseman
mousepad
mousetrap
moustache
moustafa
moustapha
moustique
movement
movieman
moviestar
movingon
movistar
mozart12
mozilla1
mp3player
mpgh.net
mrbungle
mrf11277215
mrlonely
mrniceguy
ms0083jxj
ms123456
msconfig
mshelp12
msnhotmail
mtizndu2
mu5t=ch@ng3
muaythai
muchacha
muchacho
muchlove
mudar123
mudslide
mudvayne
mudvayne1
muenchen
muffdiver
muffin01
muffin11
muffin12
muffin123
muffin13
muffin22
muffin69
muffinman
muffinman1
muffins1
mugiwara
mugwell15
muhammad
muhammad1
muhammad123
muhammad786
muhammed
muhammed1
muhammet
muiedinamo
muiemuie
muiesteaua
mukumuku
mulberry
mulhouse
mullet69
mulligan
multimedia
multipass
multipla
multiplelog
multiscan
multisync
mumanddad
mumanddad1
mumdad123
mummy123
mummydaddy
mummypapa
mun121rak
munchie1
munchies
munchkin
munchkin1
munchkins
munnabhai
munster1
muonline
murakami
muramasa
muramura
murasaki
murasame
murat123
murcielago
murderdolls
murderer
murielle
murilo123
murmansk
murphy01
murphy10
murphy11
murphy12
murphy123
murphy13
murphy22
murphy99
murzilka
musashi1
mushr00m
mushroom
mushroom1
mushrooms
music000
music101
music123
music1234
music4ever
music4life
music4me
musica123
musical1
musicals
musicbox
musician
musician1
musicislife
musicismylife
musiclover
musicman
musicman1
musicmusic
musicovery
musicrocks
muskan123
muslim123
muslimah
mussolini
mustache
mustafa1
mustafa12
mustafa123
mustaine
mustak200
mustang00
mustang01
mustang02
mustang03
mustang04
mustang05
mustang06
mustang07
mustang08
mustang1
mustang10
mustang11
mustang12
mustang123
mustang13
mustang2
mustang21
mustang22
mustang23
mustang3
mustang4
mustang5
mustang50
mustang6
mustang64
mustang65
mustang66
mustang67
mustang68
mustang69
mustang7
mustang73
mustang8
mustang88
mustang89
mustang9
mustang90
mustang94
mustang95
mustang96
mustang98
mustang99
mustanggt
mustanggt500
mustangs
mustangs1
mustapha
mustard1
mutation
muthafucka
mutluluk
muttley1
muzaffar
muzaffer
muzammil
mvemjsunp
mxhbrood
mxyzptlk
my123456
my1space
my204856
my2angels
my2babies
my2girls
my3angels
my3babies
my3girls
my4girls
myaccount
myaccount1
myangel1
myangels
mybabies
mybabygirl
mybestfriend
mybirthday
mybrother
mybusiness
mycareer
mychemical
mychemicalromance
mychildren
mycomputer
mydaddy1
mydarling
mydecember
mydestiny
mydogs1020
mydreams
myec0701
myfamily
myfamily1
myfather
myfirsttopic
myfriend
myfriends
myfuture
mygirls2
mygirls3
myheart1
myhouse1
myhusband
myimmortal
myjesus1
mykey1122
mykey2010
mykey2011
mykey2012
mykids03
mylife12
mylife123
mylittlepony
mylove11
mylove12
mylove123
mylove21
mylove22
mylove23
mylove4u
mylovely
mymelody
mymoney1
mymonster
mymother
mymother1
mymusic1
myname12
myname123
mynameis
mynameis1
mynameiskhan
mynewlife
myonlyone
mypas123
mypass12
mypass123
mypass2010
mypass2011
mypassphrase
mypassw0rd
mypassword
mypassword1
myprince
myprincess
myrtille
mysavior
myschool
mysecret
mysecret1
myself123
mysister
myspace!
myspace.
myspace0
myspace01
myspace07
myspace08
myspace09
myspace1
myspace10
myspace101
myspace11
myspace12
myspace123
myspace13
myspace14
myspace2
myspace200
myspace201
myspace21
myspace22
myspace23
myspace3
myspace4
myspace4me
myspace5
myspace69
myspace7
myspace8
myspace9
mysterio
mysterio1
mysterio619
mysterious
mystery1
mystical
mystical1
mystikal
mystique
myszka123
mythology
mythreesons
myworklist123
myworld1
n0=acc3ss
n0vember
n1234567
n12345678
n123456789
n1b9w8ggrf
n1ch0las
n1cholas
n1ghtmare
n1n2n3n4
n1nt3nd0
n1ntend0
n1ntendo
n7ioxrb741
n7o1yp5sor
n97nokia
na123456
naberlan
nabil123
nabilnabil94
nabucodonosor
nacho123
nacional
nacional1
nadanada
nadeshiko
nadesico
nadesiko
nadezhda
nadia123
nadine12
nadine123
nadzieja
nagamani
nagaraju
nagasaki
nagatoyuki
nagendra
nahbulursun
nahtanoj
nailpolish
nakagawa
nakajima
nakamura
nakanaka
nakayama
nallepuh
nam123456789
namaskar
namaste1
nameless
namename
namikaze
naminami
namrepus
nana1234
nananana
nanapapa
nancy123
nancydrew
nanda123
nanda334
nandhini
nando123
naninani
nanonano
nanotech
nanterre
nantes44
nantucket
naomi123
naomi703
naosei123
naoya708
napolean
napoleon
napoleon1
napoleone
napoletano
napoli10
napoli123
napoli1926
napoli99
napster1
narasimha
narayana
narayanan
narbonne
narcisse
narendra
narkoman
naruhina
narunaru
narusegawa
naruto00
naruto007
naruto01
naruto02
naruto07
naruto08
naruto09
naruto10
naruto100
naruto101
naruto11
naruto111
naruto12
naruto123
naruto1234
naruto12345
naruto123456
naruto13
naruto14
naruto15
naruto16
naruto17
naruto18
naruto19
naruto1997
naruto1998
naruto20
naruto2000
naruto2010
naruto21
naruto22
naruto23
naruto24
naruto25
naruto26
naruto27
naruto28
naruto321
naruto33
naruto44
naruto45
naruto55
naruto56
naruto666
naruto69
naruto77
naruto777
naruto88
naruto89
naruto90
naruto91
naruto92
naruto93
naruto94
naruto95
naruto96
naruto97
naruto98
naruto99
narutofan
narutokun
narutonaruto
narutosasuke
narutoshippuden
narutouzumaki
nasanasa
nascar03
nascar08
nascar11
nascar12
nascar123
nascar14
nascar20
nascar24
nascar48
nascar88
nascar99
nascimento
nasfat12
nashville
nashville1
nasigoreng
nastasia
nastenka
nasty123
nastya0206
nastya11
nastya12
nastya123
nastya13
nastya1995
nastya1996
nastya1997
nastya1998
nastya1999
nastya2000
nastya2001
nastya2002
nastya2003
nastyanastya
nastyboy
nastygirl
nasution
naszaklasa
natacion
natalia1
natalia12
natalia123
natalia2
natalie01
natalie1
natalie11
natalie12
natalie123
natalie2
natalie3
natalie7
natalija
natalina
nataliya
natalka1
natan123
natanael
natanata
nataniel
natas666
natascha
natasha1
natasha12
natasha123
natasha2
natashka
natation
nate1234
natedog1
natedogg
nathalia
nathalie
nathalie1
nathan00
nathan01
nathan02
nathan03
nathan04
nathan05
nathan06
nathan07
nathan08
nathan09
nathan10
nathan11
nathan12
nathan123
nathan13
nathan14
nathan15
nathan16
nathan17
nathan18
nathan21
nathan22
nathan23
nathan98
nathan99
nathanael
nathaniel
nathaniel1
national
national1
nationwide
natividad
natural1
natureza
naughty1
naughtyboy
nausicaa
nautica1
nautical
nautilus
navarone
navarro1
naveen123
navigation
navigator
navyblue
navyseal
navyseals
nayvspwn7
naz777333
nazar123
nazarene
nazareno
nazareth
nazarova
nazzxut644
nbuhtyjr
ncc-1701
ncc1701a
ncc1701b
ncc1701d
ncc1701e
ncc74656
nckucynesluixm
ndcetbz236
nebraska
nebraska1
necklace
necromancer
necron99
necronomicon
nectar2011
nectarine
nederland
nederland1
nedved11
need4speed
needajob
needforspeed
needhelp
needlove
needmoney
needwork
nefertari
nefertiti
negative
negative1
neger123
negro123
neguinha
neguinho
nehemiah
neitiri1986
nekochan
nekomimi
nekoneko
nelly123
nelson01
nelson11
nelson12
nelson123
nemanja123
nemesis1
nemesis123
nemesis2
nemesis666
nemezida
nemonemo
nemtudom
neomatrix
neopets1
neopets12
neophyte
neopoints12
neostrada
nepal123
nepenthe
nephilim
nepoviem
neptune1
neptunes
neronero
nesakysiu
neslihan
net123456
netball1
netg85rr4s
netgear1
netscape
netvista
network1
network123
networking
networks
neuseeland
neutrino
never123
never4get
neveragain
neverbackdown
neverdie
neverever
neverforget
nevergiveup
neverguess
neverhood
neverland
neverlove
nevermind
nevermind1
nevermore
nevermore1
nevernever
neversaydie
neversaynever
nevershoutnever
nevertarget7
neverwinter
neville1
new12345
new975wen
newaccount
newbaby1
newcastle
newcastle1
newcastle9
newcomer
newdelhi
newengland
newfoundland
newgame9
newgrounds
newhaven
newholland
newhouse
newindia12
newjersey
newjersey1
newjob4me
newlife08
newlife09
newlife1
newlife11
newlife12
newlife123
newlife2
newlife4me
newlife7
newman12
newmember
newmexico
newmoney
newmoon1
neworder
neworleans
newpass1
newpass123
newpasswor
newpassword
newpassword1
newpoint
newport01
newport1
newport100
newports
newsboys
newshoes
newsletter
newspaper
newstart
newstart1
newuser1
newvegas
newvision
newworld
newyear1
newyork1
newyork11
newyork12
newyork123
newyork13
newyork2
newyork21
newyork22
newyork3
newyork5
newyork7
newyorkcity
newyorker
newzealand
nextage1
nextgenupdate
nexus123
nexusmods
neymar11
nezabudka
neznaju1
nf96869686
nflonline
nghia123
ngocbich
ngocdung
ngochung
ngoclinh
ngocminh
ngocthanh
ngocthuy
nguoihung
ngusaonoi
nguyen12
nguyen123
nguyenhoang
nguyenhung
nguyenhuy
nguyenvu
nh9z4bgr2h
nhatminh
nhatrang
nhfrnjh1
nhfycajhvth
nhfycajhvths
nhoemnhieu
nhungkecodon
nhuquynh
nhy67ujm
niaiwoma
niallhoran
nibbles1
nicaragua
nice1234
nicegirl
nicenice
nich0las
nichelle
nicholas
nicholas01
nicholas1
nicholas10
nicholas11
nicholas12
nicholas123
nicholas13
nicholas2
nicholas22
nicholas3
nicholas5
nicholas7
nicholas9
nichole1
nicholson
nick1234
nick12345
nick1995
nick2000
nickcarter
nickelback
nickelodeon
nicki123
nickiminaj
nickjonas
nickjonas1
nicknack
nickname
nicknick
nicknick1
nickolas
nickolas1
nickster
nicky123
nico1234
nico2000
nicodemus
nicola123
nicolas01
nicolas1
nicolas10
nicolas11
nicolas12
nicolas123
nicolas13
nicolas2
nicolas7
nicole00
nicole01
nicole02
nicole03
nicole04
nicole05
nicole06
nicole07
nicole08
nicole09
nicole10
nicole101
nicole11
nicole12
nicole123
nicole1234
nicole13
nicole14
nicole15
nicole16
nicole17
nicole18
nicole19
nicole20
nicole21
nicole22
nicole23
nicole24
nicole25
nicole26
nicole27
nicole28
nicole29
nicole33
nicole69
nicole77
nicole83
nicole86
nicole87
nicole88
nicole89
nicole92
nicole93
nicole94
nicole95
nicole96
nicole97
nicole98
nicole99
nicoleta
nicoletta
nicolette
nicolina
nicolino
niconico
nicorobin
nicotina
nicotine
niebieski
niepowiem
nietzsche
niewiem1
nigahiga
nigeria1
nigerian
nigga123
nigga4life
nigganigga
niggaplease
niggaplz
nigger11
nigger12
nigger123
nigger666
nigger69
niggers1
niggers123
night123
nightcrawler
nightelf
nightfall
nightfall1
nightfire
nighthawk
nightingale
nightlife
nightman
nightmare
nightmare1
nightmare123
nightmares
nightowl
nightrider
nightshade
nightsky
nightwing
nightwish
nightwish1
nightwolf
nihao123
niharika
nihonjin
nihonomaru
nijmegen
nik12345
nikanika
nike1234
nikeair1
nikenike
niketamere
nikhil123
niki1234
nikiniki
nikita007
nikita01
nikita03
nikita10
nikita11
nikita12
nikita123
nikita12345
nikita13
nikita1995
nikita1996
nikita1997
nikita1998
nikita1999
nikita2000
nikita2001
nikita2002
nikita2003
nikita2004
nikita2005
nikita2006
nikita2010
nikita2012
nikita21
nikita22
nikita228
nikita23
nikita777
nikita95
nikita98
nikita99
nikitanikita
nikitina
nikitos1
nikitosik
nikki123
nikkisixx
nikko123
niklas12
niklas123
niko1234
nikola12
nikola123
nikolaev
nikolaeva
nikolai1
nikolas1
nikolas123
nikolaus
nikoleta
nikolina
nikolozi
nikond80
nikond90
nikoniko
nilpferd
nimajneb
nimbus12
nimbus2000
nina1234
ninalove
ninanina
nineball
nineinch
nineinchnails
ninenine
ninetails
nineteen
nineteen19
ningning
nininini
ninja007
ninja101
ninja123
ninja1234
ninja250
ninja636
ninja666
ninjaboy
ninjagaiden
ninjaman
ninjaninja
ninjasaga
ninjitsu
ninjutsu
ninomiya
ninonino
nintend0
nintendo
nintendo1
nintendo12
nintendo123
nintendo2
nintendo3ds
nintendo64
nintendods
nintendogs
nintendowii
niolrj56
nipples1
niranjan
nirvana1
nirvana11
nirvana12
nirvana123
nirvana13
nirvana2
nirvana3
nirvana666
nirvana7
nirvana9
nirvana94
nisha123
nishanth
nishishui
nishiwode
nishizhu
nissan01
nissan11
nissan12
nissan123
nissan200sx
nissan240
nissan240sx
nissan300zx
nissan350
nissan350z
nissangtr
nissanskyline
nisse123
nistelrooy
nitemare
nitin123
nitro123
nitrogen
nittany1
nivedita
niyt8qu772
nj9st4ye3f
njdevils
njhygtftb567
nji90okm
njushi520
nks230kjs82
nnmnnmnnm
nnnnnnnn
nnnnnnnnnn
no1butme
no1knows
no41ko4ilc
noaccess
noaccess99
noaccount
noah1234
noah2000
noahnoah
noahsark
nobodyknows
nobunaga
nobunobu
nobuyuki
nochance
nocturnal
nocturne
nodoubt1
noelnoel
nofxnofx
nogueira
noisette
nokia1100
nokia111
nokia123
nokia1234
nokia12345
nokia1600
nokia2000
nokia2600
nokia2700
nokia3100
nokia3110
nokia3120
nokia3200
nokia3210
nokia3220
nokia3230
nokia3250
nokia3310
nokia3410
nokia3510
nokia3510i
nokia3650
nokia5110
nokia5130
nokia5200
nokia5228
nokia5230
nokia5233
nokia5300
nokia5310
nokia5320
nokia5530
nokia5610
nokia5700
nokia5800
nokia6020
nokia6030
nokia6100
nokia6120
nokia6131
nokia6210
nokia6230
nokia6230i
nokia6233
nokia6280
nokia6288
nokia6300
nokia6303
nokia6500
nokia6600
nokia6610
nokia6630
nokia6680
nokia6700
nokia7210
nokia7610
nokia7650
nokia8210
nokia8310
nokia8800
nokiae51
nokiae63
nokiae65
nokiae71
nokian70
nokian72
nokian73
nokian80
nokian81
nokian82
nokian90
nokian91
nokian95
nokian96
nokian97
nokianokia
nolimit1
nolimits
nomeacuerdo
nomejodas
nomelase
nomercy1
nomnomnom
nomorerack
noname123
noncapa09
none1234
nonenone
nonmember
nononono
nonpayment
nonsense
nonteladico
noob1234
noobkiller
noobnoob
noodle123
noodles1
noodles123
nooneknows
nopainnogain
nopasaran
nopass123
nopassword
nopassword1
nopenope
noproblem
noranora
norbert1
norberto
noregrets
norinori
noriyuki
normajean
norman12
norman123
normandie
normandy
northeast
northern
northern1
northface
northpole
northshore
northside
northside1
northstar
northwest
northwood
norton360
norvax2010
norwegen
norwich1
nosenose
nosferatu
nosferatu1
nosmoking
nosotros
nosoup4u
nostalgia
nostradamus
nostress
nostromo
not4u2no
not_needed
notagain
notalone
notebook
notebook1
notforyou
nothanks
nothing0
nothing1
nothing12
nothing123
nothing2
notorious
notorious1
notpassword
notredame
notredame1
nottelling
nottingham
nottoday
notyours
nougatine
nounette
nounouche
nounoune
nounours
nousdeux
nouvelle
novanova
novartis
novasenha
november
november01
november08
november1
november10
november11
november12
november13
november14
november15
november16
november17
november18
november19
november2
november20
november21
november22
november23
november24
november25
november26
november27
november28
november29
november3
november30
november4
november5
november6
november7
november8
november9
novemberrain
novembre
novembro
noviembre
novikova
novosibirsk
noway123
nowayjose
nowayman
nowayout
nowitzki
noworries
npi8p6l9fx
nplvzno874
nra4ever
ns973uzlvh
nt77lnw2ea
nthvbyfnjh
ntktdbpjh
nuaddn9561
nuamparola
nuclear1
nudelsuppe
nuevavida
nufc1892
nuggets1
null_from_api
numanuma
number01
number10
number11
number12
number123
number13
number14
number15
number16
number17
number18
number19
number20
number21
number22
number23
number24
number32
number33
number34
number41
number44
number69
number88
number99
numberone
numberone1
numbers1
numbnuts
numero10
numerouno
numlock1
nuncamas
nuo0725nuo
nurhayati
nurse123
nursing1
nursultan
nusantara
nutcracker
nutella1
nuthouse
nutrition
nutshell
nuttertool
nuttertools
nuttertools1
nwo4life
ny3xxca522
nyanmage
nyannyan
nygiants
nygiants1
nyknicks
nyq26hiz1z
nyq27fdxl1
nyq28giz1z
nyq28giz5w
nyq28gxl1z
nyq28iz1d
nyq28iz1f
nyq28iz1t
nyq28iz1v
nyt28iz1d
nyuszika
nywl8giz1z
nyyankees
nzuu4pn89j
o09071980
o0i9u8y7
o0o0o0o0
o0qklsn6
o1234567
o123456789
o1manyaq
o23456789
o2qt76gzbf
o594fvhqci
o5e^%zar
o7jg3u6ztx
o8lhe2z7bo
o95axaqk4p
o95oc1nawj
oa68b6666
oakenfold
oakland1
oakland510
oakridge
oakville
oasis123
oassw0rd
oathkeeper
oatmeal1
obama123
obi4amte
obiwankenobi
oblivion
oblivion1
oblivion123
oblivion4
obrigado
observer
obsession
obsidian
obsolete
obvious1
oc247ngucz
ocarina1
ocean123
oceanblue
oceanography
oceans11
oceans12
oceanside
ocpoook325
octavia1
octavian
october08
october1
october10
october11
october12
october13
october14
october15
october16
october17
october18
october19
october2
october20
october21
october22
october23
october24
october25
october26
october27
october28
october29
october3
october30
october31
october4
october5
october6
october7
october8
october9
octombrie
octopus1
octopussy
oddworld
odesk045
odesk123
odinodin
odnoklassniki
odranoel
odysseus
odyssey1
odz1w1rb9t
ofcourse
off123456
offenbach
office123
officer1
official
offshore
offspring
offspring1
offthewall
oficinag3
ogb6lkge
oheapqu86a
ohiostate
ohiostate1
ohmygod1
ohmygosh
oinkoink
oioioioi
oiv3bh7356
ok100404
ok123456
ok200404ok
ok65b6666
okayokay
okcomputer
okechukwu
okiedokie
okinawa1
oklahoma
oklahoma1
oklu730448
okmijnuhb
okokokok
oks65b6666
oks9czu622
oksana12
okthandha
ola12345
oladimeji
olakase123
olakease
olakunle
olalekan
olamide1
olamilekan
olanrewaju
olaolaola
olaoluwa
olarewaju
olatunde
olatunji
olayinka
old123ma
oldenburg
oldfield
oldnavy1
oldschool
oldschool1
oldskool
oldsmobile
oldspice
oldtimer
oldtrafford
oleander
oleg1234
oleg12345
oleg1992
oleg1994
oleg1995
oleg1996
oleg1997
oleg1998
oleg2000
oleg2010
olegator
olegoleg
olemiss1
oleoleole
olga1984
olgaolga
olivares
olive123
oliveira
olivejuice
oliveoil
oliver00
oliver01
oliver02
oliver03
oliver04
oliver05
oliver06
oliver07
oliver08
oliver09
oliver10
oliver11
oliver12
oliver123
oliver1234
oliver13
oliver14
oliver15
oliver21
oliver22
oliver23
oliver24
oliver77
oliver88
oliver98
oliver99
oliveros
olivetti
olivia01
olivia03
olivia04
olivia05
olivia06
olivia07
olivia08
olivia10
olivia11
olivia12
olivia123
olivia13
olivia22
olivia98
olivia99
olivier1
ollie123
olliedog
olo65b6666
ololo123
olongapo
olusegun
oluwafemi
oluwakemi
oluwasegun
oluwaseun
oluwaseyi
oluwatobi
oluwatosin
oluwatoyin
olympia1
olympiakos
olympiakos7
olympics
olympique
olympus1
omar1234
omarcito
omarion1
omaromar
omega123
omega666
omegaman
omegared
omeromer
omfgomfg
omg12345
omglol123
omgomg123
omgomgomg
omgwtf123
omgwtfbbq
omgwtfbbq1
omics123
omnipotent
omnislash
omnitrix
omnomnom
omoikane
omor01925
omowunmi
omsainath
omsairam
omsakthi
omshanti
omshantiom
omsrisairam
oncology
ondrasek
one1love
one1two2
one23456
one2three
one2three4
oneandonly
oneblood
onedirection
onelove1
onelove123
onelove2
onemoretime
oneoneone
oneonone
onepiece
onepiece1
onepiece123
onetime1
onetreehill
onetwo12
onetwo34
onetwothree
oneworld
onimusha
online01
online11
online12
online123
only1god
only4you
onlyforme
onlyiknow
onlylove
onlyone1
onomatopeja
onomatopoeia
onslaught
ontario1
ontheroad
onverse1
onverse123
oo17oo17
oogabooga
ooicu812
oooo0000
oooooooo
oooooooooo
op123456
op7wph8t5f
opelastra
opelcorsa
opelomega
opelopel
opeltigra
opelvectra
open1234
opendoor
openopen
opensaysme
opensesame
openthedoor
openup123
opera123
operamini
operation
operation1
operation7
operations
operator
operator1
ophelia1
opojaree
opop9090
opopopop
opportunity
opq28giz1z
optimism
optimist
optimistic
optimus1
optimusprime
optional
optiplex
optiquest
oqqtpdb468
oracle123
orange00
orange01
orange10
orange11
orange12
orange123
orange1234
orange13
orange14
orange15
orange16
orange17
orange20
orange21
orange22
orange23
orange24
orange25
orange33
orange44
orange55
orange66
orange69
orange77
orange88
orange99
orangejuice
oranges1
oranggila
orangina
orangutan
orchard1
orchestra
orchidea
orchidee
ordenador
ordenador1
ordinary
ordinateur
oregontrail
orellana
oreo1234
oreocookie
oreoluwa
oreooreo
organic1
organize
oriental
oriflame
original
original1
original21
orih1224
orioles1
orion123
orlando1
orlando12
orlando123
orlando2
orlandobloom
orochimaru
orologio
orquidea
orthodox
orwell1984
os24w9ekul
osama123
osamodas
osbourne
oscar111
oscar123
oscar1234
oscarcat
oscardog
oscarito
oscaroscar
oscarwilde
oscuridad
oshoosho
oshoworld
oskar123
oskarek1
osman123
osnload12-10-08
osterhase
otceq798nc
othello1
otherside
ottootto
ou171423
ou29q6666
ou68q6666
ou69q6666
ou812345
ou8124me
ou8125150
ou812ou812
ou89q6666
ouistiti
ouk29q6666
our3kids
ourhouse
ouroboros
ourworld
oush2010
outa0901
outback1
outbreak
outdoors
outhouse
outkast1
outlander
outlaw1957
outlawstar
outsider
outsiders
outstanding
ov7q4oo725
ovechkin
ovechkin8
over2yangshuo
over9000
overcome
overcomer
overdose
overdrive
overflow
overgrow
overkill
overkill1
overland
overload
overlook
overlord
overlord1
overmars
overmind
override
overseas
oversoul
overtime
overture
owen1234
owenowen
owieczka
ownage12
ownage123
owned123
owner@hr.com
owt243ygbh
owt243ygbj
owvhrepni
oxymoron
oyzw4a6g6w
ozzie123
ozzyozzy
p00hbear
p00pp00p
p030710p
p0o9i8u7
p0o9i8u7y6
p0p0p0p0
p0rc3l4n4
p0rnstar
p1234567
p12345678
p123456789
p1a1r1a1p1a
p1j1btxy7c
p1neapple
p1p2p3p4
p1ssword
p244w0rd
p244word
p2ssw0rd
p2ssword
p33kab00
p3avbwjw
p3rat54797
p455w0rd
p455word
p4ssw0rd
p4ssword
p51mustang
p6532320
p7678287
p8ntball
p909c932
p@$$w0rd
p@55w0rd
p@cific123
p@ssw0rd
p@ssword
p@ssword1
p@yahoo.com
pa$$w0rd
pa22w0rd
pa22word
pa33w0rd
pa33word
pa55w0rd
pa55word
pa88word
paashaas
pablito1
pablo123
pacers31
pachanga
pacific1
pacific123
pacific@123
pacifica
pacifico
packard1
packardbell
packers04
packers1
packers12
packers123
packers4
pacman12
pacman123
pacopaco
paddington
paddy123
padilla1
padmavathi
padrepio
paganini
pagedown
paige123
painislove
painkiller
painless
paintbal
paintball
paintball1
paintball2
paintbrush
painter1
painting
painting1
paisley1
pajarito
pakalolo
paki4life
pakistan
pakistan007
pakistan1
pakistan11
pakistan12
pakistan123
pakistan1234
pakistan12345
pakistan143
pakistan1947
pakistan2
pakistan47
pakistan786
pakistani
paktofonika
palacios
paladin1
paladin123
paladine
paladino
palangga
palembang
palencia
palermo1
palestina
palestine
palestra
palidhje
palladin
palladium
pallavolo
pallmall
pallmall1
palmbeach
palmeiras
palmeiras1
palmeiras123
palmetto
palmolive
palmtree
palmtree1
palmtree12
palmtrees
paloalto
paloma123
palomino
palomita
palomitas
palpatine
pamela01
pamela11
pamela12
pamela123
pamelita
pampampam
pampanga
pamplemousse
pamplona
pamungkas
panagiotis
panasoni
panasonic
panasonic1
panasonic123
panasonik
panatha13
panathinaikos
pancake1
pancakes
pancakes1
pancasila
panchita
panchito
pancho12
pancho123
pancreas
panda101
panda123
panda1234
pandabear
pandabear1
pandaman
pandapanda
pandas123
pandemonium
pandesal
pandora1
pandora123
pandora7
pandoras
pandorasbox
panerds21
panganiban
pangasinan
pangeran
pangetako
pangetka
pangetmo
pangilinan
pangitako
pangitka
pangpang
pankaj123
pankaj25
pannekoek
pannkaka
panorama
panoramix
pantalon
pantera1
pantera123
pantera2
pantera666
pantheon
panther1
panther12
panther123
panther13
panther2
panther3
panther5
panther7
panthera
panthere
panthers
panthers1
panties1
pantoufle
pantyhos
pantyhose
panzer12
panzer123
paokara4
paola123
paoletta
paolo123
pap9luv91v
papa1234
papa12345
papabear
papacito
papagaio
papamama
papamama1
papamaman
papamummy
papanoel
papapapa
papaq5pwy
paparazi
paparazzi
paparoach
paparoach1
papasito
papasmurf
paper123
paperboy
paperclip
paperclip1
papercut
paperina
paperindex
paperindex1
paperindex1*
paperinik
paperino
papermario
papermate
paperone
papichulo
papillon
papimami
papounet
pappa123
pappagallo
pappnase
pappy123
parabellum
parabola
paracetamol
parachute
parad1se
paradies
paradigm
paradigma
paradise
paradise1
paradiso
paradoks
paradox1
paragon1
paraguay
parakeet
paralegal
paralelepipedo
parallax
parallel
paramedic
paramedic1
paramita
paramore
paramore1
paramore12
paramore123
paramount
paranoia
paranoid
paranoid1
paranormal
parapara
parapente
parapluie
parasite
parazitii
parbrook123
parimala
paris123
parisfrance
parishilton
parisien
parisparis
parker01
parker10
parker11
parker12
parker123
parkinson
parkland
parklane
parkour1
parkour123
parkside
parkview
parkway1
parkwood
parlament
parliament
parol123
parola12
parola123
parola1234
parola21
parola22
parola33
parolamea
parolamea1
parolaparola
parolata
parolparol
parramatta
parrothead
parsifal
parsons1
partizan
partizan1
partner1
partners
partridge
partsites
parttime
party123
partyboy
partygirl
partyof5
partyrock
partytime
parvathi
parvathy
pas5word
pasadena
pasaporte
pasarica
pasaway1
pasban123
pascal01
pascal11
pascal12
pascal123
pascaline
pascalou
pasha123
paska123
pasodeblas
pasokonn
paspass1234
pasquale
pass1111
pass1122
pass1234
pass12345
pass123456
pass123word
pass12sa
pass1436
pass1478
pass1525
pass1655
pass1word
pass2012
pass2244
pass2512
pass2word
pass4word
pass6321
pass9876
pass@123
pass@word1
passarinho
passcode
passcode1
passenger
passhaslo123
passion1
passion12
passion123
passion2
passion7
passion8
passionate
passione
passions
passme123
passord1
passord123
passover
passowrd
passp0rt
passpass
passpass1
passport
passport1
passsword
passw0rd
passw0rd!
passw0rd1
passw0rd12
passw0rd123
passw0rt
passw2rd
passw3rd
passward
passwd123
passwerd
passwerd1
passwor1
password
password!
password-1
password.
password.1
password0
password00
password000
password001
password007
password01
password02
password03
password04
password05
password06
password07
password08
password09
password1
password1!
password10
password100
password101
password11
password111
password12
password121
password123
password1234
password12345
password123456
password1234567
password123456789
password13
password14
password15
password16
password17
password18
password19
password2
password20
password2000
password2008
password2009
password2010
password2011
password2012
password21
password22
password23
password24
password25
password26
password27
password28
password29
password3
password30
password31
password32
password321
password33
password34
password4
password42
password420
password44
password45
password456
password5
password55
password56
password6
password66
password666
password67
password69
password7
password72
password77
password777
password78
password786
password79
password8
password82
password83
password84
password85
password86
password87
password88
password888
password89
password9
password90
password91
password911
password92
password93
password94
password95
password96
password97
password98
password99
password999
password?
password@123
password_temporal
passworda
passwordd
passwordko
passwordlol
passwordnoncree
passwordpassword
passwordq
passwords
passwords1
passwordx
passwordz
passwordzx3d56
passwork
passworld
passwort
passwort1
passwort12
passwort123
passwort2
passwurd
pasta123
pastis51
pastorius
pastrana
pasuma12
pasuruan
pasuwado
paswoord
pasword1
pasword123
patagonia
patanahi
patapata
patapouf
patatina
patch123
patches1
patches12
patches123
patches2
patchouli
patchwork
patel123
paterson
pathetic
pathfinder
pathology
pathsala789
pathways
patience
patience1
patitofeo
patopato
patrice1
patricia
patricia1
patricia12
patricia123
patricio
patrick01
patrick09
patrick1
patrick10
patrick11
patrick12
patrick123
patrick13
patrick14
patrick15
patrick16
patrick17
patrick2
patrick21
patrick22
patrick23
patrick24
patrick3
patrick4
patrick5
patrick6
patrick7
patrick8
patrick88
patrick9
patrick99
patricks
patrickstar
patrik123
patriot1
patriot27
patriots
patriots1
patriots12
patrizia
patrizio
patronus
patrycja
patrycja1
patryczek
patryk11
patryk12
patryk123
patterson
patterson1
pattinson
patty123
pattycake
paul1234
paul12345
paula123
paulaner
paulchen
paulette
paulfrank
paulina1
paulina123
pauline1
paulinha
paulinho
paulinka
paulinka1
paulista
pauljohn
paulo123
paulpaul
paulwalker
pavankumar
pavarotti
pavel123
pavement
pavilion
pavilion1
pavithra
pawapuro
pawel123
pawelek1
pawerjon123
pawprint
pax140325
pax140326
payasugym
paycheck
payton34
pazeamor
pazzword
pazzword123
pbvfktnj
pc8jdcu83e
pcdvn973rq
pdk8y49cxr
peace101
peace123
peace4me
peaceandlove
peaceful
peaceful1
peacelove
peacemaker
peaceman
peaceout
peaceout1
peach123
peaches01
peaches1
peaches11
peaches12
peaches123
peaches2
peaches3
peaches7
peachtree
peacock1
peacock7
peanut00
peanut01
peanut03
peanut05
peanut06
peanut07
peanut08
peanut09
peanut10
peanut11
peanut12
peanut123
peanut13
peanut14
peanut15
peanut21
peanut22
peanut23
peanut24
peanut69
peanut77
peanut99
peanutbutter
peanuts1
pearl123
pearljam
pearljam1
pearljam10
pearson1
peartree
pebbles1
pebbles12
pebbles123
pebbles2
pedagogia
pedersen
pedigree
pedobear
pedrinho
pedro007
pedro123
pedro1234
pedro12345
pedro123456
pedrohenrique
pedropedro
peekab00
peekaboo
peekaboo1
peewee12
peewee123
pegasus1
peggy123
peggysue
peinture
pekalongan
pekanbaru
pelican1
pelicano
pelicula
peliculas
pelle123
pellegrino
pelotudo
peluche1
peluchin
pembroke
pencil12
pencil123
pendejo1
pendejos
pendragon
pendrive
pendulum
penelopa
penelope
penelope1
pengpeng
penguin1
penguin11
penguin12
penguin123
penguin13
penguin2
penguin3
penguin5
penguin7
penguin8
penguin9
penguinator948
penguins
penguins1
penis123
penispenis
penner123
pennington
pennstate
pennstate1
penny123
pennydog
pennylane
pennywise
pennywise1
pensacola
penshoppe
pentagon
pentagram
penthouse
pentium1
pentium2
pentium3
pentium4
people11
people12
people123
people22
peoples1
pepe1234
pepepepe
peperoni
pepinillo
pepito123
peppapig
pepper00
pepper01
pepper09
pepper10
pepper101
pepper11
pepper12
pepper123
pepper13
pepper14
pepper15
pepper21
pepper22
pepper23
pepper33
pepper69
pepper99
pepperdog
peppermint
peppermint00
pepperoni
pepperoni1
pepperonipizza
peppers1
pepsi101
pepsi123
pepsicola
pepsicola1
pepsiman
pepsimax
pepsimax1
pepsione
perceval
percival
percolate
percussion
percyjackson
peregrin
peregrine
peregrino
pereira1
perelka1
perempuan
perez123
perfect1
perfect10
perfect123
perfect2
perfectdark
perfection
perfecto
perfectworld
performance
pericles
periwinkle
perkele1
perkins1
permanent
pernilla
pernille
peropero
perpetua
perpetual
perpignan
perritos
perro123
perroloco
perry123
persahabat
persephone
pershing
persib1933
persimmon
persona1
persona3
persona4
personal
personal1
personal123
personne
personnel
perspolis
peru2010
pescador
pescatore
pesciolino
peshawar
petanque
petardas
petepete
peter007
peter123
peter1234
peter12345
peterbilt
peternorth
peterose
peterpan
peterpan1
peterparker
peterpeter
petersburg
petersen
peterson
peterson1
petewentz
petitcoeur
petlover
petra123
petroleum
petronas
petronela
petrovich
petrucci
petruska
petunia1
peugeot1
peugeot106
peugeot206
peugeot306
peugeot307
peugeot406
pewdiepie
peyton18
pfchfytw
pfeiffer
pfqxjyjr
pfrbn123457
ph2u2lav8v
phaedrus
phantasm
phantasy
phantom1
phantom12
phantom123
phantom2
phantom7
phantoms
pharmacie
pharmacist
pharmacy
pharmacy1
pharrell
phatfarm
pheasant
phenomenon
pheonix1
phialpha
philadelphia
philbert
philip12
philip123
philip23
philipp1
philipp123
philippa
philippe
philippe1
philippine
philippine1
philippines
philips1
philips123
philips2
phillies
phillies1
phillip1
phillips
phillips1
philly215
philomena
philosophy
phish420
phoebe01
phoebe123
phoenix01
phoenix1
phoenix11
phoenix12
phoenix123
phoenix13
phoenix2
phoenix3
phoenix5
phoenix7
phoenix8
phoenix9
phone123
phonebook
phong123
phongvan
photo123
photograph
photography
photoman
photoshop
photosmart
php182535
phuong123
phuonganh
phuonglinh
phuongthao
phuongthuy
phyllis1
physical
physics1
physique
pi314159
pi31415926
pianista
piano123
pianoforte
pianoman
piazza31
picapica
picasso1
piccione
piccolina
piccolo1
pickachu
pickering
pickle12
pickle123
pickles1
pickles12
pickles123
pickles2
pickwick
picopico
picpost_type_id
picture1
pictures
pictures1
pie12345
piedmont
pieisgood
piepiepie
pierce34
piercing
pierdolsie
pierluigi
pierpaolo
pierre123
pierrick
piggy123
piggybank
piglet01
piglet12
piglet123
pikachu1
pikachu11
pikachu12
pikachu123
pikachu2
pikachu22
pikachu25
pikachu7
pikapika
pikatchu
pikopiko
pilchard
pilgrim1
piligrim
pilipinas
pilipinas1
pilipino
pillepalle
pilot123
pimentel
pimousse
pimp1234
pimp4life
pimpdaddy
pimpdaddy1
pimpette
pimpin101
pimpin12
pimpin123
pimpin23
pimpin69
pimping1
pimpjuice
pimpmyride
pimpollo
pimppimp
pimpshit
pimpster
pinacolada
pinarello
pinball1
pincopallino
pindakaas
pineappl
pineapple
pineapple1
pineapple123
pineapple2
pineapple7
pineapples
pinecone
pinetree
pinewood
pingouin
pingping
pingpong
pingpong1
pinguin1
pinguino
pinhead1
pinheiro
pink1234
pink12345
pinkangel
pinkblue
pinkbunny
pinkerton
pinkflower
pinkfloyd
pinkfloyd1
pinkgirl
pinkgirl1
pinkiepie
pinklady
pinklady1
pinklove
pinklover
pinkness
pinkpanter
pinkpanther
pinkpink
pinkpink1
pinkpony
pinkprincess
pinkpussy
pinkrose
pinkstar
pinky101
pinky123
pinkygirl
pinkypie
pinnacle
pinocchio
pinopino
pinoyako
pinuccio
pioneer1
pioneers
piotr123
piotrek1
piotrek12
piotrek123
pioupiou
pipeline
piper123
pipicaca
pipikaka
pipipipi
pipopipo
pippa123
pippen33
pippo100
pippo123
pippobaudo
pippopippo
pipsqueak
pira9821
piramida
piramide
pirate12
pirate123
pirate654
pirates1
piropiro
pirouette
pirulito
pisellino
pisellone
pisialove88
pisicuta
pissedoff
pisshead
pissoff1
pissword
pistache
pistachio
pistolet
pistons1
pitagora
pitagoras
pitbull1
pitbulls
pitchoun
pitchoune
piter123
pittbull
pittsburgh
pitufina
pixie123
pixiedust
piyopiyo
pizda123
pizza101
pizza123
pizza1234
pizzaboy
pizzahut
pizzahut1
pizzaman
pizzaman1
pizzapie
pizzapizza
pizzeria
pj2f6f4pab
pk123456
pk3x7w9w
pk3x7w9w7r
placebo1
placement
placerarts
planet123
plankton
planning
plantation
planters
plastic1
plastics
plat1num
platinum
platinum1
platypus
platypus1
play1234
play2win
play4fun
playa123
playa4life
playback
playball
playbill
playboy01
playboy1
playboy10
playboy11
playboy12
playboy123
playboy13
playboy14
playboy15
playboy2
playboy21
playboy3
playboy6
playboy69
playboy7
playboybunny
playboys
player01
player10
player11
player111
player12
player123
player13
player14
player21
player22
player23
player69
players1
playgame
playgames
playgirl
playgirl1
playground
playgurl
playhard
playhouse
playmaker
playmate
playmobil
playplay
playstatio
playstation
playstation1
playstation2
playstation3
playstation4
playtime
pleasant
please12
please123
pleaseme
pleasure
pleasure1
pleiades
plemiona
plethora
plmoknijb
plmqaz12
plmqazwsx123
plokijuh
plokmijn
plokplok
plombier
plopplop
plumber1
plumbing
plumeria
plumette
pluto123
plutonium
plymouth
plymouth1
pnufsci218
pocahontas
pochacco
pocoloco
poderosa
poderoso
podntn7656
podolski
poephoofd
poeppoep
pogiako1
pogiako12
pogiako123
pogipogi
pogopogo
poilkjmnb
pointblank
pointbreak
pointer1
pointless
poipoi123
poipoipoi
poison123
poisonivy
poissons
poitiers
poiu0987
poiu1234
poiulkjh
poiupoiu
poiuy123
poiuyt12
poiuyt123
poiuytre
poiuytrew
poiuytrewq
poiuytrewq1
poiuytrewq12
poiuytrewq123
poiuytreza
poiuztrewq
pok29q6666
poke1234
pokeball
pokemaster
pokemon0
pokemon00
pokemon007
pokemon01
pokemon02
pokemon08
pokemon09
pokemon1
pokemon10
pokemon100
pokemon101
pokemon11
pokemon111
pokemon12
pokemon123
pokemon1234
pokemon12345
pokemon13
pokemon14
pokemon15
pokemon16
pokemon17
pokemon18
pokemon19
pokemon2
pokemon20
pokemon2000
pokemon21
pokemon22
pokemon23
pokemon24
pokemon25
pokemon3
pokemon321
pokemon33
pokemon4
pokemon45
pokemon4ever
pokemon5
pokemon55
pokemon56
pokemon6
pokemon64
pokemon666
pokemon69
pokemon7
pokemon77
pokemon8
pokemon88
pokemon89
pokemon9
pokemon90
pokemon94
pokemon95
pokemon96
pokemon97
pokemon98
pokemon99
pokemonmaster
pokemonn
pokemons
pokemony
pokepoke
poker101
poker123
pokerface
pokerface1
pokerman
pokerpoker
pokerstar
pokerstars
pokesmot
pokoloko
pokopoko
pokwang1
polaczek
polak123
poland123
polar123
polarbear
polarbear1
polarbears
polaris1
polaroid
polatalemdar
polepole
polevault
policarpio
police01
police11
police12
police123
police22
police911
police999
policeauctions
policeman
policija
policja1
policja997
polifemo
polikloh00000
polina12
polina123
polina2001
polipoli
politics
politika
polka123
polkadot
polkadots
polkaudio
polki123
polkovnik
polkpolk
pollack1
pollito1
pollo123
pollopollo
pollution
polly123
pollyanna
pollypocket
polniypizdec0211
polo1234
polochon
polokolo
polonez1
polonia1
polopolo
polopolo1
polosport
polpetta
polpol123
polpolpol
polska10
polska11
polska12
polska123
polska13
polska22
poltergeist
polya123
polya123ma456
polynomial
pomidor1
pommes123
pomodoro
pompier18
pompiers
pompompom
pondering
ponderosa
pongo123
pongpong
ponorogo
pontiac1
pontianak
ponygirl
ponypony
ponytail
poo55555
poochie1
pooface1
poohbear
poohbear1
poohbear12
poohbear123
poohbear13
poohbear2
poohbear3
poohead1
poohpooh
pooja123
pooja1994
pookie01
pookie11
pookie12
pookie123
pookie13
pookie23
pookiebear
poolparty
poolpool
poolshark
poontang
poop1234
poop12345
poopdeck
poopdick
pooper12
pooper123
poopface
poopface1
poophead
poophead1
poopie12
poopie123
pooploop
poopoo11
poopoo12
poopoo123
poopoo22
poopoo99
poopoohead
poopoopoo
pooppoop
pooppoop1
poopshoot
poopstain
poopster
poopy123
poopyface
poopyhead
poopypants
poornima
pop12345
pop123456
popandey
popapopa
popcorn1
popcorn10
popcorn11
popcorn12
popcorn123
popcorn2
popcorn22
popcorn23
popcorn3
popcorn5
popcorn7
popeye123
popipopi
popo0909
popo1234
popo9090
popokatepetl
popololo
popopo123
popopo13
popopopo
popopopopo
poporing
poppies1
poppo099x
poppop12
poppop123
poppoppop
poppy123
poppy1234
poppycat
poppycock
poppydog
poppydog1
poppyseed
poprocks
popsicle
popstar1
popstar123
popstars
poptart1
poptarts
poptarts1
poptropica
poptropica1
poptropica12
popular1
popularmmos
population
porche911
porcinet
porcodio
porcodio1
porcupine
porfavor
porkchop
porkchop1
porkypig
pornking
porno123
pornografia
pornography
pornostar
pornpass
pornporn
pornstar
pornstar1
pornstar69
porol777
porra123
porridge
porsche1
porsche123
porsche9
porsche911
porsche944
porschegt3
porshe911
porta123
portable
portakal
portal123
portfolio
portillo
portishead
portista
portland
portland1
portocala
portsmouth
portugal
portugal1
portugal10
portugal12
portugal123
portugal7
portugalia
portugues
portvale
poseidon
poseidon1
poseinfopass
positano
position
positive
positive1
positivo
possible
postcard
postman1
postoffice
potangina
potato12
potato123
potatoes
potatoes1
potay123
potemkin
potential
pothead1
pothead420
potnoodle
potter11
potter12
potter123
potter13
poubelle
pouetpouet
poulette
pounette
poupette
poupoule
poupoune
pourquoi
povlmly727
power007
power100
power111
power123
power1234
power12345
power321
power666
power777
power999
powerade
powerade1
powerball
powerbook
powerbot
powerful
powerful1
powerfull
powergirl
powerhouse
powerlogic
powermac
powerman
powerman1
powermax
powerof3
powerplay
powerpoint
powerpower
powerpuff
powerrange
powerranger
powerrangers
powers12
powers123
powerslave
powerstroke
poziomka
pozitiv09
pp123456
pp12345678
pp28u1swju
ppk29q6666
ppoo0099
pppppppp
ppppppppp
pppppppppp
pr1nc3ss
pr1ncess
pr6n1bku9b
prabhakar
practical
practice
praisegod
praisehim
praisethelord
prajakta
prakash123
praktikum
prankster
prasad123
prasanna
prasanth
prasetyo
prashant
prashanth
pratibha
pratiksha
praveena
preacher
preacher1
preciosa
precioso
precious
precious1
precious12
precious2
precision
predator
predator1
predator123
predator2
predators
preetibuffy99
pregnant
prelude1
premier1
premiere
premium1
prentice
preordination
presario
presario1
preschool
prescott
presiden
president
president1
presidente
presley1
press123
pressure
prestige
prestige1
prestigio
preston1
preston123
pretender
pretinha
pretinho
pretoria
pretty10
pretty11
pretty12
pretty123
prettybaby
prettyboy
prettyboy1
prettygirl
prettygirl1
prettygurl
prettyinpink
prettykitty
prettylady
prettyme
prettypink
prettyprincess
prettywoman
pretzels
prewedpoka
prezident
priceless
pridurok
primavara
primavera
primetime
primrose
primrose1
princ3ss
prince01
prince07
prince10
prince11
prince12
prince123
prince1234
prince13
prince1999
prince21
prince22
prince23
prince55
prince99
princeofpersia
princes1
princesa
princesa1
princesita
princess
princess!
princess00
princess01
princess02
princess03
princess04
princess05
princess06
princess07
princess08
princess09
princess1
princess10
princess101
princess11
princess12
princess123
princess1234
princess13
princess14
princess15
princess16
princess17
princess18
princess19
princess2
princess20
princess21
princess22
princess23
princess24
princess25
princess26
princess27
princess28
princess29
princess3
princess33
princess4
princess45
princess5
princess6
princess69
princess7
princess77
princess8
princess88
princess89
princess9
princess91
princess92
princess93
princess94
princess95
princess96
princess97
princess98
princess99
princessa
princesse
princeton
princeton1
princezz
principal
principe
principessa
pringles
pringles1
prinsesa
printemps
printer1
printers
printesa
printing
prinzessin
priority
priscila
priscilla
priscilla1
prishtina
prisonbreak
prisoner
privacy1
private1
private123
privet123
privetik
priya123
priyanka
problems
processor
prodigious
prodigis
prodigy1
producer
producer1
production
productions
products
profesional
profesor
profesora
profession
professional
professor
professora
profile1
profile200
profiler
progamer
program1
programmer
progress
progress1
progressive
project02
project1
project123
project2501
project8
projects
projectsadminx
prometeo
prometheus
promise1
promises
promotion
propaganda
properties
property
property1
prophecy
prophet1
prosiaczek
proskater
prospect
prosper1
prosperity
prospero
prostreet
protect1
protected
protection
protector
protocol
protoman
protools
protoss1
prototip
prototype
prototype1
protozoa
proutprout
provence
proverbs
proverbs31
proverbs356
providence
provider
proview1
provista
prowler1
prudence
prudential
prunelle
przemek1
przemek123
ps3rocks
ps4zbif613
psalm119
psalm121
psalm139
psalm150
psalms23
psalms91
psfeenj768
psicologia
psp12345
pspgames
pswd2011dlinkers
psychedelic
psycho13
psycho666
psychology
psylocke
psytrance
pt123456
ptcruiser
ptuy2506
pu8gs8a8pw
pu9hu48xic
publicidad
puchatek
pudding1
puddles1
puertorico
puffball
puffdaddy
puffetta
puffpuff
pugsley1
puissance
pulamea1
pulamea123
pulguita
pulpfiction
pulsar150
pulsar180
pulsar220
pumapuma
pumas123
pumpitup
pumpkin1
pumpkin11
pumpkin12
pumpkin123
pumpkin2
pumpkin3
pumpkin7
pumpkinpie
pumpkins
pumpkins1
pumuckel
pumuklii
punipuni
punisher
punisher1
punjabi1
punk4life
punkgirl
punkista
punknotdead
punkpunk
punkrawk
punkrock
punkrock1
punkrocker
punksnotdead
punkster
punzalan
puppies1
puppies12
puppies123
puppies2
puppy101
puppy123
puppydog
puppydog1
puppylove
puppylove1
puppylover
puppyluv
puppypower
puravida
purchase
purchasing
puregold
purelife
purelove
purple00
purple01
purple07
purple08
purple09
purple10
purple101
purple11
purple12
purple123
purple1234
purple13
purple14
purple15
purple16
purple17
purple18
purple19
purple20
purple21
purple22
purple23
purple24
purple25
purple26
purple27
purple28
purple33
purple44
purple55
purple66
purple69
purple77
purple88
purple98
purple99
purplecow
purplegirl
purplehaze
purplerain
pusspuss
pussy101
pussy123
pussy4me
pussy666
pussycat
pussycat1
pussycatdolls
pussyeater
pussylicker
pussylips
pussylover
pussyman
pussypussy
pusteblume
putamadre
putamerda
putangina
putangina1
putanginam
putanginamo
putaputa
putaquepariu
putian123
puttputt
puzorez27746
pvkk8z48pa
pw123456
pw2012yr
pw898klkag
pwisdiwhs
pwj5d1e9ex
pwlamea10
px6gcr51
pyq28giz1p
pyramid1
pyramide
pyramids
pyromaniac
q0tsrbv488
q1111111
q11111111
q11223344
q123123123
q123321q
q1234567
q12345678
q123456789
q1234567890
q123456789q
q123456q
q123q123
q123w123
q12we34r
q1a2z3w4s5x6
q1q1q1q1
q1q1q1q1q1
q1q1w2w2
q1q2q3q4
q1q2q3q4q5
q1q2q3q4q5q6
q1w1e1r1
q1w2e3asd
q1w2e3q1w2e3
q1w2e3r4
q1w2e3r4!
q1w2e3r4t
q1w2e3r4t5
q1w2e3r4t5y
q1w2e3r4t5y6
q1w2e3r4t5y6u7
q1w2e3r4t5y6u7i8
q1w2e3r4t5y6u7i8o9
q1w2e3r4t5y6u7i8o9p0
q1w2e3r4t5z6
q1w2q1w2
q2345678
q2w3e4r5
q2w3e4r5t
q2w3e4r5t6
q2w3e4r5t6y
q2w3e4r5t6y7
q2w3e4r5t6y7u8i9o0
q4nonvff
q5201314
q7gqdnv747
q7w8e9a4s5d6
q8a74ippxd
q963258741q
q9dv5tl9up
qa123456
qa27111985qa
qaqaqaqa
qaswedfr
qavcx411
qawsed12
qawsed123
qawsedrf
qawsedrf1
qawsedrftg
qawsedrftgyh
qawsedrftgyhujik
qawsedrftgyhujikolp
qaywsx12
qaywsx123
qaywsxedc
qayxswedc
qaz123123
qaz12345
qaz123456
qaz123456789
qaz123qaz
qaz123qaz123
qaz123wsx
qaz123wsx456
qaz12wsx
qaz147258
qaz1wsx2
qaz1wsx2edc3
qazedctgb
qazedcwsx
qazplm123
qazqaz11
qazqaz12
qazqaz123
qazqazqaz
qazqazqaz1
qazqwe123
qazse123
qazsedcft
qazw1234
qazw123ds
qazw21123
qazwsx01
qazwsx11
qazwsx111
qazwsx12
qazwsx123
qazwsx123123
qazwsx1234
qazwsx12345
qazwsx123456
qazwsx13
qazwsx21
qazwsx22
qazwsx23
qazwsx321
qazwsx741
qazwsx741852
qazwsxed
qazwsxed1
qazwsxedc
qazwsxedc1
qazwsxedc11
qazwsxedc12
qazwsxedc123
qazwsxedc1234
qazwsxedc12345
qazwsxedc123456
qazwsxedc2
qazwsxedc321
qazwsxedcq1
qazwsxedcr
qazwsxedcrfv
qazwsxedcrfv1
qazwsxedcrfv123
qazwsxedcrfvtgb
qazwsxedcrfvtgby
qazwsxqaz
qazwsxqazwsx
qazx1234
qazxc123
qazxcdews
qazxcvbn
qazxcvbnm
qazxsw11
qazxsw111
qazxsw12
qazxsw123
qazxsw1234
qazxsw123456
qazxsw21
qazxsw23
qazxsw321
qazxswed
qazxswedc
qazxswedc1
qazxswedc123
qazxswedcvfr
qazxswedcvfrtgb
qazxswqazxsw
qazxswrt
qazzaq123
qbsf9gq969
qbx26ng3hh
qdujvyg5sxa
qdye17t1zv
qeq4apf7yb
qet135q1
qg9aa71nrs
qgy6261021
qh09lp1088
qh45rthgh
qh6xl1p9xj
qh7o3oz5sc
qhnxv88k3x
qhs38qr2uy
qianqian
qiciqdp162
qingqing
qiu19200439
qj9oe57fta
qjqtery7
qken85ax4h
qlalfqjsgh
qn4kbwv559
qo9iuty8
qoxrzwfr
qp7ilc98tg
qpalzm10
qpalzm123
qpqpqpqp
qpwo1029
qpwoeiru
qpwoeiruty
qq000000
qq100000099
qq111111
qq112233
qq11qq11
qq11ww22
qq123000
qq123123
qq123321
qq123456
qq1234567
qq12345678
qq123456789
qq1314520
qq18ww899
qq40000554
qq5201314
qq5296562
qq6cfwi888
qq7758521
qq831019
qq888888
qq95dd1tt2
qqq111qqq
qqq12345
qqq123456
qqqaaazzz
qqqq1111
qqqq1234
qqqqq11111
qqqqqq11
qqqqqq12
qqqqqq123
qqqqqqq1
qqqqqqqq
qqqqqqqq1
qqqqqqqqq
qqqqqqqqqq
qqqqqqqqqqqq
qqqqwwww
qqqwww123
qqqwwweee
qqwer5546a
qqwerty123
qqwerty12345
qqww1122
qqwwee11
qqwwee123
qqwweerr
qrwx65h2ji
qsdfghjk
qsdfghjklm
qsefthuko
qsl171912
qslwdofkgu
qti7zxh18u
quackers
quackquack
quagmire
quake123
quake3arena
quality1
quality123
quality3
quang123
quanganh
quanghung
quanghuy
quangminh
quangtrung
quangvinh
quanquan
quantum1
quaresma
quaresma7
quasimodo
quattro1
queen123
queenbee
queenbee1
queenie1
queensland
quentin1
quest123
question
question1
questions
queteimporta
qugrqfo825
quicksand
quicksilver
quidditch
quiksilver
quilting
quinn123
quinones
quintana
quintero
quinton1
qunimade
quochung
quockhanh
quovadis
quusdzp394
quynhanh
quynhnhu
qw123123
qw123321
qw123456
qw123456789
qw12er34
qw12er34ty56
qw12qw12
qw1314520
qw1as2zx3
qw1er2ty3ui4op5
qw4hddqcrg
qwas1234
qwaserdf
qwasqwas
qwasyx12
qwaszx11
qwaszx12
qwaszx123
qwaszx1234
qwaszx12345
qwaszxedc
qwaszxer
qwaszxerdfcv
qwaszxqw
qwaszxqwaszx
qwe123123
qwe123321
qwe12345
qwe123456
qwe123456789
qwe123asd
qwe123asd123
qwe123asd456
qwe123mn
qwe123qwe
qwe123qwe123
qwe123rty
qwe123rty456
qwe123zxc
qwe12qwe
qwe1asd2zxc3
qwe321qwe
qwe789456
qwe789asd456
qweasd11
qweasd12
qweasd123
qweasd1234
qweasd123456
qweasd321
qweasdqwe
qweasdqweasd
qweasdrf
qweasdyxc
qweasdyxc123
qweasdzx
qweasdzxc
qweasdzxc1
qweasdzxc12
qweasdzxc123
qweasdzxc1234
qweasdzxc12345
qweasdzxcrfv
qweasdzxcv
qwecbhnev
qwedcxza
qwedcxzas
qwedsa123
qwedsazxc
qwedsazxc1
qwedsazxc123
qwee341123
qweewq123
qweewq123321
qwepoi123
qwepoiasdlkj
qweqwe11
qweqwe12
qweqwe123
qweqwe123123
qweqweqwe
qweqweqwe1
qweqweqwe123
qweqweqweqwe
qweqwerty1
qwer0987
qwer1234
qwer12345
qwer123456
qwer1234qwer
qwer250882
qwer4321
qwer5678
qwerasdf
qwerasdf1
qwerasdf12
qwerasdf123
qwerasdf1234
qwerasdfzxcv
qwerasdzx
qwerfdsa
qwerfdsazxcv
qwerpoiu
qwerqwer
qwerqwer1
qwerqwer2
qwerqwerqwer
qwerrewq
qwert111
qwert123
qwert1234
qwert12345
qwert123456
qwert321
qwert54321
qwert666
qwert678
qwert789
qwertasd
qwertasdf
qwertasdfg
qwertasdfgzxcvb
qwertgfdsa
qwertqwert
qwertrewq
qwerttrewq
qwerty00
qwerty000
qwerty001
qwerty007
qwerty01
qwerty02
qwerty05
qwerty06
qwerty07
qwerty08
qwerty09
qwerty098
qwerty0987
qwerty1!
qwerty10
qwerty100
qwerty101
qwerty11
qwerty111
qwerty1111
qwerty112
qwerty12
qwerty121
qwerty1212
qwerty122
qwerty123
qwerty1231
qwerty123123
qwerty123321
qwerty1234
qwerty12345
qwerty123456
qwerty1234567
qwerty12345678
qwerty123456789
qwerty1234567890
qwerty123qwerty
qwerty13
qwerty132
qwerty1337
qwerty135
qwerty14
qwerty147
qwerty15
qwerty159
qwerty16
qwerty17
qwerty18
qwerty19
qwerty1983
qwerty1984
qwerty1986
qwerty1987
qwerty1988
qwerty1989
qwerty1990
qwerty1991
qwerty1992
qwerty1993
qwerty1994
qwerty1995
qwerty1996
qwerty1997
qwerty1998
qwerty1999
qwerty20
qwerty2000
qwerty2001
qwerty2002
qwerty2009
qwerty2010
qwerty2011
qwerty2012
qwerty2013
qwerty21
qwerty22
qwerty228
qwerty23
qwerty24
qwerty25
qwerty26
qwerty27
qwerty28
qwerty29
qwerty30
qwerty31
qwerty32
qwerty321
qwerty33
qwerty333
qwerty34
qwerty42
qwerty4321
qwerty44
qwerty45
qwerty456
qwerty54321
qwerty55
qwerty555
qwerty56
qwerty567
qwerty65
qwerty654321
qwerty66
qwerty666
qwerty67
qwerty678
qwerty69
qwerty72
qwerty74
qwerty75
qwerty76
qwerty77
qwerty777
qwerty78
qwerty789
qwerty7890
qwerty79
qwerty80
qwerty81
qwerty82
qwerty83
qwerty84
qwerty85
qwerty86
qwerty87
qwerty88
qwerty888
qwerty8888
qwerty89
qwerty90
qwerty91
qwerty911
qwerty92
qwerty93
qwerty94
qwerty95
qwerty96
qwerty97
qwerty98
qwerty987
qwerty99
qwerty999
qwertyas
qwertyasd
qwertyasdf
qwertyasdfg
qwertyasdfgh
qwertyasdfgzxcvb1234
qwertyhgfdsa
qwertyman
qwertyqaz
qwertyqwerty
qwertyqwerty1
qwertytrewq
qwertyu1
qwertyu12
qwertyu123
qwertyu1234567
qwertyu7
qwertyu8
qwertyui
qwertyui1
qwertyui12
qwertyui123
qwertyui2p
qwertyui9
qwertyuio
qwertyuio0
qwertyuio1
qwertyuio890
qwertyuiop
qwertyuiop0
qwertyuiop09
qwertyuiop1
qwertyuiop11
qwertyuiop12
qwertyuiop123
qwertyuiop1234
qwertyuiop12345
qwertyuiop123456
qwertyuiop123456789
qwertyuiop1234567890
qwertyuiop789
qwertyuiop789!
qwertyuiop9
qwertyuiop[]
qwertyuiopa
qwertyuiopas
qwertyuiopasd
qwertyuiopasdf
qwertyuiopasdfg
qwertyuiopasdfgh
qwertyuiopasdfghjkl
qwertyuiopasdfghjklzxcvbnm
qwertyytrewq
qwertz12
qwertz123
qwertz1234
qwertz123456
qwertzu1
qwertzui
qwertzui1
qwertzuio
qwertzuiop
qwertzuiop1
qweruiop
qwerzxcv
qwerzxq1
qwest123
qwezxc123
qwezxcasd
qwindows2
qwqw1212
qwqwqw12
qwqwqwqw
qwqwqwqwqw
qwsaqwsa
qwtq0dj69
qxxm93js
qy5togr996
qydo5do781
qyq28gio1z
qzwxecrv
r00tb33r
r00tbeer
r0ckstar
r1234567
r12345678
r123456789
r1r2r3r4
r1r2r3r4r5
r1ybhs4o1h
r26nnxjx7n
r2d2c3p0
r2d2c3po
r2d2r2d2
r2uixtz119
r3m3mb3r
r4e3w2q1
r4evc8d8vs
r4gn4r0k
r4q8aftt7x
r5t6y7u8
r6fvpo6g6d
r6sngy4u5u
r89quxdu1
r8s45sji
r8ylqap77q
r95921228r
r9e8w7q6
r9lw4j8khx
r9ukwcfx
ra123456
rabbit01
rabbit11
rabbit12
rabbit123
rabbit13
rabbit69
rabbit99
rabbits1
racecar1
racecars
racer123
rachael1
rachel01
rachel10
rachel11
rachel12
rachel123
rachel13
rachel14
rachel18
rachel21
rachel22
rachel69
rachel99
rachelle
rachelle1
rachmaninoff
racionais
radagast
radar123
radcliffe
radek123
radhakrishna
radharani
radhasoami
radhaswami
radheradhe
radiance
radiation
radiator
radical1
radio123
radio538
radioactive
radiohead
radiohead1
radiology
radioman
radmila5
radoslav
radwimps
rafa1234
rafael01
rafael10
rafael12
rafael123
rafael1234
rafael22
rafaella
rafaello
rafal123
rafanadal
rafarafa
raffaela
raffaele
raffaella
raffaello
rafferty
ragerage
raghavendra
ragnar0k
ragnarock
ragnarok
ragnarok1
ragnarok12
ragnarok123
rahaman25
rahasia1
rahasia123
rahasiaku
rahman123
rahmawati
rahul123
rahul1234
raider12
raiders1
raiders11
raiders12
raiders123
raiders13
raiders2
raiders21
raiders24
raiders7
raiderz1
raikkonen
railroad
railroad1
raimundo
rain1234
rainbow01
rainbow1
rainbow10
rainbow11
rainbow12
rainbow123
rainbow13
rainbow2
rainbow21
rainbow22
rainbow23
rainbow3
rainbow4
rainbow5
rainbow6
rainbow69
rainbow7
rainbow8
rainbow9
rainbow99
rainbowdash
rainbows
rainbows1
rainbowsix
raindrop
raindrops
rainfall
rainforest
rainmaker
rainman1
rainrain
raintree
rainyday
raise9900
raistlin
raistlin1
raj12345
raja1234
rajababu
rajaraja
rajarani
rajasthan
rajawali
rajendra
rajesh123
rajeshwari
rajeswari
rajinder
rajkumar
rajneesh
rakesh123
rakisuta
raleigh1
ralph123
ralphie1
ram12345
ramadevi
ramadhan
ramakrishna
ramarama
ramayana
rambler1
rambo123
rambutan
ramchandra
ramesh123
ramirez1
ramkumar
rammstein
rammstein1
rammstein123
ramon123
ramones1
ramos123
rampage1
ramramram
ramstein
ranarana
ranchero
randall1
randalthor
randolph
randolph1
random01
random11
random12
random123
random1234
random13
randomness
randy123
randymoss
randyorton
ranger00
ranger01
ranger10
ranger11
ranger12
ranger123
ranger13
ranger21
ranger22
ranger69
ranger75
ranger88
ranger99
rangerover
rangers01
rangers09
rangers1
rangers10
rangers11
rangers12
rangers123
rangers1690
rangers1873
rangers2
rangers7
rangers9
rangers94
rangers99
rangersfc
rangersfc1
rangersno1
ranking21
ranonline
rantanplan
raoujfl963
rap4life
raphael1
raphael123
rapid123
raptor12
raptor123
raptor22
raptor660
raptor700
raptors1
rapture1
rapunzel
rararara
rasberry
rascal01
rascal11
rascal12
rascal123
rasengan
rasengan1
rasmus12
rasmus123
rasmussen
raspberry
rasputin
rasta123
rastafar
rastafara
rastafari
rastafari1
rastaman
rastaman1
rat2good
ratatouille
ratchet1
ratedrko
rathalos
rattlers
rattlesnake
ravemaster
raven123
raven666
ravenclaw
ravenous
ravens52
ravi1234
ravikumar
ravinder
ravindra
ravipass
rawalpindi
rawiswar
rawlings
rawr1234
rawrrawr
rawson51
rayallen
rayan123
rayearth
raymond1
raymond12
raymond123
raymond2
raymonde
raymundo
rayquaza
rayray12
rayray123
razer123
razor123
razor1911
razorback
razorbacks
razorblade
rb26dett
rbc6r9e9ip
rbczbratz
rbotmvz954
rbrbvjhf
rc95kzbj1v
rdfhnbhf
rdfhnbhfyy
rdfhnfk1
re123456
reaction
reading1
ready123
ready2go
realbetis
realdeal
realestate
reality1
reallife
reallove
realmadrid
realmadrid1
realmadrid123
realmadrid7
realmadryt
realnigga
realreal
realschule
realsim07
realtime
realtor1
realworld
reanimation
reanimator
reaper12
reaper123
reaper13
reaper666
reaper69
rebecca01
rebecca1
rebecca10
rebecca11
rebecca12
rebecca123
rebecca13
rebecca2
rebecca3
rebecca7
rebekah1
rebel123
rebelde1
rebelde123
rebeldes
rebellion
rebirth1
reception
rechelle
recherche
reckless
reckless1
recorder
records1
recovery
recovery1
recruiter
recruitment
red12345
red123456
red12red
redalert
redalert1
redalert2
redalert3
redangel
redapple
redareda
redbaron
redbeard
redbird1
redbirds
redblack
redblood
redbone1
redbull1
redbull123
redcarpet
redcloud
redcross
reddevil
reddevil1
reddevils
reddragon
reddragon1
reddwarf
reddwarf1
reddy123
redeagle
redeemed
redeemer
redemption
redfaction
redfield
redfish1
redfred1
redgreen
redhawks
redhead1
redheads
redheart
redhorse
redhouse
rediallj2a
rediffmail
redknapp
redlabel
redlands
redlight
redline1
redman123
redman1234
rednaxela
redneck1
redoctober
redouane
redpanda
redqueen
redragon
redranger
redred11
redred12
redred123
redredred
redrider
redriver
redrobin
redrocket
redrose1
redroses
redrover
redshoes
redskin1
redskins
redskins1
redskins21
redsox01
redsox04
redsox07
redsox08
redsox10
redsox11
redsox12
redsox123
redsox13
redsox2004
redsox21
redsox22
redsox23
redsox24
redsox33
redsox34
redstar1
redstone
redstorm
redtiger
redtruck
redtube123
redvsblue
redwall1
redwarbike
redwhite
redwine1
redwing1
redwings
redwings1
redwings19
redwood1
reece123
reefer420
reese123
referee1
reference
refinnej
reflection
regalado
regenbogen
regenboog
regent12
reggaeton
reggie01
reggie11
reggie12
reggie123
reggie25
reggie31
regiment
regina12
regina123
reginald
reginald1
reginaldo
regional
register
register1
registered
registrati
registrati1
registration
registro
reglisse
regulator
rehan123
reiayanami
reinaldo
reindeer
reinfopass
reinhard
reinhold
relampago
relation
relationship
relentless
reliable
reliance
relientk
religion
relisys1
reloaded
reloaded1
rembrandt
remedios
remember
remember1
remember123
remember2
rememberme
reminder
remington
remington1
remo1d72a
remo1d72b
renaissance
renan123
renata123
renato123
renault1
renault19
renault5
rencontre
rendezvous
rene1234
renee123
renegade
renegade1
renegades
renerene
renesmee
rennes35
rennmaus
renovatio
renzokuken
reporter
represent
reptile1
reptiles
republic
republic1
republica
repytwjd
repytwjdf
requiem1
required
rerehepf
rererere
rerfhfxf
rerfhtre
research
research1
reserved
reservoir
reset123
reset1234
reset12345
resident
resident1
resident4
residentevil
residentevil4
residentevil5
resistance
resolution
resonance
resource
resources
respect1
response
restart1
restaurant
restinpeace
restless
restricted
resu123we
resurrection
retard123
retarded
retarded1
retired1
retirement
retraite
retriever
retro123
retupmoc
reunion974
reussite
revelation
revelations
revenant
revenge1
revenger
reventon
reverend
revolucion
revolution
revolution1
revolver
revolver1
rewq1234
rewq4321
rewrite123
rex12345
rexmore55
rexrexrex
reyes123
reymisterio
reymysterio
reymysterio619
reynaldo
reynaldo1
reynante
reynolds
reynolds1
reyrey619
rfgbnjirf
rfgtkmrf
rfhbyjxrf
rfhectkm
rfhfntkm
rfhfrfnbwf
rfhfufylf
rfhfvtkm
rfhfvtkmrf
rfhfylfi
rfhjkbyf
rfhnjirf
rfkmrekznjh
rfktylfhm
rfnfcnhjaf
rfnthbyf
rfnthbyrf
rfntymrf
rfnzcfif
rfnzrfnz
rfonline
rfpfyjdf
rfpfynbg
rfrfirf1
rfrfirf123
rfrfitxrf
rfrfrfrf
rfvbrflpt
rfvfcenhf
rfvtgbyhn
rfvxfnrf
rfybreks
rhapsody
rhbcnbyf
rhbcnbyf1
rhbcnbyjxrf
rhbcnbyrf
rhfcfdbwf
rhfcfdxbr
rhfcjnrf
rhfcyjlfh
rhfdxtyrj
rhianna1
rhiannon
rhiannon1
rhino123
rhjcafbh
rhjccafth
rhjrjlbk
rhportal
rhtdtlrj
ricardinho
ricardito
ricardo1
ricardo10
ricardo12
ricardo123
riccardo
riccardo1
ricflair
rich1234
richard01
richard1
richard10
richard11
richard12
richard123
richard13
richard2
richard21
richard22
richard23
richard3
richard5
richard7
richards
richards1
richardson
richelle
richgirl
richierich
richland
richmond
richmond1
richrich
rick1234
rickjames
rickjames1
rickrick
rickross
rickster
ricky123
ricochet
ricorico
riddick1
ride4life
rideordie
ridgeback
ridgeway
ridiculous
riffraff
rifleman
righteous
rightnow
rigoberto
rihanna1
rikimaru
rikiriki
rikuriku
riley123
rileydog
rinarina
rincewind
ringette
ringmaster
ringo123
ringostar
ringring
ringtone
ringtones
rinoceronte
rintintin
riodejaneiro
riogrande
ripcurl1
riquelme
riseagainst
rishi123
risingsun
ritarita
ritchie1
rivendell
river123
riverdale
riverplate
riverrat
riverside
riverside1
riversidec
riverview
riz3s1pp8s
rjdfktyrj
rjgo7we138
rjhjkmbien
rjhjktdf
rjrfrjkf
rjyatnrf
rjycnfynby
rk283293
rkfdbfnehf
rkskekfk
rktjgfnhf
rm123456
ro123456
ro250ba17
roaddogg
roadhouse
roadkill
roadkill1
roadking
roadrage
roadrash
roadrunner
roadstar
roadster
roadtrip
robaczek
robbie01
robbie12
robbie123
roberson
robert01
robert02
robert03
robert07
robert08
robert09
robert10
robert11
robert12
robert123
robert1234
robert13
robert14
robert15
robert16
robert17
robert18
robert19
robert20
robert21
robert22
robert23
robert24
robert25
robert26
robert30
robert33
robert55
robert69
robert77
robert87
robert88
robert89
robert99
roberta1
robertino
roberto1
roberto123
robertpattinson
roberts1
robertson
robertson1
robin123
robinho10
robinhood
robinhood1
robinson
robinson1
roblox12
roblox123
robocop1
robot123
robotboy
robotech
robotics
robvandam
robyn123
robzombie
rocafella
rocawear
rocco123
rochdale
rochelle
rochelle1
rochester
rochester1
rock1234
rock4ever
rock4life
rockabilly
rockandrol
rockandroll
rockband
rockband1
rockband2
rockbottom
rockchick
rockcity
rocker12
rocker123
rockers1
rocket01
rocket11
rocket12
rocket123
rocket21
rocket88
rocketmail
rocketman
rocketman1
rockets1
rockfish
rockford
rockgirl
rockhard
rockhead
rockhopper
rockista
rockland
rocklee1
rockman1
rockmanx
rockmusic
rocknrol
rocknroll
rocknroll1
rocko123
rockon12
rockon123
rockport
rockrock
rockroll
rockstar
rockstar1
rockstar10
rockstar101
rockstar11
rockstar12
rockstar123
rockstar13
rockstar2
rockstar3
rockstar5
rockstar69
rockstar7
rocksteady
rockster
rockwell
rockwood
rocky007
rocky101
rocky111
rocky123
rocky1234
rocky12345
rockybalboa
rockyboy
rockydog
rockydog1
rockyroad
rockytop
rocroyal
roderick
roderick1
rodman91
rodolfo1
rodolphe
rodrigo1
rodrigo10
rodrigo12
rodrigo123
rodrigue
rodrigues
rodriguez
rodriguez1
rodzina1
rofl1234
roflcopter
roflcopter1
roflmao1
roflmao123
roflrofl
roflrofl1
roger123
rogerfederer
rogerroger
rogerthat
rogue123
rohan123
rohit123
roland12
roland123
roland7859
rolando1
roleplay
rollerblade
rollercoaster
rollin60
rolling1
rollingstone
rollingstones
rollmops
rollover
rollsroyce
rolltide
rolltide1
rolltide12
rolypoly
roma1234
roma12345
roma1927
roma1996
roma1997
roma1998
roma1999
roma2000
roma2001
roma2002
roma2007
roman123
roman2000
roman4ik
romance1
romania1
romania123
romanista
romanova
romanroman
romans116
romans12
romans828
romanson
romantic
romantic1
romantica
romantico
romantik
romaroma
romashka
romeo123
romtelecom
romualdo
ronald12
ronald123
ronaldinho
ronaldinho1
ronaldinho10
ronaldinho80
ronaldinio
ronaldino
ronaldo07
ronaldo09
ronaldo1
ronaldo10
ronaldo11
ronaldo12
ronaldo123
ronaldo13
ronaldo17
ronaldo2
ronaldo7
ronaldo77
ronaldo777
ronaldo9
ronaldo99
ronnie10
ronnie11
ronnie12
ronnie123
ronny123
rooney08
rooney10
rooney12
rooney123
roosevelt
rooster1
roosters
root1234
rootbeer
rootbeer1
rootroot
rorororo
rosales1
rosalie1
rosalina
rosalind
rosalinda
rosaline
rosalita
rosamaria
rosangela
rosario1
rosarosa
roscoe11
rose1234
rose12345
roseann1
roseanne
rosebowl
rosebud1
rosebud123
rosebud2
rosebuds
rosebush
rosedale
rosegarden
rosehill
roseindia
roseline
roselyn1
roselyne
rosemarie
rosemarie1
rosemary
rosemary1
rosenberg
rosenborg
rosenrot
rosepetal
roserose
roses123
rosesarered
rosewood
rosie123
rosiedog
rosieposie
rossella
rossignol
rossoneri
rossonero
rostov8888
roswell1
roswitha
rothmans
rotterdam
rottweiler
roudoudou
roughneck
roulette
rounders
rousseau
route666
rover123
rover200
rover214
rover400
roxanne1
roxas123
roxie123
roxy1234
roxygirl
roxyroxy
royal123
royalflush
royalty1
roykeane
rr123456
rr123456rr
rrib4v9426
rrrrrrrr
rrrrrrrrr
rrrrrrrrrr
rsuy48w5bd
rtyfghvbn
rtyybevth
rub452ejfe
rubberband
rubberduck
rubberducky
rubbish1
ruben123
ruby1234
rubyred1
rubyrose
rubyruby
ruch1920
rudeboy1
rudyrudy
ruffles1
ruffneck
ruffruff
ruffryder
ruffryders
rufus123
rugby123
rugbyman
rugrats1
ruicosta
rukawa11
rukhsana
run4life
runaway1
rundumsbaby
runescape
runescape1
runescape12
runescape123
runescape2
runner11
runner12
runner123
running1
runningman
runrunrun
ruriruri
rush2112
rushhour
rushmore
rushrush
ruslan009
ruslan123
russell1
russell123
russell2
russia11
russia12
russia123
russia88
russian1
russian7
russland
rusty123
rustyboy
rustydog
rutabaga
rutherford
ruthless
ruthless1
rx78gp01
ry8a9n1lll
ryan1234
ryan12345
ryan1995
ryan2000
ryan2001
ryan2002
ryan2003
ryan2004
ryan2006
ryan2008
ryangiggs
ryanjames
ryanryan
rycbar123
ryjgjxrf
ryousuke
ryu750103
s091272s
s0mething
s1234567
s12345678
s123456789
s1234567890
s123456s
s14081986
s14tg9rgvi
s1mpsons
s1s2s3s4
s1s2s3s4s5
s219arfspk
s39jwbw5ia
s3cur1ty
s4league
s5jdeuz94c
s5jjfbs88c
s5n4yd8fkc
s7777777
s8054424
s8054523
s8kril9u4f
s954wwjwap
s9qxa9yn9cc=
s9rf98xlro
sa123123
sa123456
sa731006
saab9000
saavedra
sabasaba
sabastian
sabbath1
sabedoria
saber123
sabertooth
sabina123
sable123
sabotage
sabrina01
sabrina1
sabrina11
sabrina12
sabrina123
sabrina2
sabrina7
sachin10
sachin123
sackings
sacramento
sacred123
sacredheart
sacrifice
sadbuttrue
sadie123
sadiedog
sadiegirl
sadiemae
sadiesue
sadomaso
sadsadsad
saeed123
safc1973
safety123
safeway1
safex982
saffron1
sagar123
sagarika
sagarmatha
sagichnicht
sagitaire
sagitario
sagitarius
sagittaire
sagittario
sagittariu
sagittarius
sagopakajmer
sahabat1
sahhas1221
sahil123
saibaba1
saibaba123
saidsaid
sail2boat3
sailaway
sailboat
sailboat1
sailfish
sailing1
sailormoon
sailormoon1
saint123
saints01
saints09
saints12
saints123
saints25
saintseiya
saintsrow
saintsrow2
sairam12
sairam123
saiyajin
sakamoto
sakartvelo
sakarya54
sakisaki
sakithati
sakura00
sakura01
sakura10
sakura11
sakura12
sakura123
sakura13
sakura14
sakura15
sakura21
sakura22
sakura39
sakura88
sakuraba
sakurachan
sakuragi
sakurako
sakurasaku
sakurasakura
sakusaku
salak123
salam123
salamanca
salamander
salamandra
salamandre
salamence
salamsalam
salasana
salasana1
salatiga
salazar1
salchicha
saleens7
salem123
sales123
salesman
salim123
salimata
salinas1
salinger
salisbury
sally123
sallyann
sallydog
salma123
salman007
salman123
salmankhan
salomon1
salsa123
salsabila
saltanat
saltlake
saltwater
saltydog
salut123
salutation
salutsalut
salvacion
salvador
salvador1
salvation
salvation1
salvator
salvatore
salvatore1
salzburg
sam12345
sam123456
samadams
samael666
samanta1
samantha
samantha01
samantha1
samantha10
samantha11
samantha12
samantha123
samantha13
samantha14
samantha2
samantha21
samantha22
samantha3
samantha5
samantha7
samantha8
samantha9
samanyolu
samara123
samara163
samara63
samarinda
samarkand
samasama
samatron
sambo123
sameer123
samesame
samet123
samfisher
sami1234
samiksha
samir123
samira123
samisami
sammie01
sammie12
sammie123
sammiesaur
sammy101
sammy111
sammy123
sammy1234
sammyboy
sammycat
sammydog
sammydog1
sammysosa
samolot1
samon123
samourai
sampaguita
sampdoria
sample123
sample1234
sampoerna
sampson1
samsam12
samsam123
samsamsam
samson01
samson11
samson12
samson123
samson13
samsonite
samsun55
samsung0
samsung01
samsung09
samsung1
samsung10
samsung11
samsung12
samsung123
samsung1234
samsung12345
samsung13
samsung14
samsung15
samsung19
samsung2
samsung21
samsung22
samsung23
samsung3
samsung4
samsung5
samsung6
samsung666
samsung69
samsung7
samsung8
samsung88
samsung89
samsung9
samsung99
samsungd500
samsunge250
samsungg
samsungs
samsunlu55
samthedog
samtheman
samtron1
samuel01
samuel02
samuel03
samuel05
samuel07
samuel09
samuel10
samuel11
samuel12
samuel123
samuel13
samuel14
samuel21
samuel22
samuel23
samuel98
samuel99
samuelito
samurai1
samurai123
samurai2
samurai7
samuraix
samusaran
sanalika
sanalkitap
sanandreas
sanandreas1
sanandres
sanane12
sanane123
sananeamk
sananeaq
sananebe
sananelan
sananelan1
sananelan123
sanantonio
sanasana
sancarlos
sanchez1
sanchez123
sanchita
sanctuary
sandberg
sandeep1
sandeep123
sander123
sander17
sanders1
sanders20
sanders21
sanderson
sandiego
sandiego1
sandking
sandman1
sandmann
sandokan
sandoval
sandpiper
sandra01
sandra10
sandra11
sandra12
sandra123
sandra13
sandra15
sandra18
sandra21
sandra22
sandra23
sandra69
sandrina
sandrine
sandrita
sandro123
sandrock
sandstone
sandstorm
sandwich
sandwich1
sandy123
sandydog
sanek123
sanfran1
sanfrancisco
sangeeta
sangeetha
sanglier
sangohan
sangreal
sanguine
sanitarium
sanjay123
sanjose1
sanjose408
sanju123
sanjuan1
sanlorenzo
sanmartin
sanmateo
sanmiguel
sanosuke
sanpedro
santa123
santaclaus
santacruz
santacruz1
santafe1
santamaria
santana1
santander
santarosa
santeria
santhosh
santi123
santiago
santiago1
santiago12
santiago123
santillan
santino1
santorini
santos10
santos11
santos12
santos123
santos14
santosfc
santosh123
santoshi
sanya123
saopaulo
saphira1
saphire1
sapphire
sapphire1
saprissa
saqartvelo
sara1234
sara2000
sara2002
sara7272
sarabeth
saracens
saradomin
sarafina
sarah123
sarah1234
sarah2000
sarahann
sarahjane
sarahjane1
sarahmae
sarahsarah
sarajane
sarajevo
sarajevo1
saranghae
saranghe
sarangheyo
sarasara
sarasota
saraswathi
saraswati
saratoga
saravana
saravanan
sardegna
saregama
sargento
sargodha
sarkany10
sarkar123
sarmiento
sarobal2
sarojini
sarusaru
sarutobi
sasa1234
sasasa12
sasasa123
sasasasa
sasasasasa
sascha12
sascha123
sasfdwer
sasha007
sasha111
sasha123
sasha1234
sasha12345
sasha1987
sasha1988
sasha1991
sasha1992
sasha1993
sasha1994
sasha1995
sasha1996
sasha1997
sasha1998
sasha1999
sasha2000
sasha2001
sasha2002
sasha2003
sasha2004
sasha2005
sasha2009
sasha2010
sasha2011
sasha2012
sasha555
sasha777
sasha_007
sashadog
sashasasha
sashenka
sasikala
sasin414
saskatoon
saske123
sasquatch
sassafras
sassi123
sassy101
sassy123
sassycat
sassydog
sassygirl
sassygirl1
sasuke01
sasuke10
sasuke11
sasuke12
sasuke123
sasuke1234
sasuke13
sasuke14
sasuke21
sasuke22
sasuke23
sasuke99
sasukekun
sasukeuchiha
sasunaru
sasusaku
sat321321
sat99#dx
satan123
satan666
satana666
satanas666
satanic666
satanist
satelite
satellite
satellite1
satheesh
satisfaction
satish123
satosato
satriani
sattarov1975
saturday
saturday1
saturn01
saturn11
saturn12
saturn123
saturnin
saturnus
satya123
satyam123
satyricon
saucisse
saudades
saun24865709
saunders
saunders1
sausage1
sausages
sausages1
savage12
savage123
savanna1
savannah
savannah1
savannah12
savannah2
savatage
saviour1
sawamura
sawasawa
sawasdee
sawsaw1212
saxaphone
saxophon
saxophone
saxophone1
sayalupa
sayang12
sayang123
sayangkamu
sayangku
sayangku1
sayangmama
sayasaya
saymyname
sayonara
sb123456
sbao6k61hl
sbh8lgr84re
sc00byd00
sc0rpi0n
sc0tland
sc123456
scallywag
scammer1
scamper1
scaniav8
scanner1
scarabeo
scarecrow
scareface
scarface
scarface1
scarface12
scarface123
scarface2
scarlet1
scarlets
scarlett
scarlett1
scarlette
scavenger
schaefer
schalke04
schalke1904
schatten
schatz12
schatz123
schatzi1
schatzie
schecter
scheisse
scheisse1
schiller
schimmel
schindler
schinken
schlafen
schlagzeug
schlampe
schlange
schlappi
schlumpf
schmetterling
schnappi
schnapps
schnauzer
schnecke
schneeball
schneemann
schneider
schneider1
schnitzel
schnuckel
schnucki
schnuffel
schnuffi
schnuller
schnulli
schnuppi
schnurri
schokolade
scholes18
school01
school10
school101
school11
school12
school123
school1234
school13
school22
schoolboy
schoolbus
schoolgirl
schoolsucks
schooner
schorsch
schreiner
schroeder
schubert
schule123
schumacher
schuster
schuyler
schwalbe
schwartz
schweden
schweini
schweppes
schwester
schwimmen
science1
scientist
scimitar
scirocco
scissors
scofield
scooby-doo
scooby01
scooby10
scooby11
scooby12
scooby123
scooby13
scooby21
scooby22
scooby23
scooby69
scoobyd00
scoobydo
scoobydoo
scoobydoo1
scoobydoo2
scooter01
scooter1
scooter10
scooter11
scooter12
scooter123
scooter13
scooter2
scooter22
scooter3
scooter5
scooter7
scooter8
scooters
scorpian
scorpio1
scorpio11
scorpio123
scorpio13
scorpio2
scorpio69
scorpio7
scorpion
scorpion1
scorpion11
scorpion12
scorpion123
scorpion13
scorpion7
scorpione
scorpions
scorpius
scotland
scotland1
scotland123
scotsman
scott123
scottie1
scottish
scotty12
scotty123
scoubidou
scout123
scouting
scrabble
scrabble1
scramble
scrambler
scranton
scrapbook
scrapper
scrappy1
scratch1
scratchy
screamer
screwball
screwdriver
screwyou
screwyou2
scribble
scricciolo
scrolllock
scruffy1
scruffy123
scubadiver
scubapro
scuderia
scudetto
sd123456
sd6653533
sdf5dfgf77
sdf7asdf6asdg8df
sdf7asdf6asdg8df1
sdfghjkl
sdfkjoewgmnd
sdfsdfsdf
sdil1234
sdsadee23
sdsdsdsd
sdw223sds
seabass1
seabreeze
seabrook
seafight
seagull1
seagulls
seahawks
seahawks1
seahorse
seahorse1
sealteam
sealteam6
seamaster
seamonkey
sean1234
seanjohn
seanpaul
seansean
search123
searcher
searching
seashell
seashells
seashore
seaside1
seatibiza
seatleon
seattle1
seaworld
seba1234
sebas123
sebastia
sebastian
sebastian1
sebastian10
sebastian11
sebastian12
sebastian123
sebastian13
sebastian2
sebastian3
sebastian7
sebastiano
sebastiao
sebastien
sebastien1
sebastion
sebbe123
sebek123
sebelasmaret1984
secbybrian
secbymelannie
secbypen
secbywill
seccion33
secondhand
secondlife
secret00
secret007
secret01
secret10
secret101
secret11
secret12
secret123
secret1234
secret13
secret21
secret22
secret23
secret24
secret666
secret69
secret77
secret99
secretary
secretcode
secretlove
secretos
secretpass
secretpassword
secrets1
section1
section8
section9
sectumsempra
secur1ty
secure123
securedbyching
securedbyhayden
securitas
securite
security
security1
security123
sedaseda
seduction
seductive
seether1
sefasefa
segasega
segblue2
segura88
seguridad
sehnsucht
seigneur
seila123
seinfeld
selamanya
selassie
select123
selection
selena12
selena123
selenagomez
selfmade
selvaraj
semangat
semangat45
semangka
semarang
sembarang
sembilan
semenova
semeolvido
semester
seminary
seminole
seminole1
seminoles
seminoles1
semperf1
semperfi
semperfi1
semperfidelis
sempurna
semsenha
senateur
senators
senbenimsin
senbonzakura
senha123
senha1234
senha12345
senhasenha
senior05
senior06
senior07
senior08
senior09
senior10
senior2010
seniseviyom
seniseviyoru
seniseviyorum
sennheiser
senorita
sensation
sensitive
sensizasla
sensizim
sensizlik
senti123
sentinel
sentinel1
senveben
seo12345
seo123456
seo21saafd23
seo_profile
seoer2010
seopeople
seos1234
seos12345
seos1234a
seotechlab121
seowork11
seowork123
sepakbola
sephirot
sephiroth
sephiroth1
sephiroth7
septembe
september
september0
september1
september10
september11
september12
september13
september14
september15
september16
september17
september18
september19
september2
september20
september21
september22
september23
september24
september25
september26
september27
september28
september29
september3
september4
september5
september6
september7
september8
september9
septembre
septembrie
septiembre
sepultura
sepulveda
ser12345
ser123456
serafima
serafina
serafino
seraphim
seraphim1
seraphin
sercan123
serdar123
serduszko
serega12
serega123
serega777
serena123
serenada
serenade
serendipit
serendipity
serenella
serenite
serenity
serenity1
serenity7
sergeant
sergeevna
sergei123
sergey01
sergey12
sergey123
serginho
sergio10
sergio12
sergio123
sergserg
serhat123
serialkiller
serious1
seriously
serioussam25
serkan123
serpent1
serpente
serpiente
serrano1
serseri123
serserim
servant1
server123
service1
services
ses8aoss
sesip777
sesshomaru
sesshoumaru
sessions
setembro
seth1234
setiawan
setokaiba
settembre
settings
settlers
sevastopol
seven007
seven123
seven777
sevendust
sevenfold
sevenof9
sevenofnine
sevenseven
sevenstar
sevenstars
seventeen
seventeen1
seventeen17
seventy7
severina
severine
severino
sevgilim
sevilla1
seviyorum
sex12345
sex123456
sexbomb1
sexesexe
sexiness
sexisfun
sexisgood
sexkitten
sexlover
sexmachine
sexonthebeach
sexosexo
sexpistols
sexsex123
sexsex69
sexsexsex
sexsexsex1
sexslave
sexy1234
sexy12345
sexy4life
sexyangel
sexyass1
sexybabe
sexybabe1
sexybaby
sexybaby1
sexyback
sexyback1
sexybeast
sexybeast1
sexybitch
sexybitch1
sexybody
sexyboy1
sexycani
sexychick
sexydiva
sexyeyes
sexygirl
sexygirl1
sexygirls
sexygurl
sexylady
sexylady1
sexylegs
sexylexy
sexylove
sexylove1
sexymama
sexymama1
sexyman1
sexymomma
sexyness
sexyred1
sexysexy
sexysexy1
sexythang
sexything
sexytime
sexytime1
seychelles
seymour1
sf123456
sfd3sdfdsf
sfgiants
sfp710306
sfring31
sg7cuhh332
sh0pp1ng
sh0pping
sh123456
shadmoss
shadow00
shadow007
shadow01
shadow02
shadow03
shadow04
shadow05
shadow06
shadow07
shadow08
shadow09
shadow10
shadow100
shadow101
shadow11
shadow111
shadow12
shadow123
shadow1234
shadow13
shadow14
shadow15
shadow16
shadow17
shadow18
shadow19
shadow20
shadow21
shadow22
shadow23
shadow24
shadow25
shadow26
shadow27
shadow28
shadow31
shadow32
shadow321
shadow33
shadow44
shadow45
shadow55
shadow64
shadow66
shadow666
shadow67
shadow69
shadow77
shadow777
shadow86
shadow87
shadow88
shadow89
shadow90
shadow91
shadow92
shadow93
shadow94
shadow95
shadow96
shadow97
shadow98
shadow99
shadowcat
shadowdog
shadowfax
shadowfox
shadowman
shadowmaster
shadowrun
shadows1
shadrach
shady123
shaggy12
shaggy123
shaggy2dope
shaggy69
shagrath
shagufta
shah1234
shahid123
shahrukh
shahrukhkhan
shailesh
shakazulu
shakeela
shakeitup
shakespear
shakespeare
shakira1
shakira123
shakugan
shakuntala
shalimar
shalom123
shaman123
shamanking
shambala
shambles
shameless
shampoo1
shamrock
shamrock1
shamrocks
shana123
shanahan
shane123
shanelle
shaney14
shanghai
shanghai1
shangrila
shangxin
shani123
shanice1
shaniqua
shannara
shannon01
shannon1
shannon10
shannon11
shannon12
shannon123
shannon13
shannon2
shannon3
shannon5
shannon7
shanshan
shantanu
shantell
shaolin1
shaquille
sharapova
shareaza
sharebear
sharingan
sharingan1
shark123
sharkbait
sharkboy
sharkman
sharks12
sharlene
sharma123
sharmaine
sharmila
sharon01
sharon12
sharon123
sharp123
sharpie1
sharpshooter
shashank
shattered
shaun123
shawn123
shawshank
shayshay
shayshay1
shearer09
shearer1
shearer9
sheba123
shebadog
sheckler
shedevil
sheep123
sheepdog
sheffield
sheffield1
sheila123
shekinah
shelby01
shelby10
shelby11
shelby12
shelby123
shelby13
shelbygt500
sheldon1
shell123
shellbell
shelley1
shelly123
shelton1
shenlong
shenshen
shepherd
sheppard
sheraton
sherbert
sheridan
sheridan1
sheriff1
sherilyn
sherlock
sherlock1
sherlockholmes
sherman1
sherry123
sherwin1
sherwood
sherwood1
shetland
shevchenko
shevchenko7
shi123456
shiawase
shielamae
shift123
shigoto3
shikamaru
shikamaru1
shinchan
shine123
shinedown
shinichi
shinigami
shinigami1
shinobi1
shinobi3
shinshin
shintaro
shipping
shippuden
shippuden1
shippuuden
shipuden
shirley1
shiro987
shit1234
shitballs
shitbird
shitface
shitface1
shitfuck
shitfuck1
shithappens
shithead
shithead1
shithead2
shithole
shitshit
shiva123
shivangi
shivbaba
shiznit1
shizzle1
shocker1
shockers
shocking
shockwave
shoe0505
shoelace
shoemaker
shoes123
shoes4me
shokolad
shooter1
shooters
shooting
shootingstar
shopaholic
shopgirl
shopper1
shopping
shopping1
shopping12
shopping123
shopshop
shortbus
shortcake
shortcut
shortie1
shortstop
shortstuff
shorty01
shorty101
shorty11
shorty12
shorty123
shorty13
shorty14
shorty15
shorty21
shorty22
shorty23
shorty69
shoryuken
shoshana
shotgun1
shotgun12
shotokan
shotokan1
shovelhead
showboat
showcase
showdawn163
showdown
showmethe
showmethemoney
showstopper
showtime
showtime1
shraddha
shredder
shree420
shreeganesh
shreeram
shrek123
shrestha
shrewsbury
shriganesh
shrikant
shruti123
shubhangi
shubhi007
shuffle1
shugochara
shumaher
shumaila
shunshun
shunsuke
shuriken
shutdown
shutthefuckup
shutup123
shyanne1
sianromo
sibelius
siberian
sicherheit
sickness
sicurezza
siddhant
siddharta
siddharth
siddhartha
siddiqui
sidekick
sidekick1
sidekick2
sidekick3
sideshow
sidewalk
sideways
sidewinder
sidney123
sidoarjo
sidorova
siegfried
siegheil
siegheil88
siema123
siemens1
siemens123
sier66i9jr
sierra#123
sierra01
sierra11
sierra117
sierra12
sierra123
sierra13
sieunhan
siganteng
sigma123
sigmachi
signature
sigsauer
sikandar
sikander
siktirgit
silas123
silbermond
silence1
silencer
silencio
silentbob
silenthill
silentkiller
silhouette
silicone
silkmania12
silkroad
silkroad1
silly123
sillybilly
sillyboy
sillygirl
sillygoose
silmaril
silmarillion
silva123
silveira
silver00
silver01
silver10
silver11
silver12
silver123
silver13
silver14
silver17
silver21
silver22
silver23
silver24
silver25
silver33
silver69
silver77
silver88
silver99
silverado
silverado1
silverback
silverbullet
silverchair
silverdragon
silverfish
silverfox
silverhawk
silverio
silverman
silvermist
silvermoon
silverstar
silverstein
silverstone
silversurfer
silverwing
silverwolf
silvester
silvestre
silvestro
silvia123
silvietta
simasima
simba123
simbacat
simbadda
simcast5
simcity4
simmons1
simon123
simon1234
simone01
simone10
simone11
simone12
simone123
simonetta
simonsays
simonsimon
simosimo
simple11
simple12
simple123
simplegirl
simpleguy
simpleman
simpleplan
simplicity
simplyme
simpson1
simpson12
simpson123
simpsons
simpsons1
simpsons12
simpsons123
simsalabim
simulator
sinan123
sinatra1
sincere1
sincity1
sinclair
sinfonia
singapore
singapore1
singapur
singasong
singer12
singh123
singhisking
singing1
single01
single12
single123
singlelady
singlemom
singleton
singsing
singsong
sinigami
sinister
sinister1
sinterklaas
siobhan1
siouxsie
siracusa
sirenita
siriusblack
sissy123
sistemas
sister12
sister123
sisters1
sisters2
sisters3
sitdu14a
sithlord
sithlord1
sivakumar
sivasiva
sixflags
sixpence
sixsixsix
sixteen16
sixtynine
siyu1004
sj12131415
sj6bl0on
sj811212
sjokolade
sk123456
sk84ever
sk84life
sk8board
sk8boarding
sk8er4life
sk8erboi
sk8erboy
sk8erdude
sk8forlife
sk8isgr8
sk8ordie
sk8terboy
skate101
skate123
skate1234
skate4ever
skate4life
skateboard
skateboard1
skateboarding
skateordie
skater01
skater10
skater101
skater11
skater12
skater123
skater13
skater14
skater15
skater22
skater23
skater4life
skater69
skater99
skaterboy
skaterboy1
skaters1
skating1
skechers
skeeter1
skeleton
skeleton1
skeletor
skeptron
skidmark
skidmore
skikda21
skillet1
skills12
skincare
skinhead
skinhead88
skinner1
skipjack
skipper1
skipper123
skipper2
skippy11
skippy12
skippy123
skittle1
skittles
skittles1
skittles12
skittles123
skittles2
skittlez
skorpion
skorpion1
skrillex
skscjswo
skull123
skullcandy
skullkid
skyblue1
skyblues
skydive1
skydiver
skydragon
skylanders
skylight
skyline1
skyline12
skyline123
skyline2
skyline34
skylinegtr
skylinegtr34
skyliner
skyliner33
skyliner34
skype123
skyrim123
skyrimnexus
skyscraper
skywalke
skywalker
skywalker1
sl1pkn0t
sl1pknot
slaanesh
slacker1
sladoled
slam1984
slamdunk
slamdunk1
slankers
slapnuts
slapshock
slapshot
slaptazodis
slash123
slasher1
slaughter
slava123
slava1999
slava2000
slayer01
slayer11
slayer12
slayer123
slayer13
slayer22
slayer66
slayer666
slayer69
slayer88
slayer99
slbenfica
sleepers
sleeping
sleepless
sleepover
sleepwalker
sleepyhead
sleev1122
sleipnir
slenderman
slick123
slickrick
slimalex
slimfast
slimjim1
slimshady
slimshady1
slimslim
slimthug
slingshot
slipkn0t
slipknot
slipknot1
slipknot11
slipknot12
slipknot123
slipknot13
slipknot2
slipknot3
slipknot6
slipknot66
slipknot666
slipknot69
slipknot7
slipknot8
slipknot9
slipkorn
slippers
slippery
slniecko
slobodan
sloneczko
sloneczko1
slovakia
slovenia
slovenija
slovensko
slowdown
slowhand
slowpoke
slugger1
slunicko
slycooper
slytherin
sm123456
smackdown
smackdown1
smackthat
smallfry
smallville
smallville1
smart123
smartass
smartboy
smartest1
smartgirl
smartguy
smartie1
smarties
smarties1
smartman
smartone
smartypants
smash123
smashing
smeghead
smeghead1
smelly123
smellycat
smellycat1
smellysocks
smerfetka
smile101
smile123
smile1234
smile4ever
smile4me
smiles123
smilesmile
smiley01
smiley12
smiley123
smiley13
smileyface
smirnoff
smirnoff1
smirnova
smith123
smithers
smoke123
smoke420
smokedog
smokepot
smokeweed
smokeweed1
smokeweed420
smokey01
smokey10
smokey11
smokey12
smokey123
smokey13
smokey21
smokey22
smokey420
smokey69
smokeyjoe
smokin420
smoking1
smooches
smoochie
smoothie
smudge01
smudge12
smudge123
smuggler
smurf123
smurfette
sn0wball
sn1ckers
snake123
snake666
snakebite
snakeeater
snakeeyes
snakeman
snakepit
snapdragon
snapper1
snapple1
snapscan
snapshot
snb64200
sneakers
sneakers1
sneha123
snicker1
snickers
snickers1
snickers12
snickers123
snickers2
sniffles
sniper007
sniper01
sniper11
sniper12
sniper123
sniper13
sniper22
sniper23
sniper69
sniperwolf
snoogans
snoogins
snooker1
snooker147
snookie1
snookums
snoop123
snoopdog
snoopdog1
snoopdogg
snoopdogg1
snoopy01
snoopy10
snoopy11
snoopy12
snoopy123
snoopy13
snoopy14
snoopy21
snoopy22
snoopy23
snoopy69
snoopy77
snoopy88
snoopy99
snoopydog
snow1234
snowangel
snowball
snowball1
snowball11
snowball12
snowball123
snowball2
snowbear
snowbell
snowbird
snowboard
snowboard1
snowboarder
snowboarding
snowboardru55
snowbunny
snowcone
snowdrop
snowfall
snowflake
snowflake1
snowflakes
snowgirl
snowhite
snowman1
snowman12
snowman123
snowman2
snowmobile
snowshoe
snowsnow
snowstorm
snowwhite
snowwhite1
snowy123
snuffles
snuggles
snuggles1
snvd9d8q4r
soberboy
sobrenatural
sobriety
soccer00
soccer01
soccer02
soccer03
soccer04
soccer05
soccer06
soccer07
soccer08
soccer09
soccer10
soccer101
soccer11
soccer12
soccer123
soccer1234
soccer13
soccer14
soccer15
soccer16
soccer17
soccer18
soccer19
soccer20
soccer21
soccer22
soccer23
soccer24
soccer25
soccer26
soccer27
soccer28
soccer29
soccer30
soccer31
soccer32
soccer33
soccer34
soccer44
soccer45
soccer4life
soccer55
soccer66
soccer69
soccer77
soccer87
soccer88
soccer89
soccer90
soccer93
soccer94
soccer95
soccer96
soccer97
soccer98
soccer99
soccerball
soccerboy
soccergirl
soccerman
soccermom
soccerrocks
soccerrules
soccerstar
sochi2014
social12
social123
social23
socialbook
sociology
socks123
socrates
socrates1
sodapop1
sofia123
soft2010
softball
softball09
softball1
softball10
softball11
softball12
softball13
softball14
softball15
softball16
softball17
softball18
softball2
softball21
softball22
softball23
softball24
softball3
softball4
softball5
softball6
softball7
softball8
softball9
softtail
software
software1
software123
sohcahtoa
soilwork
soinlove
sojdlg123aljg
sokolova
sokrates
solaris1
soldier1
soldier123
soldiers
soledad1
soledad321
soleil01
soleil10
soleil12
soleil123
soleil13
soleil59
soleluna
solidsnake
solidsnake1
solidworks
solitaire
solitario
solitude
solnishko
solnyshko
solo1234
solomon1
solomon123
solosolo
solskjaer
solstice
solution
solution1
solutions
solutions1
solyluna
sombrero
somebody
someday1
someone1
somerset
somerset1
somerville
somethin
something
something1
something123
something2
sometime
sometimes
somewhere
sommarlov
sommer01
sommer07
sommer08
sommer09
sommer11
sommer12
sommer123
sommer2010
sonechka
songbird
songbird1
songohan
songoku1
songsong
sonia123
sonic101
sonic123
sonic1234
sonic12345
sonicboom
sonicsonic
sonicx12
sonne123
sonnenblume
sonnenschein
sonny123
sonnyboy
sonnyboy1
sonofabitch
sonofgod
sonshine
sonu1234
sonumonu
sonusonu
sony1234
sonyericson
sonyericsson
sonysony
sonyvaio
sooners1
sooty123
sophia01
sophia07
sophia08
sophia09
sophia10
sophia11
sophia12
sophia123
sophie01
sophie02
sophie03
sophie04
sophie05
sophie06
sophie07
sophie08
sophie09
sophie10
sophie11
sophie12
sophie123
sophie1234
sophie13
sophie14
sophie15
sophie21
sophie22
sophie23
sophie99
soprano1
sopranos
sorasora
sorcerer
sorciere
sordfish
soriano1
sorokina
sorrento
sorry123
soso123456
soso123aljg
sosososo
soufeliz
soufiane
soukaina
soulcalibur
souleater
souledge
soulfire
soulfly1
soulfood
souljaboy
souljaboy1
souljagirl
soulless
soulmaster
soulmate
soulmate1
soulmates
soulreaper
soulreaver
soultaker
soumaiseu
soundgarden
soundman
soundwave
sourcing
south123
southafrica
southampton
southeast
southend
southend1
southern
southern1
southgate
southkorea
southpark
southpark1
southpaw
southpole
southpole1
southport
southside
southside1
southside13
southwest
southwest1
souvenir
sovereign
sowjanya
soyelmejor
soyfeliz
soylamejor
sp0ngeb0b
sp123456
sp1derman
space123
space1999
spaceace
spaceballs
spacebar
spaceboy
spacecowboy
spacejam
spaceman
spaceman1
spacemarine
spacemonkey
spaceship
spagetti
spaghetti
spaghetti1
spain123
spalding
spamspam
spania123
spanish1
spanish32
spanking
spankme1
spanky01
spanky12
spanky123
spanky69
spanner1
sparhawk
sparkasse
sparkey1
sparkie1
sparkle1
sparkle123
sparkles
sparkles1
sparkling
sparkplug
sparky01
sparky10
sparky11
sparky12
sparky123
sparky13
sparky22
sparky69
sparky99
sparrow1
sparrows
sparta123
sparta300
spartacus
spartacus1
spartak1
spartak1922
spartakus
spartan1
spartan117
spartan2
spartan300
spartans
spartans1
sparten117
sparticus
spawn123
spawn666
speak2me
speaker1
speakers
speakers1
spearhead
spearmint
special1
special2
speciala
specialfor
specialforce
specialist
specialized
specialk
specialk1
specials
speckles
spectacular
spectrum
spectrum1
speed123
speedfight
speedfreak
speedlink
speedracer
speedster
speedtouch
speedway
speedway1
speedy01
speedy11
speedy12
speedy123
speedy13
spellbound
spellforce
spelling
spencer01
spencer1
spencer12
spencer123
spencer2
spencer7
speranta
speranza
spice123
spicegirl
spicegirls
spider-man
spider01
spider10
spider11
spider12
spider123
spider13
spider21
spider22
spider23
spider69
spider77
spider88
spider99
spiderma
spiderman
spiderman0
spiderman1
spiderman10
spiderman11
spiderman12
spiderman123
spiderman2
spiderman3
spiderman4
spiderman5
spiderman6
spiderman7
spiderman8
spiderman9
spiderman99
spidermonkey
spiderpig
spiderpig1
spiders1
spiderweb
spierdalaj
spike123
spike1234
spikedog
spinner1
spinners
spinning
spirit01
spirit12
spirit123
spiritual
spiritus
spitfire
spitfire1
splatter
splender
splendid
splendor
splinter
splinter1
splintercell
splitter
spoiled1
spongbob
sponge10
sponge12
sponge123
spongebo
spongebob
spongebob1
spongebob11
spongebob12
spongebob123
spongebob2
spongebob3
spongebob7
spongebob8
spongebob9
spongecola
spooky12
spooky123
spooky13
spoon123
spoonman
spore123
sport123
sportage
sporting
sporting1
sports11
sports12
sports123
sportsman
sportster
spotlight
spotspot
sppeed786
sprewell
spriggan
spring01
spring06
spring07
spring08
spring09
spring11
spring12
spring123
spring77
spring99
springbok
springer
springer1
springfield
springsteen
springtime
sprinkle
sprinkles
sprinter
sprite123
sprocket
spurs123
sputnik1
spyglass
squadron
squarepants
squaresoft
squeaker
squeaky1
squidward
squiggle
squirrel
squirrel1
squirrels
squirtle
squishy1
sr1234567
sr20dett
sravanthi
sreedevi
sriganesh
srikanth
srikrishna
srilanka
srilatha
srinivas
srinivasa
srinivasan
srisairam
srivastava
ss123123
ss123456
ss23081937
ss563563ss
ss6z2sw6lu
ssecnirp
ssj4goku
sslazio1900
sss123456
sss888wryx
ssss1111
ssssssss
sssssssss
ssssssssss
ssssssssssss
ssyu1314
st123456
st33l3rs
st4rw4rs
stacey12
stacey123
staff123
staff123456
stafford
stafford1
stainless
stairway
stalingrad
stalker007
stalker1
stalker12
stalker123
stalker13
stalker2
stalker2010
stalker2012
stalker777
stalkers
stallion
stallion1
stallone
stamford
stampede
standalone
standard
standard1
standart
standbyme
standing
standrews
stanford
stanislas
stanislav
stanislaw
stanley1
stanley12
stanley123
stanley2
stantheman
stanton1
staples1
star1234
star12345
star2000
star7827
starbaby
starbright
starbuck
starbucks
starbucks1
starburst
starburst1
starchild
starcraft
starcraft1
starcraft123
starcraft2
starcraft22
stardoll
stardoll1
stardust
stardust1
starfall
starfighter
starfire
starfire1
starfish
starfish1
starfleet
starfox1
starfox64
stargate
stargate1
stargatesg1
stargazer
stargazer1
stargirl
stargirl1
starkiller
starlight
starlight1
starling
starlite
starman1
starmoon
starocean
starplus
starpower
stars123
starscream
starshine
starship
starstar
starstar1
starstruck
start123
start1234
starter1
startfinding
starting
startnow
startpass
startrek
startrek1
starwar5
starwars
starwars01
starwars1
starwars10
starwars11
starwars12
starwars123
starwars1234
starwars13
starwars2
starwars22
starwars23
starwars3
starwars4
starwars5
starwars6
starwars7
starwars77
starwars8
starwars9
starwars99
starwarz
starwind
starwolf
stas3824896
stasik15
stasstas
statement
station1
station2
statistics
statusquo
stayaway
staycool
staygold
stayout1
staystrong
stealth1
steam123
steamboat
steaua12
steaua123
steaua86
steel123
steeler1
steelers
steelers1
steelers10
steelers11
steelers12
steelers2
steelers36
steelers43
steelers6
steelers7
steelers86
steelhead
steelman
steelseries
stefan01
stefan11
stefan12
stefan123
stefan13
stefanel
stefania
stefanie
stefanie1
stefano1
stefanos
steffen1
steinbock
steinway
stella01
stella10
stella11
stella12
stella123
stella13
stella22
stella69
stellar1
stellina
stepanov
stepanova
steph123
stephan1
stephane
stephani
stephanie
stephanie1
stephanie123
stephanie2
stephano
stephany
stephen1
stephen12
stephen123
stephen2
stephens
stephenson
steppenwolf
sterling
sterling1
sternchen
sternchen1
sternschnuppe
steroids
stetson1
steve123
steven01
steven10
steven11
steven12
steven123
steven1234
steven13
steven14
steven15
steven17
steven18
steven20
steven21
steven22
steven23
steven69
steven99
stevenash
stevengerrard
stevens1
stevenson
stevevai
stevieg8
stewardess
stewart1
stewart14
stewart20
stewie123
stgeorge
sti11holding
sticazzi
stickers
stickman
stiffler
stigmata
stiletto
stillwater
stimorol
stinger1
stingers
stingray
stingray1
stinker1
stinkfist
stinky12
stinky123
stirling
stitch626
stitches
stjoseph
stmartin
stming44
stocazzo
stockholm
stocking
stockings
stockport
stockton
stokecity
stokecity1
stokrotka
stokrotka1
stomatolog
stone123
stoneage
stonecol
stonecold
stonecold1
stonecold316
stonehenge
stoneman
stoner420
stoner69
stonesour
stonewall
stoopid1
stopstop
storm123
stormbringer
stormtrooper
stormy12
str8edge
stradivarius
straight
strange1
stranger
stranger1
strangle
strannik
strasbourg
strategy
stratfor
stratford
stratocaster
stratovarius
stratton
strawber
strawberries
strawberry
strawberry1
straycat
streaming
street12
street123
streetball
streetfighter
streetracer
strekoza
strength
strength1
stressed
stretch1
strickland
strider1
strike123
striker1
strikers
stringer
striper1
stripes1
stripped
stripper
strolchi
stroller
stromboli
strong11
strongbad
strongbow
strongbow1
stronger
stronger1
stronghold
stronghold2
strongman
structure
struggle
strummer
strungout
stryker1
stt_2014
stthomas
stuart123
stubborn
student1
student123
student2
students
studio54
studioworks
studmuffin
studyhard
stuff123
stunner1
stunning
stunt101
stuntman
stupid01
stupid11
stupid12
stupid123
stupidass
stupidgirl
stupidity
sturgeon
stuttgart
stuttgart1
stylemk58a
styles1234
su123456
su224466
suasenha
subagames
subaru123
subaru555
subaruwrx
subhanallah
sublime1
sublime420
subliminal
submarine
submarine1
submission
submit123
submitpad
submitted123
substance
subtitle
suburban
subwoofer
subzero1
success1
success12
success123
success2
success4me
success7
successful
succubus
suchitra
suckcock
suckdick
sucker123
suckit69
suckme69
suckmeoff
suckmyass
suckmyballs
suckmycock
suckmydick
suckthis
sudarshan
sudhakar
suffering
sugar123
sugarbabe
sugarbaby
sugarbear
sugarbear1
sugarcane
sugardaddy
sugardog
sugarfoot
sugarfree
sugarland
sugarlips
sugarpie
sugarplum
sugarplum1
sugarray
sugarsugar
sugimoto
sugipula
sugiyama
suhasini
suibian88
suicidal
suicide1
suikoden
suikoden2
suitcase
sukabumi
sukasuka
sukisuki
sukiyaki
suksamai
sulaiman
suleiman
suleyman
sullivan
sullivan1
sulochana
sultan123
suma12345
suman123
sumedang
sumit123
summer00
summer01
summer02
summer03
summer04
summer05
summer06
summer07
summer08
summer09
summer10
summer101
summer11
summer12
summer123
summer1234
summer13
summer14
summer15
summer16
summer18
summer20
summer2006
summer2007
summer2008
summer2009
summer2010
summer2011
summer2012
summer2014
summer21
summer22
summer23
summer24
summer25
summer33
summer55
summer66
summer68
summer69
summer77
summer78
summer88
summer96
summer97
summer98
summer99
summerfun
summerland
summerlove
summerof69
summers1
summertime
summoner
sun123456
sunburst
sundance
sundance1
sundaram
sunday12
sunday123
sunderland
sunderland1
sundevil
sundin13
sunfire1
sunflowe
sunflower
sunflower1
sunflower2
sunflowers
sunglasses
sunil123
sunkist1
sunlight
sunny123
sunny1234
sunnyboy
sunnybunny
sunnydale
sunnyday
sunnyday1
sunnydays
sunnygirl
sunnyside
sunrise1
sunset123
sunsh1n3
sunsh1ne
sunshin3
sunshine
sunshine01
sunshine07
sunshine08
sunshine09
sunshine1
sunshine10
sunshine11
sunshine12
sunshine123
sunshine13
sunshine14
sunshine16
sunshine17
sunshine19
sunshine2
sunshine21
sunshine22
sunshine23
sunshine24
sunshine25
sunshine3
sunshine33
sunshine4
sunshine5
sunshine6
sunshine69
sunshine7
sunshine77
sunshine8
sunshine88
sunshine9
sunshine99
sunyanzi
sup3rm4n
sup3rman
supastar
super007
super100
super111
super123
super1231
super1234
super12345
super777
superbad
superbad1
superbass
superbee
superbike
superbob
superbowl
superboy
superboy1
supercali
supercar
supercat
supercool
supercow
supercross
supercute
superdad
superdave
superdog
superdude
superduper
superduty
superfly
superfly1
superfreak
supergamer
supergirl
supergirl1
supergoku
superguy
superhero
superhero1
superhuman
superior
superior1
superjunior
superjunior13
superkid
superking
superman
superman0
superman00
superman007
superman01
superman07
superman08
superman09
superman1
superman10
superman101
superman11
superman12
superman123
superman1234
superman13
superman14
superman15
superman16
superman17
superman18
superman19
superman2
superman20
superman21
superman22
superman23
superman24
superman25
superman3
superman33
superman4
superman5
superman55
superman6
superman69
superman7
superman77
superman8
superman88
superman9
superman99
supermanboy
supermann
supermario
supermario1
supermario64
supermax
supermen
supermodel
supermom
supermonkey
supermoto
supernatural
supernova
supernova1
superpippo
superpower
superpuper
supersaiyan
supersam
supersayan
supersecret
supersex
supersexy
supersmash
supersonic
supersonic1
supersport
supersta
superstage
superstar
superstar1
superstar123
superstar2
superstars
supersuccess1
supersuper
superted
supertramp
superuser
supervindnybruger
supervisor
superwoman
suppandi
suppersuccess1
supplies
support1
support123
supported
supreme1
surabaya
suraj123
surendra
sureno13
surenos13
suresh123
sureshot
surfboard
surfergirl
surfing1
surfsurf
suriname
surinder
surprise
surrender
surround
surside13
surveyor
survival
survivor
survivor1
surya123
susan123
susanita
susannah
susanne1
sushi123
sushmita
susie123
susisusi
sutekidane
sutherland
suzanne1
suzeorman
suzuki12
suzuki123
suzuki600
suzuki750
suzumiya
svensson
svensven
sverige1
sveta123
svetlana
svetlana1
svetlanka
sveto4ka
svwerder
sw0rdf1sh
sw0rdfish
sw123456
sw705547
swag1234
swagg123
swagger1
swagger123
swagswag
swallows
swaminarayan
swampert
swampfire
swanlake
swansea1
swansong
swastika
swat1234
swatswat
swatteam
sweden123
sweeney1
sweet123
sweet1234
sweet2317
sweet666
sweetangel
sweetass
sweetbaby
sweetboy
sweetcandy
sweetcheeks
sweetchild
sweetcorn
sweetdream
sweetdreams
sweetest
sweetgirl
sweetgirl1
sweethart
sweetheart
sweetheart1
sweethome
sweethoney
sweetie1
sweetie12
sweetie123
sweetie2
sweetie3
sweetiepie
sweeties
sweetkiss
sweetlady
sweetlips
sweetlove
sweetlove1
sweetlover
sweetman
sweetmother
sweetnes
sweetness
sweetness1
sweetone
sweetpea
sweetpea1
sweetpee
sweetpie
sweets123
sweetstuff
sweetsweet
sweettea
sweetthang
sweetthing
sweettooth
sweetums
sweetwater
sweety12
sweety123
sweetypie
swetlana
swimmer1
swimming
swimming1
swindon1
swinger1
swingers
swinging
swingline
switchfoot
switzerland
sword123
swordartonline
swordfis
swordfish
swordfish1
swordfish2
swordman
swordmaster
swordsman
sxb41r9kxo
sxj328174
sy123456
sy6iq1t6r
syafiqah
sycamore
sydney00
sydney01
sydney10
sydney11
sydney12
sydney123
sydney2000
sydney99
sylvania
sylvester
sylvester1
sylvestre
sylviane
sym_cskill1
symantec
symmetry
symphonia
symphony
syncmaster
syncmaster1
syndicate
syndicate1
syndrome
synergy1
synyster
syracuse
syracuse1
sys64738
sysadmin
syscon09
syspad408
system01
system11
system12
system123
system2611
system32
systemofadown
sz123456
sz23ads8zb
sz9kqcctwy
szabolcs
szatan666
szc03137
szczecin
szczepan
szczurek
szerelem
szeretet
szeretlek
szgd4ey287
szymon12
szymon123
t0p-pr1se
t0ttenham
t1234567
t12345678
t123456789
t1nkerbell
t1t2t3t4
t3mp0rary
t48wkpb314
t4sjiptr
t5r4e3w2q1
t5y6u7i8
t67yuty6
t6y7u8i9
t71wuh5gxn
t83f1s8145
t87khbb8od
t8ys28tdkh
t99q3jxavo
t9aw5ha7xn
ta123456
ta5ik1cl
ta783300
tabachoy
tabaluga
tabarnak
tabasco1
tabassum
tabasum786
tabatha1
tabby123
tabbycat
tabitha1
tabletennis
tabletop
taburetka
tachibana
tacloban
taco1234
tacobell
tacobell1
tacos123
tacotaco
tactical
tadpole1
taekwondo
taekwondo1
taffy123
tagheuer
tagueule
taikucing
taishan2011
tajemnica
tajmahal
takafumi
takahashi
takahasi
takahiro
takamasa
takamine
takanori
takanuva
takataka
takayama
takayuki
take1016
takecare
takedown
takehiro
takeiteasy
takenoko
takeover
taketake
takethat
takeuchi
takishima
takizawa
takotako
takoyaki
takutaku
talavera
talented
talha123
taliesin
talisker
talisman
talktalk
talktome
talleres
tallgeese
tallulah
tamachan
tamagotchi
tamahome
tamanegi
tamara12
tamara123
tamarindo
tamatama
tamerlan
tamilnadu
tammy123
tampabay
tan123456
tanechka
tangerang
tangerine
tangerine1
tangina1
tanginamo
tanginamo1
tanglewood
tango123
tangtang
tania123
tanisha1
tanjiang999
tankgirl
tankionline
tanktank
tannenbaum
tanner01
tanner10
tanner11
tanner12
tanner123
tanner22
tanstaafl
tanya123
tanzania
taobao887
taolatao
taoled881h
tappancs
tara1234
tarantado
tarantino
tarantul
tarantula
tarasova
taratara
taratata
tarepanda
target123
tarheel1
tarheels
tarheels1
tarotaro
tarragon
tarragona
tartaruga
tarutaru
tarzan123
tasha123
tashkent
taskforce141
tasmania
tasogare
tassadar
tastatur
tastatura
tastiera
tata1234
tatarstan
tatata17
tatatata
tatayoyo
taterbug
tatertot
tatertot1
tatiana1
tatianna
tatooine
tatyana1
taugamma
taugammaph
taxidriver
tayfun123
taylor00
taylor01
taylor02
taylor03
taylor04
taylor05
taylor06
taylor07
taylor08
taylor09
taylor10
taylor11
taylor12
taylor123
taylor13
taylor14
taylor15
taylor16
taylor17
taylor18
taylor20
taylor21
taylor22
taylor23
taylor24
taylor95
taylor96
taylor97
taylor98
taylor99
taylorgang
taylorlautner
taylormade
taylorswif
taylorswift
taylorswift13
taytay12
taytay123
tazdevil
tazmania
tazmania1
tazmanian
tbfj7no671
tbxi7r84nw
tcmvocd794
tdws011286
te84kp3voy
te95dd1522
te95dd1tt2
teacher1
teacher123
teacher2
teachers
teaching
teadybear
team2004
teamedward
teamfortress2
teamjacob
teamo123
teamobebe
teamomama
teamomucho
teamwork
teaparty
teardrop
teardrops
teaspoon
techdeck
techn9ne
technical
technician
technics
technics1
technics12
techno12
techno123
techno2009
technology
tecktonik
tecnologia
tecumseh
teddy123
teddybaer
teddybear
teddybear1
teddybear123
teddybear2
teddybears
teddybeer
teddyboy
tedybear
teenager
teenagers
teentitans
teenwolf
teg4ka1p5u
teiubesc
teiubesc1
teixeira
telecaster
telechargement
telecom1
telecomanda
telecono
telefon1
telefon123
telefonas
telefone
telefonica
telefono
telefoon
telemark
telemovel
telenet1
telephon
telephone
telephone1
teleport
telescope
teletubbies
televisao
television
television1
televisione
televizor
telewizor
telkomsel
tellmewhy
temidayo
temitayo
temitope
temp1234
temp2014!
temp4747
temp_pas
tempest1
tempesta
tempesth1941
templar1
templeton
temporal
temporary
temporary1
temppass
temppass1
temppassword
temptation
temptemp
tenacious
tenaciousd
tendresse
tendulkar
tenerife
tenerife1
tennessee
tennessee1
tennis01
tennis10
tennis11
tennis12
tennis123
tennis13
tennis22
tennis23
tennis34400
tennis99
tennisball
tennyson
tenorsax
tenten10
tequiero
tequiero1
tequieromucho
tequila1
tequilla
ter345ilo
terefere
terenaam
terence1
teresa01
teresa12
teresa123
teresina
teresita
teretere
terezinha
teriyaki
terminal
terminal1
terminat
terminate
terminater
terminator
terminator1
terminator2
terminator3
terminus
terorist
terra123
terrance
terrance1
terranova
terrapin
terraria
terrell1
terremoto
terrence
terrence1
terrible
terrible1
terrier1
terriers
terrific
terrorist
terry123
terserah
tertuy520
teruteru
tesnexus
tessa123
tesstess
test0018
test1234
test12345
test123456
testament
testarossa
testdrive
teste123
tester01
tester12
tester123
testerer
testing1
testing123
testing1234
testpass
testtest
testtest1
testtest123
testtest23
testtesttest
testuser
testxxxxxx
teufelchen
texas123
texastech
textiletechnology
tfb57ex9on
tficz30125
tfpgrd429t
tfzwruf346
tgpw53j3kg
th123456
th22101988
thaddeus
thaibinh
thailand
thailand1
thalassa
thanatos
thanchet
thang123
thangkhung
thanh123
thanhbinh
thanhcong
thanhdat
thanhduy
thanhhai
thanhhoa
thanhhung
thanhhuyen
thanhlam
thanhlong
thanhluan
thanhmai
thanhminh
thanhnam
thanhnga
thanhnhan
thanhphong
thanhphuong
thanhson
thanhtam
thanhtan
thanhthanh
thanhthao
thanhthuy
thanhtruc
thanhtrung
thanhtuan
thanhtung
thanhtuyen
thanhtuyetvuonggialong
thanhvan
thankful
thankgod
thankgod1
thanks123
thanksgod
thankyou
thankyou1
thankyou143
thanlong
thaonguyen
thatcher
thatguy1
thatshot
thdahaoren12
the1andonly
the1ring
the69eyes
theangel
theanswer
theatre1
theband1
thebeach
thebears
thebeast
thebeast1
thebeatles
thebest1
thebest12
thebest123
thebest99
thebible
thebigboss
thebitch
theblack
theblock
theblues
theboss1
theboy123
thebrain
thecakeisalie
thechamp
thecheat
thechosen1
theclash
thecross
thecrow1
thecure1
thedancerfam
thedark1
thedarkness
thedeath
thedevil
thedoctor
thedoors
thedoors1
thedragon
thedream
thedude1
thefallen
theflash
theforce
thefuture
thegame1
thegame123
thegamer
thegathering
thegazette
theghost
thegirls
thegodfather
thegreat
thegreat1
thegreat12
thegreat123
thegreatone
thegunners
thehatch
thehunter
thejoker
thekiller
thekillers
theking1
theking123
thelegend
thelight
thelord1
theman11
theman12
theman123
theman22
themaster
themaster1
thematrix
thematrix1
thenewme
thenumber1
theodora
theodore
theodore1
theone01
theone11
theone12
theone123
theoneandonly
theonly1
theonlyone
theotheo
thepassword
thepower
theprince
thequeen
thequick
therapist
therapy1
therasmus
theraven
thereason
thereisnospoon
theresa1
therese1
theresia
theriver
thermaltake
therock1
therock11
therock123
therock2
thesaint
thesecret
theshadow
theshit1
thesimpsons
thesims1
thesims2
thesims3
thespian
thestrokes
thesummer123
thethethe
thething
thetruth
thetruth1
thetwins
theundertaker
theused1
thevirgin
thewanted
thewinner
theworld
theworld1
thexfiles
thiago10
thiago123
thibault
thien123
thienduong
thienduong91
thienlong
thientai
thienthan
thienthanh
thierry1
thierry14
thinh123
think123
thinkbig
thinking
thinking1
thinkpad
thinkpink
thirdday
thirdeye
thirteen
thirteen13
thisisapassword
thisisgay
thisisit
thisisme
thisisme1
thisismine
thisismypass
thisismypassword
thisisnotreal
thisissparta
thisisvalid
thislove
thissucks
thissucks1
thistle1
thmpv77d6f
thomas00
thomas007
thomas01
thomas02
thomas03
thomas04
thomas05
thomas06
thomas07
thomas08
thomas09
thomas10
thomas11
thomas12
thomas123
thomas1234
thomas13
thomas14
thomas15
thomas16
thomas17
thomas18
thomas19
thomas20
thomas2000
thomas2001
thomas21
thomas22
thomas23
thomas24
thomas25
thomas26
thomas27
thomas28
thomas30
thomas33
thomas44
thomas55
thomas66
thomas69
thomas77
thomas85
thomas86
thomas87
thomas88
thomas89
thomas90
thomas91
thomas92
thomas93
thomas94
thomas95
thomas96
thomas97
thomas98
thomas99
thompson
thompson1
thomson1
thornhill
thornton
thorsten
thorthor
thought01
thoughts
thousand
thrasher
thrasher1
three333
threeboys
threedaysgrace
threegirls
threekids
threesome
threyor9v
thriller
throwaway
thththniml12
thuan123
thug4life
thuglife
thuglife1
thuglove
thugstools
thuhuong
thuhuyen
thumper1
thumper123
thumper2
thunder0
thunder01
thunder1
thunder10
thunder11
thunder12
thunder123
thunder13
thunder2
thunder21
thunder22
thunder3
thunder4
thunder5
thunder6
thunder69
thunder7
thunder8
thunder9
thunder99
thunderbird
thunderbird1
thunderbirds
thunderbolt
thundercat
thundercats
thunderdome
thunders
thunderstorm
thunderstruck
thuongthoi
thuphuong
thursday
thursday1
thurston
thutrang
thuydung
thuyduong
thuyha762
thuyhang
thuylinh
thuytien
thuytrang
thxw5g69gn
tiago123
tiamaria
tianlan520
tiantian
tiberian
tiberium
tiberius
tibet1979326
tibia123
tiburcio
tiburon1
tickleme
ticktock
ticotico
tictactoe
tiddles1
tiendung
tienganh
tienhai1234
tietokone
tiffanie
tiffany1
tiffany12
tiffany123
tiffany2
tiffany7
tiffanys
tiger001
tiger007
tiger100
tiger101
tiger111
tiger123
tiger1234
tiger1986
tiger1998
tiger2000
tiger321
tiger333
tiger555
tiger666
tiger777
tiger999
tigerboy
tigercat
tigerclaw
tigerente
tigereye
tigergirl
tigerlilly
tigerlily
tigerlily1
tigerman
tigers01
tigers05
tigers06
tigers07
tigers08
tigers09
tigers10
tigers11
tigers12
tigers123
tigers13
tigers15
tigers21
tigers22
tigers23
tigershark
tigertank
tigertiger
tigerwoods
tigerwoods1
tigger00
tigger01
tigger02
tigger04
tigger05
tigger06
tigger07
tigger08
tigger09
tigger10
tigger101
tigger11
tigger12
tigger123
tigger1234
tigger13
tigger14
tigger15
tigger16
tigger17
tigger18
tigger19
tigger21
tigger22
tigger23
tigger24
tigger25
tigger27
tigger33
tigger44
tigger45
tigger55
tigger66
tigger68
tigger69
tigger77
tigger88
tigger99
tigrenok
tigresse
tigrette
tigrotto
tijger3417
tijgertje
tikitiki
tilly123
tim12345
timao123
timbaland
timberlake
timberland
timberwolf
timbuktu
time1234
time2die
time2fly
time2play
time415263
time4fun
timebomb
timeless
timeline
timelord
timeout1
timepass
timetime
timetodie
timewarp
timezone
timisoara
timmy123
timothee
timothy1
timothy12
timothy123
timothy2
timoxa94
timtim123
timtimtim
tina1234
tina3392
tina_999
tinamarie
tinatina
tingting
tingtong
tinhdau12
tinhlagi
tinkabell
tinker01
tinker11
tinker12
tinker123
tinkerbel
tinkerbel1
tinkerbell
tinkerbell1
tinkerbell12
tinkerbell123
tinkerbell2
tinkerbelle
tinktink
tinkywinky
tintin123
tinuviel
tinydancer
tinytiny
tiphaine
tipperary
tippmann
tippmann98
tippy123
tiramisu
tirupati
tischtennis
tissemand
tissot1853
titan123
titanic1
titanic12
titanic123
titanic1912
titanic2
titanium
titanium1
titans10
titans12
titicaca
titikaka
titilayo
titititi
titleist
titleist1
titotito
titounet
titties1
titus123
tivogliobene
tiziouzou
tj2gdvy938
tkbpfdtnf
tkfkd486
tkfkdgo0
tkfkdgo1
tkfkdgo12
tkfkdgo2
tkfkdgo5
tkfkdgo7
tkfkdgody
tlbyjhju
tm7tv3wt
tmnet123
tmobile1
tnlgjok545
toast123
toaster1
tobeornottobe
tobias11
tobias12
tobias123
toblerone
toby1234
tobydog1
tobytoby
tochukwu
today123
todocvcd
todotorrents
toenails
toffee123
together
together1
tohoshinki
toiditimtoi
toietmoi
toilatoi
toilette
toiyeuban
toiyeuem
tokidoki
tokiohotel
tokiohotel1
tokugawa
tokyodrift
tolentino
tolentino1
tolerance
tolga123
tolkien1
tolulope
tom12345
tom123456
tomahawk
tomandjerr
tomandjerry
tomas123
tomasito
tomaszek
tomate123
tomatoes
tomatoma
tombrady
tombrady12
tombraider
tombstone
tomcat14
tomcruise
tomdelonge
tomek123
tomfelton
tomgreen
tomhanks
tomislav
tomitomi
tomjerry
tomjones
tomkaulitz
tomlinson
tommy123
tommy1234
tommyboy
tommyboy1
tommycat
tommygirl
tommygun
tommylee
tommytommy
tomodachi
tomodati
tomohiro
tomohisa
tomokazu
tomonori
tomorrow
tomorrow1
tomotomo
tomoyuki
tompetty
tomservo
tomtom11
tomtom12
tomtom123
tomtomtom
tomwaits
tomwelling
tongkur58
tongtong
tonitoni
tonkpils
tony1234
tony8669
tonyhawk
tonyhawk1
tonymontana
tonytony
toocool1
toolband
toolshed
tooltime
tooltool
toonarmy
toonarmy1
tooninbz
toontoon
toontown
toontown1
toontown99
tooshort
toosweet
toothbrush
toothfairy
toothless
toothpaste
toothpick
tootsie1
tootsie2
toottoot
top123456
topaz.null
topbutton
topdevice
topgear1
topmodel
topnotch
topogigio
topography
topolina
topolino
topsecret
topsecret1
topshop1
toradora
toratora
torchwood
torchwood1
toreador
toriamos
toritori
tormenta
tormentor
tornado1
tornado123
tornados
toronto1
torotoro
torpedo1
torrance
torrente
torrents
torres09
torres10
torres12
torres123
torterra
tortilla
tortoise
tortuga1
tortugas
toshiaki
toshiba1
toshiba123
totalwar
totenkopf
toto1234
totodile
totot123
totototo
totoybato
tottenham
tottenham1
tottigol
touchdown
toughguy
toujours
toulouse
toulouse31
tournament
tournesol
toussaint
toutoune
townsend
towtruck
toxicity
toymachine
toyota01
toyota11
toyota12
toyota123
toyota99
toyotamr2
toyotarav4
toyotasupra
toyplanet
toystory
toystory2
tozlugiyim
tpklmq9668
tpxerxjmp
tqvxzm11q
trabalho
trabzon61
trabzonspor
tracker1
tracking
trackmania
trackstar
trackstar1
tracteur
tractor1
tractors
tracy123
trademark
trafalgar
traffic1
trafford
trailblazer
train123
trainer1
training
training1
trakinas
traktor1
tralala1
trampoline
trandafir
trangyeu
tranmere
tranquil
transalp
transam1
transcend
transfer
transform
transforme
transformer
transformers
transformice
transistor
transit1
translator
transport
transporter
transportonline
trapper1
trapstar
trashcan
trashman
traumfrau
travel123
traveler
traveller
travelling
travelmate
travelpack1
traviesa
travieso
travis01
travis10
travis11
travis12
travis123
travis13
travolta
traxdata
trazenkvarel
treacle1
treasure
treasure1
treasures
treble99
tree1234
treefrog
treehouse
treehouse1
treehugger
treetops
treetree
tremaine
trent123
trenton1
trevor01
trevor11
trevor12
trevor123
trevor99
trewq123
treysongz
treytrey
trezeguet
trfnthbyf
triangle
triangle1
triathlon
triatlon
tribalwars
tribunal
trickster
tricolor
trident1
triforce
triforce1
trigger1
trigger123
trigger2
trillian
trillium
trimanh1
trimanic
trindade
trinidad
trinidad1
trinitron
trinitron1
trinity01
trinity1
trinity11
trinity12
trinity123
trinity2
trinity3
trinity7
tripathi
tripleh1
triplehhh
triplets
triplets3
tripper1
triskelion
triskelion1
tristan1
tristan12
tristan123
tristan2
tristen1
tristian
triumph1
trivium1
trixie12
trixie123
trogdor1
trojans1
troll123
trollface
trolling
trololol
trombone
trombone1
trompeta
trompete
trompette
tronwell
trooper1
trooper123
trooper2
troopers
tropical
tropical1
tropicana
trouble1
trouble2
troublemaker
troubles
trouducul
trousers
troy1234
troytroy
truck123
truckdriver
trucker1
truckers
trucking
trueblood
trueblue
truecrime
truefriend
truelies
truelove
truelove1
trueno86
truffle1
truffles
trujillo
trumpet1
trumpets
trung123
trungdung
trunghai1179
trunghieu
trungkien
trungthanh
truong123
truskawka
truskawka1
trust123
trustgod
trusting
trustingod
trustme1
trustn01
trustno1
trustno11
trustno123
trustno2
trustnoone
tryagain
tryagain1
tryitnow
trythis1
tsgxebtu
tsubasa1
tsunami1
tsuyoshi
tt123456
tt1234567
ttat4pu71&n
ttc77663
tttttttt
ttttttttt
tttttttttt
tu190022
tuandaica11
tuanhung
tuankiet
tuanlinh
tuantuan
tucker01
tucker10
tucker11
tucker12
tucker123
tucker22
tucker99
tuesday1
tuhanyesus
tujheirf
tulipano
tumadre1
tumbleweed
tumblr123
tunafish
tunafish1
tunatuna
tunesien
tung1234
tungsten
tungtung
tuonglai
tupac123
tupacshakur
tuppence
tupperware
tuputamadre
turambar
turandot
turbo123
turbo911
turion64
turkey12
turkey123
turkiyem
turnbull
turntable
turquoise
turtle01
turtle11
turtle12
turtle123
turtle13
turtle21
turtle22
turtle69
turtles1
turtoise
tutifruti
tutorial
tuttifrutti
tutututu
tv4ig24743
tvm0eu5eux
tw1l1ght
tweeling
tweenies
tweety01
tweety11
tweety12
tweety123
tweety13
tweety21
tweety22
tweety23
tweetybird
tweetypie
twelve12
twenty20
twentyfive
twentyfour
twentynine
twentyone
twentysix
twentytwo
twierdza
twilight
twilight09
twilight1
twilight101
twilight11
twilight12
twilight123
twilight13
twilight2
twilight4
twilight7
twilightsaga
twinboys
twingirls
twinkie1
twinkies
twinkle1
twinkles
twinkletoes
twinpeaks
twins123
twinturbo
twisted1
twister1
twisters
twiztid1
twizzler
twk0mu1ewx
twogirls
twojastara
txurlfso1
ty123456
ty2t1hv3oc
tygrysek
tygrysek1
tyler101
tyler123
tyler1234
tyler2000
tyler2005
tylerdurden
tylerjames
tyngsboro1234
typecast
typetogether
typewriter
typhoon1
tyr28siz5
tyrabanks
tyson123
tytytyty
tzeentch
u0hgtkt617
u0hgtkt6f17
u1v7hhh7ef
u23456789
u4vid66kqz
u5j68dq0kve
u6dlpo9k8p
u6e6r9hwix
u6kz2lppto
uber1337
ubvyfpbz
ucantcme
ucantseeme
ucguf683oc
uchiha12
uchiha123
uchihasasuke
uchipass
ud9nh4lh3w
udechile
udx12vju3z
ue8xqv84cl
uetian12
ufhhbgjnnth
ufhvjybz
ufkfrnbrf
ug97kn6lfb
ugkcub179j
ugochukwu
uh766ujoad
uhbujhbq
uhfybn8888
uhx8lwp389
uiopuiop
ujerfui8fjkd3
ujhjl312
ujhjlnfywtd
ujiujiuji
uk7860loans
ukflbfnjh
ukflbfnjh12
ukflbfnjh12345
ukflbjkec
ukldi157
ukpr4qtb
ukraine1
ukxda9p35a
ulquiorra
ultimate
ultimate1
ultimatum
ultra123
ultraman
ultraslan
ultrasound
ultraviolet
ulysse31
umbrella
umbrella1
ummagumma
umpalumpa
un4given
unbekannt
unbreakable
uncharted
uncharted3
unclesam
uncr8eiv
undefined
under0ath
under123
undercover
underdog
underdog1
undergroun
underground
underground1
underground2
underhill
underoath
underoath1
underpants
underscore
understand
undertaker
undertaker1
undertaker12
undertaker123
undertow
underwater
underwear
underwood
underworld
underworld1
unfaithful
unforgiven
unicorn1
unicorn123
unicorn2
unicorn7
unicornio
unicorns
unilever
uninter2016
united01
united07
united10
united11
united12
united123
united99
unitedkingdom
unitedstates
univers2l
universal
universal1
universe
universe1
universidad
universitario
university
university1
universo
universum
unknown1
unknown123
unkounko
unleashed
unlimited
unlimited1
unlocked
unlucky13
unodostres
unplugged
unreal12
unreal123
unreal2004
unsecure
untitled
untouchable
unwanted
uoyevoli
uphill12
uprising
upsidedown
upv4r5cl5x
uqa9ebw445
url4ile347
urlacher
urlacher54
urmom123
us7860loans
usa12345
usasf1234
user1234
username
username1
username12
useruser
usharani
usher123
usman123
usmarine
usmarines
usmc0311
usmc1775
ut3wgr58we
utahjazz
uthvfybz
utjvtnhbz
utyyflbq
uuuuuuuu
uv1n5tz869
uverworld
uvgx8f8232
uwaeu5j26e
uxpyuvl581
uyad471thi
uyqlvip773
uyw224yfqc
uzbekistan
uzbjnei451
uzumaki1
uzumaki123
uzumakinaruto
uzumymw1
uzumymw123
v123456*
v1234567
v12345678
v123456789
v1ct0r1a
v1ctoria
v1l2a3d4
v1o2v3a4
v1v2v3v4
v2ceomj397
v3xafy4k3y
v435pelqea
v51nd3kvqo
v616qtqx1o
v61utbg5fx
v8ggxyc132
vacaciones
vacaloca
vacances
vacation
vacation1
vachette
vader123
vader666
vadim123
vadim1996
vadim1998
vadim2000
vaffanculo
vagabond
vagabundo
vagina123
vagina69
vaillant
vaisefuder
vaishali
vaishnavi
vaitomanocu
vakantie
val353nxhc
valdemar
valdivia
valencia
valencia1
valentin
valentin1
valentina
valentina1
valentina123
valentine
valentine1
valentine2
valentines
valentino
valentino1
valentino46
valenzuela
valera123
valeria1
valeria123
valerian
valerie1
valerie123
valerija
valeriya
valhalla
valhalla1
valiente
valkiria
valkyrie
valladolid
vallarta
valleyforge
valparaiso
valverde
vampire1
vampire11
vampire12
vampire123
vampire13
vampire2
vampire3
vampire6
vampire666
vampire7
vampirediaries
vampireknight
vampires
vampires1
vampiros
vanbasten
vancouver
vancouver1
vandamme
vandersar
vandread
vanessa01
vanessa1
vanessa10
vanessa11
vanessa12
vanessa123
vanessa13
vanessa2
vanessa3
vanessa7
vangelis
vanguard
vanhalen
vanhalen1
vanhelsing
vanilla1
vanilla5
vanille1
vannessa
vanpersie
vanquish
vanshika
vanthanh
vanya123
vaporeon
varadero
varanasi
varghese
varshini
varsity1
varun123
vasantha
vasanthi
vasco123
vascodagama
vascorossi
vaseline
vasileva
vasilica
vasilisa
vasya123
vatoloco
vatoslocos
vault101
vauxhall
vauxhall1
vaz21074
vaz21093
vaz21099
vbhjckfdf
vbhjyjdf
vbranqf115
vbulletin
vbvbvbvb
vbw3u1ca9r
vc123456
vct1nx9313
vd9q8t7xfo
vdnqhh887g
vef6g55frz
vegas123
vegasbaby
vegemite
vegeta01
vegeta11
vegeta12
vegeta123
vegeta13
vegeta22
vegeta777
vegetable
vegetables
vegetta777
vehpbkrf
vehvfycr
veilside
velasquez
velazquez
velociraptor
velocity
veluxptfcorp
vencedor
vendetta
vendetta1
vendredi
vendredi13
venezuela
venezuela1
vengeance
vengeance1
vengence
venividivici
venkatesh
venom123
venom666
venomous
ventilador
ventura1
venture1
ventures
venugopal
venus123
ver4594gss45
veracruz
veravera
verbatim
verbatim1
verboten
vercetti
verdammt
vergessen
vergeten
veritas1
veritech
verizon1
verlaine
vermelho
vermilion
vermillion
vermont1
veronica
veronica1
veronica12
veronica2
veronika
veronika1
veronique
versace1
versailles
versatile
version1
vertical
vertigo1
verto00q
very0a159b
verycool
verygood
verynice
verysexy
veterinaria
veverita
vfhbfyyf
vfhbjk1801
vfhbyf123
vfhbyjxrf
vfhecmrf
vfhnbif5
vfhnsirf
vfhufhbnf
vfhvtkfl
vfifvfif
vfitymrf
vfkmdbyf
vflfufcrfh
vfnbkmlf
vfntvfnbrf
vfpfafrf
vfqyrhfan
vfr45tgb
vfrcbv12
vfrcbv123
vfrcbvec
vfrcbvev
vfrcbvjdf
vfrcbvrf
vfrcbvvfrcbv
vfrcpkfnf
vfrcvfrc
vfrfcekmrf
vfrfhjdf
vfrfhjys
vfvekbxrf
vfvektxrf
vfvf1234
vfvf12345
vfvfbgfgf
vfvfgfgf
vfvfgfgfz
vfvfvfvf
vfvfvskfhfve
vfvihss591
vfvjxrf1
vfylfhby
vfylfhbyrf
vgdzyai992
vhkbrk2616
vi009900
viaggiare
vibrator
vicecity
vicecity1
vicente1
vicious1
vicky123
victoire
victor00
victor01
victor10
victor11
victor12
victor123
victor1234
victor13
victor21
victor22
victor99
victorhugo
victoria
victoria01
victoria1
victoria10
victoria11
victoria12
victoria123
victoria13
victoria2
victoria3
victoria7
victorian
victorine
victorio
victorious
victory1
victory123
victory7
vidaloca
vidaloka
vidaloka123
vidanova
video123
videogame
videogames
videoseven
vietcong
vietdung
viethung
vietnam1
vietnam123
vietnamese
vietpride
viewsonic
viewsonic1
vigilante
vijay123
vijaykumar
vika1234
vika1995
vika1996
vika1997
vika1998
vika1999
vika2000
vika2001
vika2002
vika2003
vika2010
vikantaya
vikas123
vikavika
vikavika10
viking11
viking12
viking123
vikings1
vikings11
vikings28
viktor123
viktoria
viktoria1
viktorija
viktoriya
vilanova
villa123
village1
villalobos
villamor
villanova
villanueva
villanueva1
villareal
villarin
villarosa
villarreal
villegas
villeneuve
villevalo
villevalo1
vinay123
vinayaka
vince123
vincecarter
vincent1
vincent11
vincent12
vincent123
vincent13
vincent2
vincent5
vincent7
vincenza
vincenzo
vindaloo
vindicated
vindiesel
vineyard
vini1234
vinicius
vinicius123
vinny123
vinod123
vinograd
vintage1
violaine
violator
violence
violentj
violet12
violet123
violeta1
violetta
violette
viper007
viper123
viper666
vipergts
vipersrt10
viphv5j736
vipvipvip
virendra
virgilio
virginia
virginia1
virginie
virginity
virgo123
viridiana
virtual1
virus123
visaothe
vishakha
vishal123
vishnu123
vision123
visionary
vista123
visualbasic
vitalik1
vitalik666
vitalina
vitality
vitamin1
vitamina
vitaminc
vitamine
vitamins
vitinho123
vitor123
vitoria123
vittoria
vittorio
vivalabam
vivalafiga
vivalavida
vivaviva
vivek123
vivian123
viviana1
vivienne
vivitron
vjhjpjdf
vjhrjdrf
vjqgfhjkm
vjzctvmz
vk_vk_777
vkontakte
vlad1234
vlad12345
vlad123456
vlad1994
vlad1995
vlad1996
vlad1997
vlad1998
vlad1999
vlad2000
vlad2001
vlad2002
vlad2003
vlad2004
vlad2005
vlad2010
vlad2012
vladik123
vladimir
vladimir1
vladislav
vladivostok
vladvlad
vliegtuig
vmax1200
vocaloid
vodafone
vodafone1
vodka123
voetbal1
voetbal12
voetbal123
voetballen
voitures
vojykgi959
volcano1
volcom11
volcom12
volcom123
voldemort
voldemort1
volgograd
volkan123
volkodav
volkswagen
volkswagen1
volkswagon
volleyball
volleyball1
vollmilch
vollmond
volonter
voltage1
voltaire
voltron1
volume123
volunteer
volution
volvo123
volvo240
volvo440
volvo740
volvo850
volvo940
volvofh12
volvos40
volvos60
volvos80
volvov40
volvov70
volvoxc90
vondutch
vonnegut
voodoo123
voodoo22
vothien110791
vova123123
vova1234
vova12345
vova1996
vova1997
vova1998
vova1999
vova2000
vova2001
vova2002
vovavova
vovochka
voyage1234
voyager1
voyager2
vqsablpzla
vqz6qyo294
vragsav579
vrienden
vsevolod
vsjasnel12
vthctltc
vthctltcs600
vtuf36jhufpv
vtufgjkbc
vukwhyk316
vulnerable
vungoimora
vuurwerk
vv123456
vvb425pbje
vvip-maker
vvvvvvvv
vvvvvvvvvv
vwbeetle
vwpassat
vx9b5qu8ev
vxto443yet
vyjujnjxbt
vzh7b1pe7x
w00tw00t
w05043883
w0rdpass
w0rds123
w1234567
w12345678
w123456789
w123456789w
w123456w
w19870215x
w19gftb1of
w1d4lhk9su
w1ll1ams
w1w2w3w4
w1w2w3w4w5
w2dlww3v5p
w2e3r4t5
w2sqt6vy5s
w2w2w2w2
w3e4r5t6
w4rcr4ft
w5201314
w5lichd722
w5tn36alfw
w6mfuyf167
w7hc36b452
w7wr8qj2hv
w810w810
w91bybjq6h
wa123456
wachtwoord
wachtwoord1
waffenss
waffles1
waffles123
wagamama
waheguru
waheguru1
waheguruji
wakaranai
wakawaka
wakeboard
wakeboard1
wakefield
wakuwaku
walalang
walawala
waldemar
waldo123
wales123
walhalla
walik007
walkabout
walker01
walker11
walker12
walker123
walkers1
walkman1
wallace1
wallace123
wallace2
wallawalla
walleye1
wallflower
wallhack
wallpaper
wallpaper1
wallstreet
wally123
walmart1
waltdisney
walter01
walter11
walter12
walter123
walter34
waltraud
wanda123
wanderer
wanderers
wanderlust
wang0420
wang0516
wang1234
wang123456
wangchao
wangchen
wangdong
wangfeng
wanggang
wanghuan
wangjian
wangjing
wangjiusi123456
wangliang
wangmeng
wangpeng
wangqiang
wangshuai
wangwang
wangwang2013
wangyang
wangyut2
wanker123
wanker69
wankers1
wannabe1
wannadupe
wanrltw1
wanted12
wanted123
waqas123
warawara
warchild
warcraft
warcraft1
warcraft11
warcraft12
warcraft123
warcraft13
warcraft2
warcraft3
warcraft4
warcraft5
warcraft7
wardrobe
wareagle
wareagle1
warehouse
warewolf
warface123
warfare2
warfreak
wargames
wargreymon
warhamer
warhammer
warhammer1
warhammer123
warhammer4
warhammer40
warhammer40000
warhammer40k
warhawk1
warlock1
warlock123
warlord1
warlord123
warlords
warmachine
warmaster
warning1
warpten1
warranty
warren123
warrington
warrior1
warrior11
warrior12
warrior123
warrior13
warrior2
warrior3
warrior5
warrior7
warriors
warriors1
warrock1
warrock123
warsteiner
warszawa
warszawa1
wartburg
warthog1
warwarwar
warwick1
wasd1234
wasd12345
wasd123456
wasdwasd
wasdwasd1
wasdwasd123
wasgeht1
wasgehtab
washburn
washburn1
washington
washington1
wasiryear0721
wasser11
wasser12
wasser123
wasserfall
wassermann
wasteland
wasureta
waswas12
waswaswas
watanabe
watashiwa
watchdog
watching
watchman
watchmen
watchout
watchtower
water123
water1234
waterart
waterbed
waterbottle
waterboy
waterboy1
waterdog
waterdragon
waterfall
waterfall1
waterfalls
waterford
waterfront
watergate
waterh2o
waterlily
waterloo
waterloo1
waterman
waterman1
watermelon
watermelon1
watermelon123
waterpolo
waterpolo1
waterski
waterwater
waterworld
watever1
watford1
watkins1
wavemaster
waverley
wawawawa
way2cool
waylander
wayne123
waynerooney
wb9t7jf9fe
wcdd93h9pq
wcfa2010
wcoffmvp
wcq4jbi457
wd39jh4bfr
wdjxqa1249
wdtnjxtr
we123456
weakling
weaklings
weakness
weakweak
wealthy1
weare138
weareone
weather1
web123456
webcam123
webdesign
webhompass
webhost1
webhost123
webkinz1
webkinz123
weblogic
webmaster
webmaster1
webmaster123
weborder
website1
webster1
webster7
webster78
websters
wedding1
wedding65
weddings
wednesday
wednesday1
wednesday13
weed1234
weed4life
weedhead
weedman1
weedman420
weedweed
weekend1
weetabix
weetikniet
weetikveel
weg63tt243
wei123456
weightloss
weihnachten
weishenme
weiwei520
welcome0
welcome01
welcome1
welcome1!
welcome10
welcome11
welcome12
welcome123
welcome1234
welcome12345
welcome2
welcome3
welcome4
welcome5
welcome7
welcome8
welcome9
welcome99
welcomehome
welcomes
welkom01
welkom123
wellcome
welldone
wellington
wellness
wellwell
weloveyou
wendell1
wendy123
wenef45313
wengweng
wensil1066
wentworth
wentworthmiller
wenyin09
wenyin12
wer11111
wer12345
wer123456
werder12
werder123
werderbremen
werewere
werewolf
werewolf1
werilopert
werner123
weronika
weronika1
wert1234
wert12345
wert3456
werthvfy
wertwert
wertwert1
werty123
werty1234
werty12345
wertyuio
wertyuiop
wertywerty
wertz123
wertzuiop
werwer123
werwerwer
wesley10
wesley12
wesley123
west1234
westbrom
westbrom1
westbrook
westbury
westcoast
westcoast1
western1
westfield
westgate
westham1
westham123
westlake
westland
westlife
westlife1
westminster
westpoint
westport
westside
westside1
westside12
westside13
westtransline
westview
westwest
westwind
westwing
westwood
westwood1
wethepeople
wetpussy
wetwilly
wewewewe
weymouth
wfstas12
wfusdfcf
wg8e3wjf
wgn529138165
wh123456
wh4t3v3r
wh58wg4fxi
what1234
what3v3r
whatever
whatever1
whatever11
whatever12
whatever123
whatever13
whatever2
whatever3
whatever4
whatever5
whatever69
whatever7
whatisit
whatislove
whatisthis
whatisup
whatitdo
whatpassword
whatsup1
whatthe1
whatthefuc
whatthefuck
whatthehell
whatwhat
whatwhat1
wheelchair
wheeler1
whiplash
whirlwind
whiskers
whiskers1
whiskey1
whisper1
whispers
whistler
whistler1
whitaker
white123
whiteangel
whiteboy
whiteboy1
whitecat
whitedog
whitedove
whitedragon
whitefang
whitefox
whitehead
whitehorse
whitehouse
whiteknight
whitelion
whiteman
whiteout
whitepower
whiterabbit
whiterose
whiteshock8
whitesnake
whitesox
whitesox1
whitestar
whitetail
whitetiger
whitewater
whitewidow
whitewolf
whitewolf1
whitney1
whittier
whoareyou
whocare2705
whocares
whocares1
whoknows
wholefoo
wholesale
whoopass
whosyourdaddy
whyme123
whynotme
whysoserious
whywhywhy
wicked12
wicked123
wicked13
wicked69
widescreen
widespread
widzew1910
wiedzmin
wiesbaden
wiggles1
wikiko888
wikinger
wikipedia
wikiwiki
wiktor123
wiktoria
wiktoria1
wildarms
wildbill
wildcard
wildcat1
wildcats
wildcats1
wildchild
wilderness
wildfire
wildfire1
wildflower
wildhorses
wildlife
wildman1
wildones
wildrose
wildside
wildthing
wildwest
wildwolf
wildwood
wilfredo
wilfried
wilkinson
will1234
willard1
willi123
william0
william01
william05
william06
william07
william08
william09
william1
william10
william11
william12
william123
william13
william14
william15
william16
william17
william2
william21
william22
william23
william24
william3
william4
william5
william6
william69
william7
william8
william88
william9
william97
william98
william99
williams
williams1
williams12
williams123
williams2
williamsburg
williamson
willie11
willie12
willie123
willkommen
willoughby
willow01
willow10
willow11
willow12
willow123
willow13
willow99
willowtree
willpower
willsmith
willwill
willy123
willywonka
wilmington
wilshire
wilson01
wilson10
wilson11
wilson12
wilson123
wilson22
wilson23
wilsonws123
wimbledon
winchester
windmill
windmill1
window12
window123
windows1
windows11
windows12
windows123
windows2
windows2000
windows7
windows8
windows9
windows95
windows98
windowslive
windowsvista
windowsxp
windowsxp1
windsong
windsor1
windstar
windsurf
windwaker
windwind
winfield
winfixer
wingchun
wingman1
wingnut1
wingtsun
wingwing
wingzer0
wingzero
wingzero1
winifred
winner01
winner11
winner12
winner123
winners1
winnetou
winnie01
winnie11
winnie12
winnie123
winniepooh
winniethepooh
winnipeg
winnipeg2612
winspiro
winston1
winston12
winston123
winston2
winter00
winter01
winter02
winter04
winter05
winter06
winter07
winter08
winter09
winter10
winter11
winter12
winter123
winter13
winter15
winter2010
winter21
winter22
winter45
winter77
winter98
winter99
winterfresh
wintermute
winthrop
winwinwin
winxclub
wipro123
wireless
wireless1
wisconsin
wisconsin1
wisdom123
wishbone
wishbone1
wishmaster
wisla1906
wisteria
witchblade
witchcraft
withlove
withoutu
witspass1234
wizard01
wizard101
wizard11
wizard12
wizard123
wizard13
wizardofoz
wizardry
wizards1
wizkhalifa
wj123456
wj7i5nwj3u
wladimir
wn5n74xlqb
wo123456
woailaopo
woaimama
woaini11
woaini110
woaini12
woaini123
woaini1314
woaini520
woaini521
woaini88
woainima
woaiwojia
woaiwoziji
wobuzhidao
wocao123
wocao5201314
wocaonima
wocaonima1
wocaonima123
wodemima
wojiushiwo
wojownik
wojtek12
wojtek123
wokao123
wokaonima
wolf1234
wolf9653
wolfbane
wolfenstein
wolfgang
wolfgang1
wolfgirl
wolfhound
wolfman1
wolfpack
wolfpack1
wolfsburg
wolfsrain
wolfteam
wolfwolf
wolfwood
wolverin
wolverine
wolverine1
wolverine2
wolverines
wolves01
wolves11
wolves12
wolves123
womanizer
women123
womendeai
wonder123
wonderboy
wonderful
wonderful1
wonderfull
wondergirl
wonderland
wonderland1
wonderpolls
wonderwall
wonderwoma
wonderwoman
woodbine
woodbridge
woodbury
woodchuck
woodcock
woodduck
woodford
woodhouse
woodland
woodlands
woodlawn
woodpecker
woodrow1
woodruff
woodside
woodstock
woodstock1
woodward
woodwind
woodwood
woodwork
woody123
woofwoof
woofwoof1
woopwoop
wootwoot
woozworld
worcester
wordlife
wordlife1
wordpass
wordpass1
wordpass123
worinima
work1234
workhard
working1
workout1
workshop
worksucks
workwork
world123
worldcup
worldoftanks
worldofwarcraft
worldofwarcraft1
worldpeace
worldwar
worldwar2
worldwar3
worldwide
wormhole
wormwood
worship1
worthless
woshi123
woshiniba
woshinidie
woshinima
woshiren
woshishei
woshishen
woshishui
woshitiancai
woshiyazi
woshizhu
wow12345
wow123456
wow4ever
wow4life
wowwowwow
woxiangni
woxihuanni
wozhiaini
wpcakir264
wpf6cmw222
wq123456
wqer1314
wrangler
wrangler1
wrapping
wrd28giz1p
wrestle1
wrestlemania
wrestler
wrestler1
wrestlin
wrestling
wrestling1
wrigley1
wrinkle1
wrinkles
wrk93t8azl
wrwff212uu
ws123456
wsad1234
wsadwsad
wsbe279qsg
wsx123456
wsxedcrfv
wsydcig761
wtpmjgda
wu123456
wuii3344
wulandari
wumeiyun123
wunderbar
wuppertal
wurstbrot
wutang36
wutangclan
wuyuancc1
wv32ltue5c
ww123456
ww1ww2ww3
ww6082516
wwe12345
wwe4life
wweraw123
wwerocks
wwewwewwe
wwjdwwjd
wwjjy7890
www12345
www123456
www123www
wwwooo1234
wwww1111
wwww1234
wwwwwww1
wwwwwwww
wwwwwwwww
wwwwwwwwww
wxcvbn123
wy1000000
wy123456
wyatt123
wybe4591
wyoming1
wyq28giz1p
wyw28giz1o
wz362308
wzf2sme498
wzwl123456
x1234567
x12345678
x123456789
x123456x
x15piq8snj
x15piw8snj
x1x2x3x4
x1x2x3x4x5
x3mxxxwwwe
x4ivyga51f
x50862356
x60zay0468
x657glowyz
x72jhhu3za
x7k9zx3jwt
x7oj5q2fvp
x870624x
x99qomx561
xaccess2
xaoyin78
xavier01
xavier11
xavier12
xavier123
xavier23
xbox1234
xbox3600
xbox3601
xbox360iso
xboxlive
xboxlive1
xboxrules
xboxxbox
xbwioad866
xc63ax1eww
xcalibur
xcountry
xd123456
xdf65b6666
xdl65b6666
xdqwerty
xdxdxdxd
xenocide
xenogear
xenogears
xenomorph
xenosaga
xexeylhf
xfpj9f44ln
xgl7vw5j5c
xhh787qpcd
xhl65b6666
xi4n73nqap
xi8ryh8u7a
xiang123456
xiaodong
xiaofeng
xiaojian
xiaojing
xiaojing123
xiaolong
xiaomi11
xiaoming
xiaoqiang
xiaotian
xiaoxiao
xiaoyang
xiaoyua123
xihuanni
xin123456
xingxing
xivg9ow11y
xj123456
xj4jaxee
xl6w86wnbs
xlf65b6666
xmf65b6666
xmrsd30306
xmsemcn123
xn733lscdb
xnn13599
xnn9g4hy6b
xoxoxoxo
xpeygeh934
xpressmusic
xqh85u6jaz
xqyd2uh935
xrmblyurl9
xrum1348
xs9x7l4hpg
xsazjft949
xsjbo7p383
xsw21qaz
xsw23edc
xsw2zaq1
xt97794xt
xthtgfirf
xtkjdtrgfer
xtr86tzg2v
xtreme123
xtseo2011tdx
xu123456
xuanxuan
xx123456
xxkk01234
xxx-xxx-xxxx
xxx111xxx
xxx12345
xxx123456
xxx123xxx
xxxg00w0
xxxholic
xxxx1111
xxxx1234
xxxxxxx1
xxxxxxxx
xxxxxxxxx
xxxxxxxxxx
xxxxxxxxxxxx
xxxxxxxxxxxxxxxxxxxxxxxxxxxxxx
xy151500
xyw2o7neg1
xyxy159753
xyz12345
xyz123456
xzsawq21
y1234567
y123456789
y23456789
y57e4lukgh
y57gjng4gh
y6p67ftrqj
y6t5r4e3w2q1
y7u8i9o0
y9i7l2bggx
ya0304nn
yaalimadad
yadayada
yahoo.com
yahoo100
yahoo123
yahoo1234
yahoocom
yahoomail
yahooyahoo
yajamee99
yakiniku
yakisoba
yakitori
yakusoku
yamagata
yamaguchi
yamaha01
yamaha11
yamaha12
yamaha123
yamaha125
yamaha22
yamaha250
yamaha46
yamahar1
yamahar6
yamakasi
yamakawa
yamamoto
yamanaka
yamasaki
yamashita
yamasita
yamayama
yamazaki
yamiyugi
yan0108s
yan123456
yanayana
yang123456
yangguang6
yangjian
yangyang
yankee13
yankee23
yankees02
yankees09
yankees1
yankees11
yankees12
yankees123
yankees13
yankees2
yankees21
yankees22
yankees23
yankees24
yankees26
yankees27
yankees3
yankees4
yankees5
yankees7
yannick1
yanochka
yaoilover
yaorqw12334
yaq12wsx
yaq1xsw2
yarakasita
yaroslav
yartue22
yasin123
yasmin12
yasmin123
yasmine1
yasuhiro
yasunori
yasuyasu
yasuyuki
yawdjof117
yayayaya
ybg31owv1y
ybnkoia569
ybrbnf123
ybrjkftdbx
ycei62p395
yd3qj8ss
yeahbaby
yeahbuddy
yeahright
yeahyeah
yeahyeah1
year2000
year2009
year2010
yearbook
yellow00
yellow01
yellow02
yellow10
yellow11
yellow12
yellow123
yellow13
yellow14
yellow15
yellow20
yellow21
yellow22
yellow23
yellow24
yellow25
yellow33
yellow45
yellow55
yellow66
yellow69
yellow77
yellow88
yellow99
yellowbird
yellowcard
yellowdog
yellowrose
yellowstone
yes123456
yes56yes
yes90125
yesenia1
yesplease
yessenia
yesterday
yesterday1
yeswecan
yesyesyes
yeu1nguoi
yeuemmai
yeuemnhieu
yf5ff0q7
yfcntymrf
yfcntyrf
yfcnz123
yfcnz663
yfcnzyfcnz
yfdbufnjh
yfdbufnjh10305070
yfdbufnjh63
yfgjktjy
yfltymrf
yfnfitymrf
yggdrasil
yh3hnr4869
yi42wyq7wc
yijeong1
yildirim
yingyang
yingyang1
yingying
yinyang1
yj123456
yjdbrjdf
yjdsqgfhjkm
yjdsqujl
yjwfn73j
yk66o2kzpz
ykvpoia569
yldahaore12
yli55nh1ny
ynb7o2v1pf
yo12cjf6vc
yoda1234
yodayoda
yogayoga
yogibear
yogibear1
yogyakarta
yokohama
yokohama0
yokoyama
yokoyoko
yolanda1
yolo1234
yoloswag
yoloyolo
yomama12
yomama123
yomamma1
yomomma1
yonathan
yondaime
yongyong
yorkshire
yorkshire1
yorktown
yorosiku
yosemite
yoshi123
yoshiaki
yoshihiro
yoshimitsu
yoshimura
youaifa569
youandme
youandme1
youaregay
youaremine
youbye123
youcantseeme
youdontknow
youjean1
youknow1
youknowit
youkofa569
youloveme
young123
youngblood
youngbuck
youngman
youngmoney
youngone
yourface
yourgay1
yourlove
yourmama
yourmama1
yourmine
yourmom1
yourmom12
yourmom123
yourmom2
yourmom69
yourmomma
yourmother
yourmum1
yourname
yourself
yourwork
yousmell
youssef123
yousuck1
yousuck123
yousuck2
youtube1
youtube12
youtube123
youtube2
youtuber
youyouyou
yoyo1234
yoyoyo12
yoyoyo123
yoyoyoyo
yozgat66
ypfu2vl856
yqpfrn9652
ysabelle
yskj33333
ytngfhjkz
ytrewq12
ytrewq123
ytrewq321
ytrhjvfyn
ytyfdbcnm
yu-gi-oh
yu123456
yuantuo2012
yuantuo2013
yuanyuan
yugioh11
yugioh12
yugioh123
yugioh5ds
yugiohgx
yukayuka
yukichan
yukihiro
yukikaze
yukimura
yukiyuki
yumiyumi
yummy123
yunalesca
yunus123
yunus12345
yunusemre
yurayura
yuriyuri
yusuf123
yuyuhakusho
yuyuyuyu
yv3bcdaq
yx12345678
yxcvbnm1
yxcvbnm123
yy123456
yygjmy1984
yygjmy333
yyyyyyyy
yyyyyyyyyy
yyz59gtp100
yzeglll756
yzerman19
z000000z
z0102030405
z123123z
z1234567
z12345678
z123456789
z1234567890
z123456z
z123z123
z1hb4sn7wg
z1v5x2x2
z1x1c1v1
z1x2c3v4
z1x2c3v4b5
z1x2c3v4b5n6
z1x2c3v4b5n6m7
z1z1z1z1
z1z2z3z4
z1z2z3z4z5
z21xywkg3i
z2345678
z23456781
z2684615z
z28camaro
z5201314
z54hk6eudi
z7895123
za12345123
za123456
za123456789
zabimaru
zacarias
zacatecas
zaccaria
zacefron
zacefron1
zach1234
zachariah
zacharie
zachary01
zachary1
zachary11
zachary12
zachary123
zachary2
zachary3
zachary5
zachary7
zachery1
zack1234
zackary1
zackzack
zag12wsx
zaharova
zakkanet0000
zakopane
zalgiris
zamboanga
zamorano
zanarkand
zangetsu
zangetsu1
zanzibar
zapatero
zaphod42
zappa123
zappos123
zaq!2wsx
zaq1!qaz
zaq11qaz
zaq12345
zaq123456
zaq123edc
zaq123wsx
zaq12wsx
zaq12wsxcde3
zaq1@wsx
zaq1xsw2
zaq1xsw2cde3
zaq1zaq!
zaq1zaq1
zaqwedcxs
zaqwerty
zaqwsx12
zaqwsx123
zaqwsxcde
zaqwsxcde123
zaqwsxcderfv
zaqxsw12
zaqxsw123
zaqxswcde
zaqxswcde1
zaqxswcde123
zaqxswcdevfr
zaqzaqzaq
zaragoza
zarathustra
zaratustra
zarazara
zasada111
zasdf2468
zasranec
zaubermaus
zaxscdvf
zaxscdvfbg
zaynmalik
zaza123123
zaza1234
zazazaza
zb5v5o8scv
zbyszek1
zc123456
zcxfcnkbdf
zebra123
zee9zee9
zegikniet
zeitgeist
zelda123
zeldalink
zeldas12
zenitram
zeppelin
zeppelin1
zeqxpafvt
zer0c00l
zergling
zero0000
zero1234
zerocool
zerocool1
zerohour
zeroordie
zerozero
zeus1234
zeuszeus
zgmfx10a
zgmfx20a
zh123456
zh41aod44
zh8o9ly3gi
zhang123
zhang123456
zhang520
zhangbin
zhangchao
zhangfan
zhanghan
zhanghao
zhanghui
zhangjian
zhangjie
zhangjing
zhangjun
zhangkai
zhanglei
zhangliang
zhanglin
zhangpeng
zhangqiang
zhangtao
zhangwei
zhangxin
zhangyan
zhangyang
zhangying
zhendeaini
zheng123
zheng2191015
zheng2568
zhengwei
zhenyu2012
zhimakaimen
zhixing5784
zhjckfdf
zhongguo
zhou123456
zhou1980
zhoujing
zhu123456
zhuzhu123
zidane10
zidane123
ziemniak
zigazaga
ziggy123
zildjian
zildjian1
zimbabwe
zimbabwe1
zimmer483
zimmerman
zimmermann
zinedine
zinfandel
ziomal12
ziomal123
ziomalek
ziomek12
ziomek123
zippo123
zippy123
ziruuff99
zj123456
zk123456
zl123456
zlldd986
zmalqp10
zmx870919123
zoey1234
zoidberg
zoidffq816
zombie11
zombie12
zombie123
zombie13
zombie666
zombie69
zombies1
zonguldak
zonguldak67
zoolander
zoom1234
zoom12345
zoomzoom
zooyork1
zorky8356
zorro123
zpyhcqp464
zqzg51t2lz
zrszd9p238
zsajpx9211
zse45rdx
zse45tgb
zse4xdr5
zsoltika
zsuzsa72
zsvtufv911
zsxdcfvg
zt2z6i9vtt
zucchero
zuzanna1
zvjmhgc355
zw123456
zw1kf07412
zwilling
zwillinge
zwjbvhy184
zx123123
zx123456
zx123456789
zx12cv34
zx12zx12
zxasqw12
zxasqw123
zxc123123
zxc123321
zxc12345
zxc123456
zxc123456789
zxc123asd
zxc123asd456
zxc123vbn
zxc123zxc
zxc123zxc123
zxc3325qtr
zxcasd12
zxcasd123
zxcasdqwe
zxcasdqwe1
zxcasdqwe123
zxccxz123
zxcdsaqwe
zxcdsaqwe321
zxcqwe123
zxcv0987
zxcv1234
zxcv12345
zxcv123456
zxcv4321
zxcvasdf
zxcvasdfqwer
zxcvb123
zxcvb1234
zxcvb12345
zxcvbasdfg
zxcvbbvcxz
zxcvbn11
zxcvbn12
zxcvbn123
zxcvbn123456
zxcvbnm,
zxcvbnm,.
zxcvbnm,./
zxcvbnm.
zxcvbnm0
zxcvbnm00
zxcvbnm1
zxcvbnm11
zxcvbnm111
zxcvbnm12
zxcvbnm123
zxcvbnm1234
zxcvbnm12345
zxcvbnm123456
zxcvbnm1234567
zxcvbnm123456789
zxcvbnm2
zxcvbnm321
zxcvbnm7
zxcvbnm8
zxcvbnm9
zxcvbnma
zxcvbnmas
zxcvbnmasd
zxcvbnmasdfghjkl
zxcvbnmk
zxcvbnml
zxcvbnmm
zxcvbnmmnbvcxz
zxcvbnmz
zxcvbnmzxcvbnm
zxcvbnzxcvbn
zxcvbzxcvb
zxcvfdsa
zxcvvcxz
zxcvzxcv
zxczxc12
zxczxc123
zxczxczxc
zxsaqw21
zxx25sys9x
zxzxzxzx
zy123456
zy5240733
zz123123
zz123456
zz123456z
zz8807zpl
zzaaqq11
zzs000000
zzxxccvv
zzz12345
zzz123456
zzzxxxccc
zzzz1111
zzzz1234
zzzzxxxx
zzzzzzz1
zzzzzzzz
zzzzzzzzz
zzzzzzzzzz
